INFO - 2024-08-29 00:52:02 --> Session: Class initialized using 'CodeIgniter\Session\Handlers\FileHandler' driver.
INFO - 2024-08-29 00:52:04 --> Session: Class initialized using 'CodeIgniter\Session\Handlers\FileHandler' driver.
INFO - 2024-08-29 00:52:38 --> Session: Class initialized using 'CodeIgniter\Session\Handlers\FileHandler' driver.
WARNING - 2024-08-29 00:52:39 --> [DEPRECATED] Creation of dynamic property App\Controllers\Data::$dataModel is deprecated in APPPATH\Controllers\Data.php on line 22.
 1 SYSTEMPATH\CodeIgniter.php(903): App\Controllers\Data->__construct()
 2 SYSTEMPATH\CodeIgniter.php(500): CodeIgniter\CodeIgniter->createController()
 3 SYSTEMPATH\CodeIgniter.php(355): CodeIgniter\CodeIgniter->handleRequest(null, Object(Config\Cache), false)
 4 SYSTEMPATH\Boot.php(312): CodeIgniter\CodeIgniter->run()
 5 SYSTEMPATH\Boot.php(67): CodeIgniter\Boot::runCodeIgniter(Object(CodeIgniter\CodeIgniter))
 6 FCPATH\index.php(56): CodeIgniter\Boot::bootWeb(Object(Config\Paths))
 7 SYSTEMPATH\Commands\Server\rewrite.php(49): require_once('C:\\xampp\\htdocs\\prospera\\public\\index.php')
WARNING - 2024-08-29 00:52:39 --> [DEPRECATED] Creation of dynamic property App\Controllers\Data::$desaModel is deprecated in APPPATH\Controllers\Data.php on line 23.
 1 SYSTEMPATH\CodeIgniter.php(903): App\Controllers\Data->__construct()
 2 SYSTEMPATH\CodeIgniter.php(500): CodeIgniter\CodeIgniter->createController()
 3 SYSTEMPATH\CodeIgniter.php(355): CodeIgniter\CodeIgniter->handleRequest(null, Object(Config\Cache), false)
 4 SYSTEMPATH\Boot.php(312): CodeIgniter\CodeIgniter->run()
 5 SYSTEMPATH\Boot.php(67): CodeIgniter\Boot::runCodeIgniter(Object(CodeIgniter\CodeIgniter))
 6 FCPATH\index.php(56): CodeIgniter\Boot::bootWeb(Object(Config\Paths))
 7 SYSTEMPATH\Commands\Server\rewrite.php(49): require_once('C:\\xampp\\htdocs\\prospera\\public\\index.php')
WARNING - 2024-08-29 00:52:39 --> [DEPRECATED] Creation of dynamic property App\Controllers\Data::$kecamatanModel is deprecated in APPPATH\Controllers\Data.php on line 24.
 1 SYSTEMPATH\CodeIgniter.php(903): App\Controllers\Data->__construct()
 2 SYSTEMPATH\CodeIgniter.php(500): CodeIgniter\CodeIgniter->createController()
 3 SYSTEMPATH\CodeIgniter.php(355): CodeIgniter\CodeIgniter->handleRequest(null, Object(Config\Cache), false)
 4 SYSTEMPATH\Boot.php(312): CodeIgniter\CodeIgniter->run()
 5 SYSTEMPATH\Boot.php(67): CodeIgniter\Boot::runCodeIgniter(Object(CodeIgniter\CodeIgniter))
 6 FCPATH\index.php(56): CodeIgniter\Boot::bootWeb(Object(Config\Paths))
 7 SYSTEMPATH\Commands\Server\rewrite.php(49): require_once('C:\\xampp\\htdocs\\prospera\\public\\index.php')
WARNING - 2024-08-29 00:52:39 --> [DEPRECATED] Creation of dynamic property App\Controllers\Data::$quesModel is deprecated in APPPATH\Controllers\Data.php on line 25.
 1 SYSTEMPATH\CodeIgniter.php(903): App\Controllers\Data->__construct()
 2 SYSTEMPATH\CodeIgniter.php(500): CodeIgniter\CodeIgniter->createController()
 3 SYSTEMPATH\CodeIgniter.php(355): CodeIgniter\CodeIgniter->handleRequest(null, Object(Config\Cache), false)
 4 SYSTEMPATH\Boot.php(312): CodeIgniter\CodeIgniter->run()
 5 SYSTEMPATH\Boot.php(67): CodeIgniter\Boot::runCodeIgniter(Object(CodeIgniter\CodeIgniter))
 6 FCPATH\index.php(56): CodeIgniter\Boot::bootWeb(Object(Config\Paths))
 7 SYSTEMPATH\Commands\Server\rewrite.php(49): require_once('C:\\xampp\\htdocs\\prospera\\public\\index.php')
WARNING - 2024-08-29 00:52:39 --> [DEPRECATED] Creation of dynamic property App\Controllers\Data::$slsModel is deprecated in APPPATH\Controllers\Data.php on line 26.
 1 SYSTEMPATH\CodeIgniter.php(903): App\Controllers\Data->__construct()
 2 SYSTEMPATH\CodeIgniter.php(500): CodeIgniter\CodeIgniter->createController()
 3 SYSTEMPATH\CodeIgniter.php(355): CodeIgniter\CodeIgniter->handleRequest(null, Object(Config\Cache), false)
 4 SYSTEMPATH\Boot.php(312): CodeIgniter\CodeIgniter->run()
 5 SYSTEMPATH\Boot.php(67): CodeIgniter\Boot::runCodeIgniter(Object(CodeIgniter\CodeIgniter))
 6 FCPATH\index.php(56): CodeIgniter\Boot::bootWeb(Object(Config\Paths))
 7 SYSTEMPATH\Commands\Server\rewrite.php(49): require_once('C:\\xampp\\htdocs\\prospera\\public\\index.php')
WARNING - 2024-08-29 00:52:39 --> [DEPRECATED] Creation of dynamic property App\Controllers\Data::$uri is deprecated in APPPATH\Controllers\Data.php on line 27.
 1 SYSTEMPATH\CodeIgniter.php(903): App\Controllers\Data->__construct()
 2 SYSTEMPATH\CodeIgniter.php(500): CodeIgniter\CodeIgniter->createController()
 3 SYSTEMPATH\CodeIgniter.php(355): CodeIgniter\CodeIgniter->handleRequest(null, Object(Config\Cache), false)
 4 SYSTEMPATH\Boot.php(312): CodeIgniter\CodeIgniter->run()
 5 SYSTEMPATH\Boot.php(67): CodeIgniter\Boot::runCodeIgniter(Object(CodeIgniter\CodeIgniter))
 6 FCPATH\index.php(56): CodeIgniter\Boot::bootWeb(Object(Config\Paths))
 7 SYSTEMPATH\Commands\Server\rewrite.php(49): require_once('C:\\xampp\\htdocs\\prospera\\public\\index.php')
INFO - 2024-08-29 00:52:39 --> Session: Class initialized using 'CodeIgniter\Session\Handlers\FileHandler' driver.
WARNING - 2024-08-29 00:52:42 --> [DEPRECATED] trim(): Passing null to parameter #1 ($string) of type string is deprecated in APPPATH\Controllers\Metadata.php on line 21.
 1 APPPATH\Controllers\Metadata.php(21): trim(null)
 2 SYSTEMPATH\CodeIgniter.php(933): App\Controllers\Metadata->index()
 3 SYSTEMPATH\CodeIgniter.php(509): CodeIgniter\CodeIgniter->runController(Object(App\Controllers\Metadata))
 4 SYSTEMPATH\CodeIgniter.php(355): CodeIgniter\CodeIgniter->handleRequest(null, Object(Config\Cache), false)
 5 SYSTEMPATH\Boot.php(312): CodeIgniter\CodeIgniter->run()
 6 SYSTEMPATH\Boot.php(67): CodeIgniter\Boot::runCodeIgniter(Object(CodeIgniter\CodeIgniter))
 7 FCPATH\index.php(56): CodeIgniter\Boot::bootWeb(Object(Config\Paths))
 8 SYSTEMPATH\Commands\Server\rewrite.php(49): require_once('C:\\xampp\\htdocs\\prospera\\public\\index.php')
INFO - 2024-08-29 00:52:42 --> Session: Class initialized using 'CodeIgniter\Session\Handlers\FileHandler' driver.
WARNING - 2024-08-29 00:53:49 --> [DEPRECATED] trim(): Passing null to parameter #1 ($string) of type string is deprecated in APPPATH\Controllers\Metadata.php on line 21.
 1 APPPATH\Controllers\Metadata.php(21): trim(null)
 2 SYSTEMPATH\CodeIgniter.php(933): App\Controllers\Metadata->index()
 3 SYSTEMPATH\CodeIgniter.php(509): CodeIgniter\CodeIgniter->runController(Object(App\Controllers\Metadata))
 4 SYSTEMPATH\CodeIgniter.php(355): CodeIgniter\CodeIgniter->handleRequest(null, Object(Config\Cache), false)
 5 SYSTEMPATH\Boot.php(312): CodeIgniter\CodeIgniter->run()
 6 SYSTEMPATH\Boot.php(67): CodeIgniter\Boot::runCodeIgniter(Object(CodeIgniter\CodeIgniter))
 7 FCPATH\index.php(56): CodeIgniter\Boot::bootWeb(Object(Config\Paths))
 8 SYSTEMPATH\Commands\Server\rewrite.php(49): require_once('C:\\xampp\\htdocs\\prospera\\public\\index.php')
INFO - 2024-08-29 00:53:49 --> Session: Class initialized using 'CodeIgniter\Session\Handlers\FileHandler' driver.
WARNING - 2024-08-29 01:02:43 --> [DEPRECATED] trim(): Passing null to parameter #1 ($string) of type string is deprecated in APPPATH\Controllers\Metadata.php on line 21.
 1 APPPATH\Controllers\Metadata.php(21): trim(null)
 2 SYSTEMPATH\CodeIgniter.php(933): App\Controllers\Metadata->index()
 3 SYSTEMPATH\CodeIgniter.php(509): CodeIgniter\CodeIgniter->runController(Object(App\Controllers\Metadata))
 4 SYSTEMPATH\CodeIgniter.php(355): CodeIgniter\CodeIgniter->handleRequest(null, Object(Config\Cache), false)
 5 SYSTEMPATH\Boot.php(312): CodeIgniter\CodeIgniter->run()
 6 SYSTEMPATH\Boot.php(67): CodeIgniter\Boot::runCodeIgniter(Object(CodeIgniter\CodeIgniter))
 7 FCPATH\index.php(56): CodeIgniter\Boot::bootWeb(Object(Config\Paths))
 8 SYSTEMPATH\Commands\Server\rewrite.php(49): require_once('C:\\xampp\\htdocs\\prospera\\public\\index.php')
INFO - 2024-08-29 01:02:43 --> Session: Class initialized using 'CodeIgniter\Session\Handlers\FileHandler' driver.
WARNING - 2024-08-29 01:05:05 --> [DEPRECATED] trim(): Passing null to parameter #1 ($string) of type string is deprecated in APPPATH\Controllers\Metadata.php on line 21.
 1 APPPATH\Controllers\Metadata.php(21): trim(null)
 2 SYSTEMPATH\CodeIgniter.php(933): App\Controllers\Metadata->index()
 3 SYSTEMPATH\CodeIgniter.php(509): CodeIgniter\CodeIgniter->runController(Object(App\Controllers\Metadata))
 4 SYSTEMPATH\CodeIgniter.php(355): CodeIgniter\CodeIgniter->handleRequest(null, Object(Config\Cache), false)
 5 SYSTEMPATH\Boot.php(312): CodeIgniter\CodeIgniter->run()
 6 SYSTEMPATH\Boot.php(67): CodeIgniter\Boot::runCodeIgniter(Object(CodeIgniter\CodeIgniter))
 7 FCPATH\index.php(56): CodeIgniter\Boot::bootWeb(Object(Config\Paths))
 8 SYSTEMPATH\Commands\Server\rewrite.php(49): require_once('C:\\xampp\\htdocs\\prospera\\public\\index.php')
INFO - 2024-08-29 01:05:05 --> Session: Class initialized using 'CodeIgniter\Session\Handlers\FileHandler' driver.
WARNING - 2024-08-29 01:08:39 --> [DEPRECATED] trim(): Passing null to parameter #1 ($string) of type string is deprecated in APPPATH\Controllers\Metadata.php on line 21.
 1 APPPATH\Controllers\Metadata.php(21): trim(null)
 2 SYSTEMPATH\CodeIgniter.php(933): App\Controllers\Metadata->index()
 3 SYSTEMPATH\CodeIgniter.php(509): CodeIgniter\CodeIgniter->runController(Object(App\Controllers\Metadata))
 4 SYSTEMPATH\CodeIgniter.php(355): CodeIgniter\CodeIgniter->handleRequest(null, Object(Config\Cache), false)
 5 SYSTEMPATH\Boot.php(312): CodeIgniter\CodeIgniter->run()
 6 SYSTEMPATH\Boot.php(67): CodeIgniter\Boot::runCodeIgniter(Object(CodeIgniter\CodeIgniter))
 7 FCPATH\index.php(56): CodeIgniter\Boot::bootWeb(Object(Config\Paths))
 8 SYSTEMPATH\Commands\Server\rewrite.php(49): require_once('C:\\xampp\\htdocs\\prospera\\public\\index.php')
INFO - 2024-08-29 01:08:39 --> Session: Class initialized using 'CodeIgniter\Session\Handlers\FileHandler' driver.
WARNING - 2024-08-29 01:17:01 --> [DEPRECATED] trim(): Passing null to parameter #1 ($string) of type string is deprecated in APPPATH\Controllers\Metadata.php on line 21.
 1 APPPATH\Controllers\Metadata.php(21): trim(null)
 2 SYSTEMPATH\CodeIgniter.php(933): App\Controllers\Metadata->index()
 3 SYSTEMPATH\CodeIgniter.php(509): CodeIgniter\CodeIgniter->runController(Object(App\Controllers\Metadata))
 4 SYSTEMPATH\CodeIgniter.php(355): CodeIgniter\CodeIgniter->handleRequest(null, Object(Config\Cache), false)
 5 SYSTEMPATH\Boot.php(312): CodeIgniter\CodeIgniter->run()
 6 SYSTEMPATH\Boot.php(67): CodeIgniter\Boot::runCodeIgniter(Object(CodeIgniter\CodeIgniter))
 7 FCPATH\index.php(56): CodeIgniter\Boot::bootWeb(Object(Config\Paths))
 8 SYSTEMPATH\Commands\Server\rewrite.php(49): require_once('C:\\xampp\\htdocs\\prospera\\public\\index.php')
INFO - 2024-08-29 01:17:01 --> Session: Class initialized using 'CodeIgniter\Session\Handlers\FileHandler' driver.
WARNING - 2024-08-29 01:17:20 --> [DEPRECATED] trim(): Passing null to parameter #1 ($string) of type string is deprecated in APPPATH\Controllers\Metadata.php on line 21.
 1 APPPATH\Controllers\Metadata.php(21): trim(null)
 2 SYSTEMPATH\CodeIgniter.php(933): App\Controllers\Metadata->index()
 3 SYSTEMPATH\CodeIgniter.php(509): CodeIgniter\CodeIgniter->runController(Object(App\Controllers\Metadata))
 4 SYSTEMPATH\CodeIgniter.php(355): CodeIgniter\CodeIgniter->handleRequest(null, Object(Config\Cache), false)
 5 SYSTEMPATH\Boot.php(312): CodeIgniter\CodeIgniter->run()
 6 SYSTEMPATH\Boot.php(67): CodeIgniter\Boot::runCodeIgniter(Object(CodeIgniter\CodeIgniter))
 7 FCPATH\index.php(56): CodeIgniter\Boot::bootWeb(Object(Config\Paths))
 8 SYSTEMPATH\Commands\Server\rewrite.php(49): require_once('C:\\xampp\\htdocs\\prospera\\public\\index.php')
INFO - 2024-08-29 01:17:20 --> Session: Class initialized using 'CodeIgniter\Session\Handlers\FileHandler' driver.
WARNING - 2024-08-29 01:18:47 --> [DEPRECATED] trim(): Passing null to parameter #1 ($string) of type string is deprecated in APPPATH\Controllers\Metadata.php on line 21.
 1 APPPATH\Controllers\Metadata.php(21): trim(null)
 2 SYSTEMPATH\CodeIgniter.php(933): App\Controllers\Metadata->index()
 3 SYSTEMPATH\CodeIgniter.php(509): CodeIgniter\CodeIgniter->runController(Object(App\Controllers\Metadata))
 4 SYSTEMPATH\CodeIgniter.php(355): CodeIgniter\CodeIgniter->handleRequest(null, Object(Config\Cache), false)
 5 SYSTEMPATH\Boot.php(312): CodeIgniter\CodeIgniter->run()
 6 SYSTEMPATH\Boot.php(67): CodeIgniter\Boot::runCodeIgniter(Object(CodeIgniter\CodeIgniter))
 7 FCPATH\index.php(56): CodeIgniter\Boot::bootWeb(Object(Config\Paths))
 8 SYSTEMPATH\Commands\Server\rewrite.php(49): require_once('C:\\xampp\\htdocs\\prospera\\public\\index.php')
INFO - 2024-08-29 01:18:47 --> Session: Class initialized using 'CodeIgniter\Session\Handlers\FileHandler' driver.
WARNING - 2024-08-29 01:18:55 --> [DEPRECATED] trim(): Passing null to parameter #1 ($string) of type string is deprecated in APPPATH\Controllers\Metadata.php on line 21.
 1 APPPATH\Controllers\Metadata.php(21): trim(null)
 2 SYSTEMPATH\CodeIgniter.php(933): App\Controllers\Metadata->index()
 3 SYSTEMPATH\CodeIgniter.php(509): CodeIgniter\CodeIgniter->runController(Object(App\Controllers\Metadata))
 4 SYSTEMPATH\CodeIgniter.php(355): CodeIgniter\CodeIgniter->handleRequest(null, Object(Config\Cache), false)
 5 SYSTEMPATH\Boot.php(312): CodeIgniter\CodeIgniter->run()
 6 SYSTEMPATH\Boot.php(67): CodeIgniter\Boot::runCodeIgniter(Object(CodeIgniter\CodeIgniter))
 7 FCPATH\index.php(56): CodeIgniter\Boot::bootWeb(Object(Config\Paths))
 8 SYSTEMPATH\Commands\Server\rewrite.php(49): require_once('C:\\xampp\\htdocs\\prospera\\public\\index.php')
INFO - 2024-08-29 01:18:55 --> Session: Class initialized using 'CodeIgniter\Session\Handlers\FileHandler' driver.
WARNING - 2024-08-29 01:19:38 --> [DEPRECATED] trim(): Passing null to parameter #1 ($string) of type string is deprecated in APPPATH\Controllers\Metadata.php on line 21.
 1 APPPATH\Controllers\Metadata.php(21): trim(null)
 2 SYSTEMPATH\CodeIgniter.php(933): App\Controllers\Metadata->index()
 3 SYSTEMPATH\CodeIgniter.php(509): CodeIgniter\CodeIgniter->runController(Object(App\Controllers\Metadata))
 4 SYSTEMPATH\CodeIgniter.php(355): CodeIgniter\CodeIgniter->handleRequest(null, Object(Config\Cache), false)
 5 SYSTEMPATH\Boot.php(312): CodeIgniter\CodeIgniter->run()
 6 SYSTEMPATH\Boot.php(67): CodeIgniter\Boot::runCodeIgniter(Object(CodeIgniter\CodeIgniter))
 7 FCPATH\index.php(56): CodeIgniter\Boot::bootWeb(Object(Config\Paths))
 8 SYSTEMPATH\Commands\Server\rewrite.php(49): require_once('C:\\xampp\\htdocs\\prospera\\public\\index.php')
INFO - 2024-08-29 01:19:38 --> Session: Class initialized using 'CodeIgniter\Session\Handlers\FileHandler' driver.
WARNING - 2024-08-29 01:22:58 --> [DEPRECATED] trim(): Passing null to parameter #1 ($string) of type string is deprecated in APPPATH\Controllers\Metadata.php on line 21.
 1 APPPATH\Controllers\Metadata.php(21): trim(null)
 2 SYSTEMPATH\CodeIgniter.php(933): App\Controllers\Metadata->index()
 3 SYSTEMPATH\CodeIgniter.php(509): CodeIgniter\CodeIgniter->runController(Object(App\Controllers\Metadata))
 4 SYSTEMPATH\CodeIgniter.php(355): CodeIgniter\CodeIgniter->handleRequest(null, Object(Config\Cache), false)
 5 SYSTEMPATH\Boot.php(312): CodeIgniter\CodeIgniter->run()
 6 SYSTEMPATH\Boot.php(67): CodeIgniter\Boot::runCodeIgniter(Object(CodeIgniter\CodeIgniter))
 7 FCPATH\index.php(56): CodeIgniter\Boot::bootWeb(Object(Config\Paths))
 8 SYSTEMPATH\Commands\Server\rewrite.php(49): require_once('C:\\xampp\\htdocs\\prospera\\public\\index.php')
INFO - 2024-08-29 01:22:59 --> Session: Class initialized using 'CodeIgniter\Session\Handlers\FileHandler' driver.
WARNING - 2024-08-29 01:25:00 --> [DEPRECATED] trim(): Passing null to parameter #1 ($string) of type string is deprecated in APPPATH\Controllers\Metadata.php on line 21.
 1 APPPATH\Controllers\Metadata.php(21): trim(null)
 2 SYSTEMPATH\CodeIgniter.php(933): App\Controllers\Metadata->index()
 3 SYSTEMPATH\CodeIgniter.php(509): CodeIgniter\CodeIgniter->runController(Object(App\Controllers\Metadata))
 4 SYSTEMPATH\CodeIgniter.php(355): CodeIgniter\CodeIgniter->handleRequest(null, Object(Config\Cache), false)
 5 SYSTEMPATH\Boot.php(312): CodeIgniter\CodeIgniter->run()
 6 SYSTEMPATH\Boot.php(67): CodeIgniter\Boot::runCodeIgniter(Object(CodeIgniter\CodeIgniter))
 7 FCPATH\index.php(56): CodeIgniter\Boot::bootWeb(Object(Config\Paths))
 8 SYSTEMPATH\Commands\Server\rewrite.php(49): require_once('C:\\xampp\\htdocs\\prospera\\public\\index.php')
INFO - 2024-08-29 01:25:00 --> Session: Class initialized using 'CodeIgniter\Session\Handlers\FileHandler' driver.
WARNING - 2024-08-29 01:25:24 --> [DEPRECATED] trim(): Passing null to parameter #1 ($string) of type string is deprecated in APPPATH\Controllers\Metadata.php on line 21.
 1 APPPATH\Controllers\Metadata.php(21): trim(null)
 2 SYSTEMPATH\CodeIgniter.php(933): App\Controllers\Metadata->index()
 3 SYSTEMPATH\CodeIgniter.php(509): CodeIgniter\CodeIgniter->runController(Object(App\Controllers\Metadata))
 4 SYSTEMPATH\CodeIgniter.php(355): CodeIgniter\CodeIgniter->handleRequest(null, Object(Config\Cache), false)
 5 SYSTEMPATH\Boot.php(312): CodeIgniter\CodeIgniter->run()
 6 SYSTEMPATH\Boot.php(67): CodeIgniter\Boot::runCodeIgniter(Object(CodeIgniter\CodeIgniter))
 7 FCPATH\index.php(56): CodeIgniter\Boot::bootWeb(Object(Config\Paths))
 8 SYSTEMPATH\Commands\Server\rewrite.php(49): require_once('C:\\xampp\\htdocs\\prospera\\public\\index.php')
INFO - 2024-08-29 01:25:24 --> Session: Class initialized using 'CodeIgniter\Session\Handlers\FileHandler' driver.
WARNING - 2024-08-29 01:26:27 --> [DEPRECATED] trim(): Passing null to parameter #1 ($string) of type string is deprecated in APPPATH\Controllers\Metadata.php on line 21.
 1 APPPATH\Controllers\Metadata.php(21): trim(null)
 2 SYSTEMPATH\CodeIgniter.php(933): App\Controllers\Metadata->index()
 3 SYSTEMPATH\CodeIgniter.php(509): CodeIgniter\CodeIgniter->runController(Object(App\Controllers\Metadata))
 4 SYSTEMPATH\CodeIgniter.php(355): CodeIgniter\CodeIgniter->handleRequest(null, Object(Config\Cache), false)
 5 SYSTEMPATH\Boot.php(312): CodeIgniter\CodeIgniter->run()
 6 SYSTEMPATH\Boot.php(67): CodeIgniter\Boot::runCodeIgniter(Object(CodeIgniter\CodeIgniter))
 7 FCPATH\index.php(56): CodeIgniter\Boot::bootWeb(Object(Config\Paths))
 8 SYSTEMPATH\Commands\Server\rewrite.php(49): require_once('C:\\xampp\\htdocs\\prospera\\public\\index.php')
INFO - 2024-08-29 01:26:27 --> Session: Class initialized using 'CodeIgniter\Session\Handlers\FileHandler' driver.
WARNING - 2024-08-29 01:29:18 --> [DEPRECATED] trim(): Passing null to parameter #1 ($string) of type string is deprecated in APPPATH\Controllers\Metadata.php on line 21.
 1 APPPATH\Controllers\Metadata.php(21): trim(null)
 2 SYSTEMPATH\CodeIgniter.php(933): App\Controllers\Metadata->index()
 3 SYSTEMPATH\CodeIgniter.php(509): CodeIgniter\CodeIgniter->runController(Object(App\Controllers\Metadata))
 4 SYSTEMPATH\CodeIgniter.php(355): CodeIgniter\CodeIgniter->handleRequest(null, Object(Config\Cache), false)
 5 SYSTEMPATH\Boot.php(312): CodeIgniter\CodeIgniter->run()
 6 SYSTEMPATH\Boot.php(67): CodeIgniter\Boot::runCodeIgniter(Object(CodeIgniter\CodeIgniter))
 7 FCPATH\index.php(56): CodeIgniter\Boot::bootWeb(Object(Config\Paths))
 8 SYSTEMPATH\Commands\Server\rewrite.php(49): require_once('C:\\xampp\\htdocs\\prospera\\public\\index.php')
INFO - 2024-08-29 01:29:18 --> Session: Class initialized using 'CodeIgniter\Session\Handlers\FileHandler' driver.
WARNING - 2024-08-29 01:30:29 --> [DEPRECATED] trim(): Passing null to parameter #1 ($string) of type string is deprecated in APPPATH\Controllers\Metadata.php on line 21.
 1 APPPATH\Controllers\Metadata.php(21): trim(null)
 2 SYSTEMPATH\CodeIgniter.php(933): App\Controllers\Metadata->index()
 3 SYSTEMPATH\CodeIgniter.php(509): CodeIgniter\CodeIgniter->runController(Object(App\Controllers\Metadata))
 4 SYSTEMPATH\CodeIgniter.php(355): CodeIgniter\CodeIgniter->handleRequest(null, Object(Config\Cache), false)
 5 SYSTEMPATH\Boot.php(312): CodeIgniter\CodeIgniter->run()
 6 SYSTEMPATH\Boot.php(67): CodeIgniter\Boot::runCodeIgniter(Object(CodeIgniter\CodeIgniter))
 7 FCPATH\index.php(56): CodeIgniter\Boot::bootWeb(Object(Config\Paths))
 8 SYSTEMPATH\Commands\Server\rewrite.php(49): require_once('C:\\xampp\\htdocs\\prospera\\public\\index.php')
INFO - 2024-08-29 01:30:29 --> Session: Class initialized using 'CodeIgniter\Session\Handlers\FileHandler' driver.
WARNING - 2024-08-29 01:31:10 --> [DEPRECATED] trim(): Passing null to parameter #1 ($string) of type string is deprecated in APPPATH\Controllers\Metadata.php on line 21.
 1 APPPATH\Controllers\Metadata.php(21): trim(null)
 2 SYSTEMPATH\CodeIgniter.php(933): App\Controllers\Metadata->index()
 3 SYSTEMPATH\CodeIgniter.php(509): CodeIgniter\CodeIgniter->runController(Object(App\Controllers\Metadata))
 4 SYSTEMPATH\CodeIgniter.php(355): CodeIgniter\CodeIgniter->handleRequest(null, Object(Config\Cache), false)
 5 SYSTEMPATH\Boot.php(312): CodeIgniter\CodeIgniter->run()
 6 SYSTEMPATH\Boot.php(67): CodeIgniter\Boot::runCodeIgniter(Object(CodeIgniter\CodeIgniter))
 7 FCPATH\index.php(56): CodeIgniter\Boot::bootWeb(Object(Config\Paths))
 8 SYSTEMPATH\Commands\Server\rewrite.php(49): require_once('C:\\xampp\\htdocs\\prospera\\public\\index.php')
INFO - 2024-08-29 01:31:10 --> Session: Class initialized using 'CodeIgniter\Session\Handlers\FileHandler' driver.
WARNING - 2024-08-29 01:31:31 --> [DEPRECATED] trim(): Passing null to parameter #1 ($string) of type string is deprecated in APPPATH\Controllers\Metadata.php on line 21.
 1 APPPATH\Controllers\Metadata.php(21): trim(null)
 2 SYSTEMPATH\CodeIgniter.php(933): App\Controllers\Metadata->index()
 3 SYSTEMPATH\CodeIgniter.php(509): CodeIgniter\CodeIgniter->runController(Object(App\Controllers\Metadata))
 4 SYSTEMPATH\CodeIgniter.php(355): CodeIgniter\CodeIgniter->handleRequest(null, Object(Config\Cache), false)
 5 SYSTEMPATH\Boot.php(312): CodeIgniter\CodeIgniter->run()
 6 SYSTEMPATH\Boot.php(67): CodeIgniter\Boot::runCodeIgniter(Object(CodeIgniter\CodeIgniter))
 7 FCPATH\index.php(56): CodeIgniter\Boot::bootWeb(Object(Config\Paths))
 8 SYSTEMPATH\Commands\Server\rewrite.php(49): require_once('C:\\xampp\\htdocs\\prospera\\public\\index.php')
INFO - 2024-08-29 01:31:31 --> Session: Class initialized using 'CodeIgniter\Session\Handlers\FileHandler' driver.
WARNING - 2024-08-29 01:32:04 --> [DEPRECATED] trim(): Passing null to parameter #1 ($string) of type string is deprecated in APPPATH\Controllers\Metadata.php on line 21.
 1 APPPATH\Controllers\Metadata.php(21): trim(null)
 2 SYSTEMPATH\CodeIgniter.php(933): App\Controllers\Metadata->index()
 3 SYSTEMPATH\CodeIgniter.php(509): CodeIgniter\CodeIgniter->runController(Object(App\Controllers\Metadata))
 4 SYSTEMPATH\CodeIgniter.php(355): CodeIgniter\CodeIgniter->handleRequest(null, Object(Config\Cache), false)
 5 SYSTEMPATH\Boot.php(312): CodeIgniter\CodeIgniter->run()
 6 SYSTEMPATH\Boot.php(67): CodeIgniter\Boot::runCodeIgniter(Object(CodeIgniter\CodeIgniter))
 7 FCPATH\index.php(56): CodeIgniter\Boot::bootWeb(Object(Config\Paths))
 8 SYSTEMPATH\Commands\Server\rewrite.php(49): require_once('C:\\xampp\\htdocs\\prospera\\public\\index.php')
INFO - 2024-08-29 01:32:04 --> Session: Class initialized using 'CodeIgniter\Session\Handlers\FileHandler' driver.
WARNING - 2024-08-29 01:32:16 --> [DEPRECATED] trim(): Passing null to parameter #1 ($string) of type string is deprecated in APPPATH\Controllers\Metadata.php on line 21.
 1 APPPATH\Controllers\Metadata.php(21): trim(null)
 2 SYSTEMPATH\CodeIgniter.php(933): App\Controllers\Metadata->index()
 3 SYSTEMPATH\CodeIgniter.php(509): CodeIgniter\CodeIgniter->runController(Object(App\Controllers\Metadata))
 4 SYSTEMPATH\CodeIgniter.php(355): CodeIgniter\CodeIgniter->handleRequest(null, Object(Config\Cache), false)
 5 SYSTEMPATH\Boot.php(312): CodeIgniter\CodeIgniter->run()
 6 SYSTEMPATH\Boot.php(67): CodeIgniter\Boot::runCodeIgniter(Object(CodeIgniter\CodeIgniter))
 7 FCPATH\index.php(56): CodeIgniter\Boot::bootWeb(Object(Config\Paths))
 8 SYSTEMPATH\Commands\Server\rewrite.php(49): require_once('C:\\xampp\\htdocs\\prospera\\public\\index.php')
INFO - 2024-08-29 01:32:16 --> Session: Class initialized using 'CodeIgniter\Session\Handlers\FileHandler' driver.
WARNING - 2024-08-29 01:33:02 --> [DEPRECATED] trim(): Passing null to parameter #1 ($string) of type string is deprecated in APPPATH\Controllers\Metadata.php on line 21.
 1 APPPATH\Controllers\Metadata.php(21): trim(null)
 2 SYSTEMPATH\CodeIgniter.php(933): App\Controllers\Metadata->index()
 3 SYSTEMPATH\CodeIgniter.php(509): CodeIgniter\CodeIgniter->runController(Object(App\Controllers\Metadata))
 4 SYSTEMPATH\CodeIgniter.php(355): CodeIgniter\CodeIgniter->handleRequest(null, Object(Config\Cache), false)
 5 SYSTEMPATH\Boot.php(312): CodeIgniter\CodeIgniter->run()
 6 SYSTEMPATH\Boot.php(67): CodeIgniter\Boot::runCodeIgniter(Object(CodeIgniter\CodeIgniter))
 7 FCPATH\index.php(56): CodeIgniter\Boot::bootWeb(Object(Config\Paths))
 8 SYSTEMPATH\Commands\Server\rewrite.php(49): require_once('C:\\xampp\\htdocs\\prospera\\public\\index.php')
INFO - 2024-08-29 01:33:02 --> Session: Class initialized using 'CodeIgniter\Session\Handlers\FileHandler' driver.
WARNING - 2024-08-29 01:34:31 --> [DEPRECATED] trim(): Passing null to parameter #1 ($string) of type string is deprecated in APPPATH\Controllers\Metadata.php on line 21.
 1 APPPATH\Controllers\Metadata.php(21): trim(null)
 2 SYSTEMPATH\CodeIgniter.php(933): App\Controllers\Metadata->index()
 3 SYSTEMPATH\CodeIgniter.php(509): CodeIgniter\CodeIgniter->runController(Object(App\Controllers\Metadata))
 4 SYSTEMPATH\CodeIgniter.php(355): CodeIgniter\CodeIgniter->handleRequest(null, Object(Config\Cache), false)
 5 SYSTEMPATH\Boot.php(312): CodeIgniter\CodeIgniter->run()
 6 SYSTEMPATH\Boot.php(67): CodeIgniter\Boot::runCodeIgniter(Object(CodeIgniter\CodeIgniter))
 7 FCPATH\index.php(56): CodeIgniter\Boot::bootWeb(Object(Config\Paths))
 8 SYSTEMPATH\Commands\Server\rewrite.php(49): require_once('C:\\xampp\\htdocs\\prospera\\public\\index.php')
INFO - 2024-08-29 01:34:31 --> Session: Class initialized using 'CodeIgniter\Session\Handlers\FileHandler' driver.
WARNING - 2024-08-29 01:35:43 --> [DEPRECATED] trim(): Passing null to parameter #1 ($string) of type string is deprecated in APPPATH\Controllers\Metadata.php on line 21.
 1 APPPATH\Controllers\Metadata.php(21): trim(null)
 2 SYSTEMPATH\CodeIgniter.php(933): App\Controllers\Metadata->index()
 3 SYSTEMPATH\CodeIgniter.php(509): CodeIgniter\CodeIgniter->runController(Object(App\Controllers\Metadata))
 4 SYSTEMPATH\CodeIgniter.php(355): CodeIgniter\CodeIgniter->handleRequest(null, Object(Config\Cache), false)
 5 SYSTEMPATH\Boot.php(312): CodeIgniter\CodeIgniter->run()
 6 SYSTEMPATH\Boot.php(67): CodeIgniter\Boot::runCodeIgniter(Object(CodeIgniter\CodeIgniter))
 7 FCPATH\index.php(56): CodeIgniter\Boot::bootWeb(Object(Config\Paths))
 8 SYSTEMPATH\Commands\Server\rewrite.php(49): require_once('C:\\xampp\\htdocs\\prospera\\public\\index.php')
INFO - 2024-08-29 01:35:43 --> Session: Class initialized using 'CodeIgniter\Session\Handlers\FileHandler' driver.
WARNING - 2024-08-29 01:36:38 --> [DEPRECATED] trim(): Passing null to parameter #1 ($string) of type string is deprecated in APPPATH\Controllers\Metadata.php on line 21.
 1 APPPATH\Controllers\Metadata.php(21): trim(null)
 2 SYSTEMPATH\CodeIgniter.php(933): App\Controllers\Metadata->index()
 3 SYSTEMPATH\CodeIgniter.php(509): CodeIgniter\CodeIgniter->runController(Object(App\Controllers\Metadata))
 4 SYSTEMPATH\CodeIgniter.php(355): CodeIgniter\CodeIgniter->handleRequest(null, Object(Config\Cache), false)
 5 SYSTEMPATH\Boot.php(312): CodeIgniter\CodeIgniter->run()
 6 SYSTEMPATH\Boot.php(67): CodeIgniter\Boot::runCodeIgniter(Object(CodeIgniter\CodeIgniter))
 7 FCPATH\index.php(56): CodeIgniter\Boot::bootWeb(Object(Config\Paths))
 8 SYSTEMPATH\Commands\Server\rewrite.php(49): require_once('C:\\xampp\\htdocs\\prospera\\public\\index.php')
INFO - 2024-08-29 01:36:38 --> Session: Class initialized using 'CodeIgniter\Session\Handlers\FileHandler' driver.
WARNING - 2024-08-29 01:37:59 --> [DEPRECATED] trim(): Passing null to parameter #1 ($string) of type string is deprecated in APPPATH\Controllers\Metadata.php on line 21.
 1 APPPATH\Controllers\Metadata.php(21): trim(null)
 2 SYSTEMPATH\CodeIgniter.php(933): App\Controllers\Metadata->index()
 3 SYSTEMPATH\CodeIgniter.php(509): CodeIgniter\CodeIgniter->runController(Object(App\Controllers\Metadata))
 4 SYSTEMPATH\CodeIgniter.php(355): CodeIgniter\CodeIgniter->handleRequest(null, Object(Config\Cache), false)
 5 SYSTEMPATH\Boot.php(312): CodeIgniter\CodeIgniter->run()
 6 SYSTEMPATH\Boot.php(67): CodeIgniter\Boot::runCodeIgniter(Object(CodeIgniter\CodeIgniter))
 7 FCPATH\index.php(56): CodeIgniter\Boot::bootWeb(Object(Config\Paths))
 8 SYSTEMPATH\Commands\Server\rewrite.php(49): require_once('C:\\xampp\\htdocs\\prospera\\public\\index.php')
INFO - 2024-08-29 01:37:59 --> Session: Class initialized using 'CodeIgniter\Session\Handlers\FileHandler' driver.
WARNING - 2024-08-29 01:40:08 --> [DEPRECATED] Creation of dynamic property App\Controllers\Data::$dataModel is deprecated in APPPATH\Controllers\Data.php on line 22.
 1 SYSTEMPATH\CodeIgniter.php(903): App\Controllers\Data->__construct()
 2 SYSTEMPATH\CodeIgniter.php(500): CodeIgniter\CodeIgniter->createController()
 3 SYSTEMPATH\CodeIgniter.php(355): CodeIgniter\CodeIgniter->handleRequest(null, Object(Config\Cache), false)
 4 SYSTEMPATH\Boot.php(312): CodeIgniter\CodeIgniter->run()
 5 SYSTEMPATH\Boot.php(67): CodeIgniter\Boot::runCodeIgniter(Object(CodeIgniter\CodeIgniter))
 6 FCPATH\index.php(56): CodeIgniter\Boot::bootWeb(Object(Config\Paths))
 7 SYSTEMPATH\Commands\Server\rewrite.php(49): require_once('C:\\xampp\\htdocs\\prospera\\public\\index.php')
WARNING - 2024-08-29 01:40:08 --> [DEPRECATED] Creation of dynamic property App\Controllers\Data::$desaModel is deprecated in APPPATH\Controllers\Data.php on line 23.
 1 SYSTEMPATH\CodeIgniter.php(903): App\Controllers\Data->__construct()
 2 SYSTEMPATH\CodeIgniter.php(500): CodeIgniter\CodeIgniter->createController()
 3 SYSTEMPATH\CodeIgniter.php(355): CodeIgniter\CodeIgniter->handleRequest(null, Object(Config\Cache), false)
 4 SYSTEMPATH\Boot.php(312): CodeIgniter\CodeIgniter->run()
 5 SYSTEMPATH\Boot.php(67): CodeIgniter\Boot::runCodeIgniter(Object(CodeIgniter\CodeIgniter))
 6 FCPATH\index.php(56): CodeIgniter\Boot::bootWeb(Object(Config\Paths))
 7 SYSTEMPATH\Commands\Server\rewrite.php(49): require_once('C:\\xampp\\htdocs\\prospera\\public\\index.php')
WARNING - 2024-08-29 01:40:08 --> [DEPRECATED] Creation of dynamic property App\Controllers\Data::$kecamatanModel is deprecated in APPPATH\Controllers\Data.php on line 24.
 1 SYSTEMPATH\CodeIgniter.php(903): App\Controllers\Data->__construct()
 2 SYSTEMPATH\CodeIgniter.php(500): CodeIgniter\CodeIgniter->createController()
 3 SYSTEMPATH\CodeIgniter.php(355): CodeIgniter\CodeIgniter->handleRequest(null, Object(Config\Cache), false)
 4 SYSTEMPATH\Boot.php(312): CodeIgniter\CodeIgniter->run()
 5 SYSTEMPATH\Boot.php(67): CodeIgniter\Boot::runCodeIgniter(Object(CodeIgniter\CodeIgniter))
 6 FCPATH\index.php(56): CodeIgniter\Boot::bootWeb(Object(Config\Paths))
 7 SYSTEMPATH\Commands\Server\rewrite.php(49): require_once('C:\\xampp\\htdocs\\prospera\\public\\index.php')
WARNING - 2024-08-29 01:40:08 --> [DEPRECATED] Creation of dynamic property App\Controllers\Data::$quesModel is deprecated in APPPATH\Controllers\Data.php on line 25.
 1 SYSTEMPATH\CodeIgniter.php(903): App\Controllers\Data->__construct()
 2 SYSTEMPATH\CodeIgniter.php(500): CodeIgniter\CodeIgniter->createController()
 3 SYSTEMPATH\CodeIgniter.php(355): CodeIgniter\CodeIgniter->handleRequest(null, Object(Config\Cache), false)
 4 SYSTEMPATH\Boot.php(312): CodeIgniter\CodeIgniter->run()
 5 SYSTEMPATH\Boot.php(67): CodeIgniter\Boot::runCodeIgniter(Object(CodeIgniter\CodeIgniter))
 6 FCPATH\index.php(56): CodeIgniter\Boot::bootWeb(Object(Config\Paths))
 7 SYSTEMPATH\Commands\Server\rewrite.php(49): require_once('C:\\xampp\\htdocs\\prospera\\public\\index.php')
WARNING - 2024-08-29 01:40:08 --> [DEPRECATED] Creation of dynamic property App\Controllers\Data::$slsModel is deprecated in APPPATH\Controllers\Data.php on line 26.
 1 SYSTEMPATH\CodeIgniter.php(903): App\Controllers\Data->__construct()
 2 SYSTEMPATH\CodeIgniter.php(500): CodeIgniter\CodeIgniter->createController()
 3 SYSTEMPATH\CodeIgniter.php(355): CodeIgniter\CodeIgniter->handleRequest(null, Object(Config\Cache), false)
 4 SYSTEMPATH\Boot.php(312): CodeIgniter\CodeIgniter->run()
 5 SYSTEMPATH\Boot.php(67): CodeIgniter\Boot::runCodeIgniter(Object(CodeIgniter\CodeIgniter))
 6 FCPATH\index.php(56): CodeIgniter\Boot::bootWeb(Object(Config\Paths))
 7 SYSTEMPATH\Commands\Server\rewrite.php(49): require_once('C:\\xampp\\htdocs\\prospera\\public\\index.php')
WARNING - 2024-08-29 01:40:08 --> [DEPRECATED] Creation of dynamic property App\Controllers\Data::$uri is deprecated in APPPATH\Controllers\Data.php on line 27.
 1 SYSTEMPATH\CodeIgniter.php(903): App\Controllers\Data->__construct()
 2 SYSTEMPATH\CodeIgniter.php(500): CodeIgniter\CodeIgniter->createController()
 3 SYSTEMPATH\CodeIgniter.php(355): CodeIgniter\CodeIgniter->handleRequest(null, Object(Config\Cache), false)
 4 SYSTEMPATH\Boot.php(312): CodeIgniter\CodeIgniter->run()
 5 SYSTEMPATH\Boot.php(67): CodeIgniter\Boot::runCodeIgniter(Object(CodeIgniter\CodeIgniter))
 6 FCPATH\index.php(56): CodeIgniter\Boot::bootWeb(Object(Config\Paths))
 7 SYSTEMPATH\Commands\Server\rewrite.php(49): require_once('C:\\xampp\\htdocs\\prospera\\public\\index.php')
INFO - 2024-08-29 01:40:08 --> Session: Class initialized using 'CodeIgniter\Session\Handlers\FileHandler' driver.
WARNING - 2024-08-29 01:40:11 --> [DEPRECATED] trim(): Passing null to parameter #1 ($string) of type string is deprecated in APPPATH\Controllers\Metadata.php on line 21.
 1 APPPATH\Controllers\Metadata.php(21): trim(null)
 2 SYSTEMPATH\CodeIgniter.php(933): App\Controllers\Metadata->index()
 3 SYSTEMPATH\CodeIgniter.php(509): CodeIgniter\CodeIgniter->runController(Object(App\Controllers\Metadata))
 4 SYSTEMPATH\CodeIgniter.php(355): CodeIgniter\CodeIgniter->handleRequest(null, Object(Config\Cache), false)
 5 SYSTEMPATH\Boot.php(312): CodeIgniter\CodeIgniter->run()
 6 SYSTEMPATH\Boot.php(67): CodeIgniter\Boot::runCodeIgniter(Object(CodeIgniter\CodeIgniter))
 7 FCPATH\index.php(56): CodeIgniter\Boot::bootWeb(Object(Config\Paths))
 8 SYSTEMPATH\Commands\Server\rewrite.php(49): require_once('C:\\xampp\\htdocs\\prospera\\public\\index.php')
INFO - 2024-08-29 01:40:11 --> Session: Class initialized using 'CodeIgniter\Session\Handlers\FileHandler' driver.
WARNING - 2024-08-29 01:40:49 --> [DEPRECATED] trim(): Passing null to parameter #1 ($string) of type string is deprecated in APPPATH\Controllers\Metadata.php on line 21.
 1 APPPATH\Controllers\Metadata.php(21): trim(null)
 2 SYSTEMPATH\CodeIgniter.php(933): App\Controllers\Metadata->index()
 3 SYSTEMPATH\CodeIgniter.php(509): CodeIgniter\CodeIgniter->runController(Object(App\Controllers\Metadata))
 4 SYSTEMPATH\CodeIgniter.php(355): CodeIgniter\CodeIgniter->handleRequest(null, Object(Config\Cache), false)
 5 SYSTEMPATH\Boot.php(312): CodeIgniter\CodeIgniter->run()
 6 SYSTEMPATH\Boot.php(67): CodeIgniter\Boot::runCodeIgniter(Object(CodeIgniter\CodeIgniter))
 7 FCPATH\index.php(56): CodeIgniter\Boot::bootWeb(Object(Config\Paths))
 8 SYSTEMPATH\Commands\Server\rewrite.php(49): require_once('C:\\xampp\\htdocs\\prospera\\public\\index.php')
INFO - 2024-08-29 01:40:49 --> Session: Class initialized using 'CodeIgniter\Session\Handlers\FileHandler' driver.
WARNING - 2024-08-29 01:41:21 --> [DEPRECATED] trim(): Passing null to parameter #1 ($string) of type string is deprecated in APPPATH\Controllers\Metadata.php on line 21.
 1 APPPATH\Controllers\Metadata.php(21): trim(null)
 2 SYSTEMPATH\CodeIgniter.php(933): App\Controllers\Metadata->index()
 3 SYSTEMPATH\CodeIgniter.php(509): CodeIgniter\CodeIgniter->runController(Object(App\Controllers\Metadata))
 4 SYSTEMPATH\CodeIgniter.php(355): CodeIgniter\CodeIgniter->handleRequest(null, Object(Config\Cache), false)
 5 SYSTEMPATH\Boot.php(312): CodeIgniter\CodeIgniter->run()
 6 SYSTEMPATH\Boot.php(67): CodeIgniter\Boot::runCodeIgniter(Object(CodeIgniter\CodeIgniter))
 7 FCPATH\index.php(56): CodeIgniter\Boot::bootWeb(Object(Config\Paths))
 8 SYSTEMPATH\Commands\Server\rewrite.php(49): require_once('C:\\xampp\\htdocs\\prospera\\public\\index.php')
INFO - 2024-08-29 01:41:21 --> Session: Class initialized using 'CodeIgniter\Session\Handlers\FileHandler' driver.
WARNING - 2024-08-29 01:42:05 --> [DEPRECATED] trim(): Passing null to parameter #1 ($string) of type string is deprecated in APPPATH\Controllers\Metadata.php on line 21.
 1 APPPATH\Controllers\Metadata.php(21): trim(null)
 2 SYSTEMPATH\CodeIgniter.php(933): App\Controllers\Metadata->index()
 3 SYSTEMPATH\CodeIgniter.php(509): CodeIgniter\CodeIgniter->runController(Object(App\Controllers\Metadata))
 4 SYSTEMPATH\CodeIgniter.php(355): CodeIgniter\CodeIgniter->handleRequest(null, Object(Config\Cache), false)
 5 SYSTEMPATH\Boot.php(312): CodeIgniter\CodeIgniter->run()
 6 SYSTEMPATH\Boot.php(67): CodeIgniter\Boot::runCodeIgniter(Object(CodeIgniter\CodeIgniter))
 7 FCPATH\index.php(56): CodeIgniter\Boot::bootWeb(Object(Config\Paths))
 8 SYSTEMPATH\Commands\Server\rewrite.php(49): require_once('C:\\xampp\\htdocs\\prospera\\public\\index.php')
INFO - 2024-08-29 01:42:05 --> Session: Class initialized using 'CodeIgniter\Session\Handlers\FileHandler' driver.
WARNING - 2024-08-29 01:42:17 --> [DEPRECATED] trim(): Passing null to parameter #1 ($string) of type string is deprecated in APPPATH\Controllers\Metadata.php on line 21.
 1 APPPATH\Controllers\Metadata.php(21): trim(null)
 2 SYSTEMPATH\CodeIgniter.php(933): App\Controllers\Metadata->index()
 3 SYSTEMPATH\CodeIgniter.php(509): CodeIgniter\CodeIgniter->runController(Object(App\Controllers\Metadata))
 4 SYSTEMPATH\CodeIgniter.php(355): CodeIgniter\CodeIgniter->handleRequest(null, Object(Config\Cache), false)
 5 SYSTEMPATH\Boot.php(312): CodeIgniter\CodeIgniter->run()
 6 SYSTEMPATH\Boot.php(67): CodeIgniter\Boot::runCodeIgniter(Object(CodeIgniter\CodeIgniter))
 7 FCPATH\index.php(56): CodeIgniter\Boot::bootWeb(Object(Config\Paths))
 8 SYSTEMPATH\Commands\Server\rewrite.php(49): require_once('C:\\xampp\\htdocs\\prospera\\public\\index.php')
INFO - 2024-08-29 01:42:17 --> Session: Class initialized using 'CodeIgniter\Session\Handlers\FileHandler' driver.
WARNING - 2024-08-29 01:42:26 --> [DEPRECATED] trim(): Passing null to parameter #1 ($string) of type string is deprecated in APPPATH\Controllers\Metadata.php on line 21.
 1 APPPATH\Controllers\Metadata.php(21): trim(null)
 2 SYSTEMPATH\CodeIgniter.php(933): App\Controllers\Metadata->index()
 3 SYSTEMPATH\CodeIgniter.php(509): CodeIgniter\CodeIgniter->runController(Object(App\Controllers\Metadata))
 4 SYSTEMPATH\CodeIgniter.php(355): CodeIgniter\CodeIgniter->handleRequest(null, Object(Config\Cache), false)
 5 SYSTEMPATH\Boot.php(312): CodeIgniter\CodeIgniter->run()
 6 SYSTEMPATH\Boot.php(67): CodeIgniter\Boot::runCodeIgniter(Object(CodeIgniter\CodeIgniter))
 7 FCPATH\index.php(56): CodeIgniter\Boot::bootWeb(Object(Config\Paths))
 8 SYSTEMPATH\Commands\Server\rewrite.php(49): require_once('C:\\xampp\\htdocs\\prospera\\public\\index.php')
INFO - 2024-08-29 01:42:26 --> Session: Class initialized using 'CodeIgniter\Session\Handlers\FileHandler' driver.
WARNING - 2024-08-29 01:42:49 --> [DEPRECATED] trim(): Passing null to parameter #1 ($string) of type string is deprecated in APPPATH\Controllers\Metadata.php on line 21.
 1 APPPATH\Controllers\Metadata.php(21): trim(null)
 2 SYSTEMPATH\CodeIgniter.php(933): App\Controllers\Metadata->index()
 3 SYSTEMPATH\CodeIgniter.php(509): CodeIgniter\CodeIgniter->runController(Object(App\Controllers\Metadata))
 4 SYSTEMPATH\CodeIgniter.php(355): CodeIgniter\CodeIgniter->handleRequest(null, Object(Config\Cache), false)
 5 SYSTEMPATH\Boot.php(312): CodeIgniter\CodeIgniter->run()
 6 SYSTEMPATH\Boot.php(67): CodeIgniter\Boot::runCodeIgniter(Object(CodeIgniter\CodeIgniter))
 7 FCPATH\index.php(56): CodeIgniter\Boot::bootWeb(Object(Config\Paths))
 8 SYSTEMPATH\Commands\Server\rewrite.php(49): require_once('C:\\xampp\\htdocs\\prospera\\public\\index.php')
INFO - 2024-08-29 01:42:49 --> Session: Class initialized using 'CodeIgniter\Session\Handlers\FileHandler' driver.
WARNING - 2024-08-29 01:43:02 --> [DEPRECATED] trim(): Passing null to parameter #1 ($string) of type string is deprecated in APPPATH\Controllers\Metadata.php on line 21.
 1 APPPATH\Controllers\Metadata.php(21): trim(null)
 2 SYSTEMPATH\CodeIgniter.php(933): App\Controllers\Metadata->index()
 3 SYSTEMPATH\CodeIgniter.php(509): CodeIgniter\CodeIgniter->runController(Object(App\Controllers\Metadata))
 4 SYSTEMPATH\CodeIgniter.php(355): CodeIgniter\CodeIgniter->handleRequest(null, Object(Config\Cache), false)
 5 SYSTEMPATH\Boot.php(312): CodeIgniter\CodeIgniter->run()
 6 SYSTEMPATH\Boot.php(67): CodeIgniter\Boot::runCodeIgniter(Object(CodeIgniter\CodeIgniter))
 7 FCPATH\index.php(56): CodeIgniter\Boot::bootWeb(Object(Config\Paths))
 8 SYSTEMPATH\Commands\Server\rewrite.php(49): require_once('C:\\xampp\\htdocs\\prospera\\public\\index.php')
INFO - 2024-08-29 01:43:02 --> Session: Class initialized using 'CodeIgniter\Session\Handlers\FileHandler' driver.
WARNING - 2024-08-29 01:43:19 --> [DEPRECATED] trim(): Passing null to parameter #1 ($string) of type string is deprecated in APPPATH\Controllers\Metadata.php on line 21.
 1 APPPATH\Controllers\Metadata.php(21): trim(null)
 2 SYSTEMPATH\CodeIgniter.php(933): App\Controllers\Metadata->index()
 3 SYSTEMPATH\CodeIgniter.php(509): CodeIgniter\CodeIgniter->runController(Object(App\Controllers\Metadata))
 4 SYSTEMPATH\CodeIgniter.php(355): CodeIgniter\CodeIgniter->handleRequest(null, Object(Config\Cache), false)
 5 SYSTEMPATH\Boot.php(312): CodeIgniter\CodeIgniter->run()
 6 SYSTEMPATH\Boot.php(67): CodeIgniter\Boot::runCodeIgniter(Object(CodeIgniter\CodeIgniter))
 7 FCPATH\index.php(56): CodeIgniter\Boot::bootWeb(Object(Config\Paths))
 8 SYSTEMPATH\Commands\Server\rewrite.php(49): require_once('C:\\xampp\\htdocs\\prospera\\public\\index.php')
INFO - 2024-08-29 01:43:19 --> Session: Class initialized using 'CodeIgniter\Session\Handlers\FileHandler' driver.
WARNING - 2024-08-29 01:43:25 --> [DEPRECATED] trim(): Passing null to parameter #1 ($string) of type string is deprecated in APPPATH\Controllers\Metadata.php on line 21.
 1 APPPATH\Controllers\Metadata.php(21): trim(null)
 2 SYSTEMPATH\CodeIgniter.php(933): App\Controllers\Metadata->index()
 3 SYSTEMPATH\CodeIgniter.php(509): CodeIgniter\CodeIgniter->runController(Object(App\Controllers\Metadata))
 4 SYSTEMPATH\CodeIgniter.php(355): CodeIgniter\CodeIgniter->handleRequest(null, Object(Config\Cache), false)
 5 SYSTEMPATH\Boot.php(312): CodeIgniter\CodeIgniter->run()
 6 SYSTEMPATH\Boot.php(67): CodeIgniter\Boot::runCodeIgniter(Object(CodeIgniter\CodeIgniter))
 7 FCPATH\index.php(56): CodeIgniter\Boot::bootWeb(Object(Config\Paths))
 8 SYSTEMPATH\Commands\Server\rewrite.php(49): require_once('C:\\xampp\\htdocs\\prospera\\public\\index.php')
INFO - 2024-08-29 01:43:25 --> Session: Class initialized using 'CodeIgniter\Session\Handlers\FileHandler' driver.
WARNING - 2024-08-29 01:43:27 --> [DEPRECATED] trim(): Passing null to parameter #1 ($string) of type string is deprecated in APPPATH\Controllers\Metadata.php on line 21.
 1 APPPATH\Controllers\Metadata.php(21): trim(null)
 2 SYSTEMPATH\CodeIgniter.php(933): App\Controllers\Metadata->index()
 3 SYSTEMPATH\CodeIgniter.php(509): CodeIgniter\CodeIgniter->runController(Object(App\Controllers\Metadata))
 4 SYSTEMPATH\CodeIgniter.php(355): CodeIgniter\CodeIgniter->handleRequest(null, Object(Config\Cache), false)
 5 SYSTEMPATH\Boot.php(312): CodeIgniter\CodeIgniter->run()
 6 SYSTEMPATH\Boot.php(67): CodeIgniter\Boot::runCodeIgniter(Object(CodeIgniter\CodeIgniter))
 7 FCPATH\index.php(56): CodeIgniter\Boot::bootWeb(Object(Config\Paths))
 8 SYSTEMPATH\Commands\Server\rewrite.php(49): require_once('C:\\xampp\\htdocs\\prospera\\public\\index.php')
INFO - 2024-08-29 01:43:27 --> Session: Class initialized using 'CodeIgniter\Session\Handlers\FileHandler' driver.
WARNING - 2024-08-29 01:43:45 --> [DEPRECATED] trim(): Passing null to parameter #1 ($string) of type string is deprecated in APPPATH\Controllers\Metadata.php on line 21.
 1 APPPATH\Controllers\Metadata.php(21): trim(null)
 2 SYSTEMPATH\CodeIgniter.php(933): App\Controllers\Metadata->index()
 3 SYSTEMPATH\CodeIgniter.php(509): CodeIgniter\CodeIgniter->runController(Object(App\Controllers\Metadata))
 4 SYSTEMPATH\CodeIgniter.php(355): CodeIgniter\CodeIgniter->handleRequest(null, Object(Config\Cache), false)
 5 SYSTEMPATH\Boot.php(312): CodeIgniter\CodeIgniter->run()
 6 SYSTEMPATH\Boot.php(67): CodeIgniter\Boot::runCodeIgniter(Object(CodeIgniter\CodeIgniter))
 7 FCPATH\index.php(56): CodeIgniter\Boot::bootWeb(Object(Config\Paths))
 8 SYSTEMPATH\Commands\Server\rewrite.php(49): require_once('C:\\xampp\\htdocs\\prospera\\public\\index.php')
INFO - 2024-08-29 01:43:45 --> Session: Class initialized using 'CodeIgniter\Session\Handlers\FileHandler' driver.
WARNING - 2024-08-29 01:44:15 --> [DEPRECATED] trim(): Passing null to parameter #1 ($string) of type string is deprecated in APPPATH\Controllers\Metadata.php on line 21.
 1 APPPATH\Controllers\Metadata.php(21): trim(null)
 2 SYSTEMPATH\CodeIgniter.php(933): App\Controllers\Metadata->index()
 3 SYSTEMPATH\CodeIgniter.php(509): CodeIgniter\CodeIgniter->runController(Object(App\Controllers\Metadata))
 4 SYSTEMPATH\CodeIgniter.php(355): CodeIgniter\CodeIgniter->handleRequest(null, Object(Config\Cache), false)
 5 SYSTEMPATH\Boot.php(312): CodeIgniter\CodeIgniter->run()
 6 SYSTEMPATH\Boot.php(67): CodeIgniter\Boot::runCodeIgniter(Object(CodeIgniter\CodeIgniter))
 7 FCPATH\index.php(56): CodeIgniter\Boot::bootWeb(Object(Config\Paths))
 8 SYSTEMPATH\Commands\Server\rewrite.php(49): require_once('C:\\xampp\\htdocs\\prospera\\public\\index.php')
INFO - 2024-08-29 01:44:15 --> Session: Class initialized using 'CodeIgniter\Session\Handlers\FileHandler' driver.
WARNING - 2024-08-29 01:45:14 --> [DEPRECATED] trim(): Passing null to parameter #1 ($string) of type string is deprecated in APPPATH\Controllers\Metadata.php on line 21.
 1 APPPATH\Controllers\Metadata.php(21): trim(null)
 2 SYSTEMPATH\CodeIgniter.php(933): App\Controllers\Metadata->index()
 3 SYSTEMPATH\CodeIgniter.php(509): CodeIgniter\CodeIgniter->runController(Object(App\Controllers\Metadata))
 4 SYSTEMPATH\CodeIgniter.php(355): CodeIgniter\CodeIgniter->handleRequest(null, Object(Config\Cache), false)
 5 SYSTEMPATH\Boot.php(312): CodeIgniter\CodeIgniter->run()
 6 SYSTEMPATH\Boot.php(67): CodeIgniter\Boot::runCodeIgniter(Object(CodeIgniter\CodeIgniter))
 7 FCPATH\index.php(56): CodeIgniter\Boot::bootWeb(Object(Config\Paths))
 8 SYSTEMPATH\Commands\Server\rewrite.php(49): require_once('C:\\xampp\\htdocs\\prospera\\public\\index.php')
INFO - 2024-08-29 01:45:14 --> Session: Class initialized using 'CodeIgniter\Session\Handlers\FileHandler' driver.
WARNING - 2024-08-29 01:45:31 --> [DEPRECATED] trim(): Passing null to parameter #1 ($string) of type string is deprecated in APPPATH\Controllers\Metadata.php on line 21.
 1 APPPATH\Controllers\Metadata.php(21): trim(null)
 2 SYSTEMPATH\CodeIgniter.php(933): App\Controllers\Metadata->index()
 3 SYSTEMPATH\CodeIgniter.php(509): CodeIgniter\CodeIgniter->runController(Object(App\Controllers\Metadata))
 4 SYSTEMPATH\CodeIgniter.php(355): CodeIgniter\CodeIgniter->handleRequest(null, Object(Config\Cache), false)
 5 SYSTEMPATH\Boot.php(312): CodeIgniter\CodeIgniter->run()
 6 SYSTEMPATH\Boot.php(67): CodeIgniter\Boot::runCodeIgniter(Object(CodeIgniter\CodeIgniter))
 7 FCPATH\index.php(56): CodeIgniter\Boot::bootWeb(Object(Config\Paths))
 8 SYSTEMPATH\Commands\Server\rewrite.php(49): require_once('C:\\xampp\\htdocs\\prospera\\public\\index.php')
INFO - 2024-08-29 01:45:31 --> Session: Class initialized using 'CodeIgniter\Session\Handlers\FileHandler' driver.
WARNING - 2024-08-29 01:48:39 --> [DEPRECATED] trim(): Passing null to parameter #1 ($string) of type string is deprecated in APPPATH\Controllers\Metadata.php on line 21.
 1 APPPATH\Controllers\Metadata.php(21): trim(null)
 2 SYSTEMPATH\CodeIgniter.php(933): App\Controllers\Metadata->index()
 3 SYSTEMPATH\CodeIgniter.php(509): CodeIgniter\CodeIgniter->runController(Object(App\Controllers\Metadata))
 4 SYSTEMPATH\CodeIgniter.php(355): CodeIgniter\CodeIgniter->handleRequest(null, Object(Config\Cache), false)
 5 SYSTEMPATH\Boot.php(312): CodeIgniter\CodeIgniter->run()
 6 SYSTEMPATH\Boot.php(67): CodeIgniter\Boot::runCodeIgniter(Object(CodeIgniter\CodeIgniter))
 7 FCPATH\index.php(56): CodeIgniter\Boot::bootWeb(Object(Config\Paths))
 8 SYSTEMPATH\Commands\Server\rewrite.php(49): require_once('C:\\xampp\\htdocs\\prospera\\public\\index.php')
INFO - 2024-08-29 01:48:39 --> Session: Class initialized using 'CodeIgniter\Session\Handlers\FileHandler' driver.
WARNING - 2024-08-29 01:57:01 --> [DEPRECATED] trim(): Passing null to parameter #1 ($string) of type string is deprecated in APPPATH\Controllers\Metadata.php on line 21.
 1 APPPATH\Controllers\Metadata.php(21): trim(null)
 2 SYSTEMPATH\CodeIgniter.php(933): App\Controllers\Metadata->index()
 3 SYSTEMPATH\CodeIgniter.php(509): CodeIgniter\CodeIgniter->runController(Object(App\Controllers\Metadata))
 4 SYSTEMPATH\CodeIgniter.php(355): CodeIgniter\CodeIgniter->handleRequest(null, Object(Config\Cache), false)
 5 SYSTEMPATH\Boot.php(312): CodeIgniter\CodeIgniter->run()
 6 SYSTEMPATH\Boot.php(67): CodeIgniter\Boot::runCodeIgniter(Object(CodeIgniter\CodeIgniter))
 7 FCPATH\index.php(56): CodeIgniter\Boot::bootWeb(Object(Config\Paths))
 8 SYSTEMPATH\Commands\Server\rewrite.php(49): require_once('C:\\xampp\\htdocs\\prospera\\public\\index.php')
INFO - 2024-08-29 01:57:01 --> Session: Class initialized using 'CodeIgniter\Session\Handlers\FileHandler' driver.
WARNING - 2024-08-29 01:57:47 --> [DEPRECATED] trim(): Passing null to parameter #1 ($string) of type string is deprecated in APPPATH\Controllers\Metadata.php on line 21.
 1 APPPATH\Controllers\Metadata.php(21): trim(null)
 2 SYSTEMPATH\CodeIgniter.php(933): App\Controllers\Metadata->index()
 3 SYSTEMPATH\CodeIgniter.php(509): CodeIgniter\CodeIgniter->runController(Object(App\Controllers\Metadata))
 4 SYSTEMPATH\CodeIgniter.php(355): CodeIgniter\CodeIgniter->handleRequest(null, Object(Config\Cache), false)
 5 SYSTEMPATH\Boot.php(312): CodeIgniter\CodeIgniter->run()
 6 SYSTEMPATH\Boot.php(67): CodeIgniter\Boot::runCodeIgniter(Object(CodeIgniter\CodeIgniter))
 7 FCPATH\index.php(56): CodeIgniter\Boot::bootWeb(Object(Config\Paths))
 8 SYSTEMPATH\Commands\Server\rewrite.php(49): require_once('C:\\xampp\\htdocs\\prospera\\public\\index.php')
INFO - 2024-08-29 01:57:47 --> Session: Class initialized using 'CodeIgniter\Session\Handlers\FileHandler' driver.
WARNING - 2024-08-29 01:58:01 --> [DEPRECATED] trim(): Passing null to parameter #1 ($string) of type string is deprecated in APPPATH\Controllers\Metadata.php on line 21.
 1 APPPATH\Controllers\Metadata.php(21): trim(null)
 2 SYSTEMPATH\CodeIgniter.php(933): App\Controllers\Metadata->index()
 3 SYSTEMPATH\CodeIgniter.php(509): CodeIgniter\CodeIgniter->runController(Object(App\Controllers\Metadata))
 4 SYSTEMPATH\CodeIgniter.php(355): CodeIgniter\CodeIgniter->handleRequest(null, Object(Config\Cache), false)
 5 SYSTEMPATH\Boot.php(312): CodeIgniter\CodeIgniter->run()
 6 SYSTEMPATH\Boot.php(67): CodeIgniter\Boot::runCodeIgniter(Object(CodeIgniter\CodeIgniter))
 7 FCPATH\index.php(56): CodeIgniter\Boot::bootWeb(Object(Config\Paths))
 8 SYSTEMPATH\Commands\Server\rewrite.php(49): require_once('C:\\xampp\\htdocs\\prospera\\public\\index.php')
INFO - 2024-08-29 01:58:01 --> Session: Class initialized using 'CodeIgniter\Session\Handlers\FileHandler' driver.
WARNING - 2024-08-29 01:58:43 --> [DEPRECATED] trim(): Passing null to parameter #1 ($string) of type string is deprecated in APPPATH\Controllers\Metadata.php on line 21.
 1 APPPATH\Controllers\Metadata.php(21): trim(null)
 2 SYSTEMPATH\CodeIgniter.php(933): App\Controllers\Metadata->index()
 3 SYSTEMPATH\CodeIgniter.php(509): CodeIgniter\CodeIgniter->runController(Object(App\Controllers\Metadata))
 4 SYSTEMPATH\CodeIgniter.php(355): CodeIgniter\CodeIgniter->handleRequest(null, Object(Config\Cache), false)
 5 SYSTEMPATH\Boot.php(312): CodeIgniter\CodeIgniter->run()
 6 SYSTEMPATH\Boot.php(67): CodeIgniter\Boot::runCodeIgniter(Object(CodeIgniter\CodeIgniter))
 7 FCPATH\index.php(56): CodeIgniter\Boot::bootWeb(Object(Config\Paths))
 8 SYSTEMPATH\Commands\Server\rewrite.php(49): require_once('C:\\xampp\\htdocs\\prospera\\public\\index.php')
INFO - 2024-08-29 01:58:43 --> Session: Class initialized using 'CodeIgniter\Session\Handlers\FileHandler' driver.
WARNING - 2024-08-29 01:59:12 --> [DEPRECATED] trim(): Passing null to parameter #1 ($string) of type string is deprecated in APPPATH\Controllers\Metadata.php on line 21.
 1 APPPATH\Controllers\Metadata.php(21): trim(null)
 2 SYSTEMPATH\CodeIgniter.php(933): App\Controllers\Metadata->index()
 3 SYSTEMPATH\CodeIgniter.php(509): CodeIgniter\CodeIgniter->runController(Object(App\Controllers\Metadata))
 4 SYSTEMPATH\CodeIgniter.php(355): CodeIgniter\CodeIgniter->handleRequest(null, Object(Config\Cache), false)
 5 SYSTEMPATH\Boot.php(312): CodeIgniter\CodeIgniter->run()
 6 SYSTEMPATH\Boot.php(67): CodeIgniter\Boot::runCodeIgniter(Object(CodeIgniter\CodeIgniter))
 7 FCPATH\index.php(56): CodeIgniter\Boot::bootWeb(Object(Config\Paths))
 8 SYSTEMPATH\Commands\Server\rewrite.php(49): require_once('C:\\xampp\\htdocs\\prospera\\public\\index.php')
INFO - 2024-08-29 01:59:12 --> Session: Class initialized using 'CodeIgniter\Session\Handlers\FileHandler' driver.
WARNING - 2024-08-29 01:59:17 --> [DEPRECATED] trim(): Passing null to parameter #1 ($string) of type string is deprecated in APPPATH\Controllers\Metadata.php on line 21.
 1 APPPATH\Controllers\Metadata.php(21): trim(null)
 2 SYSTEMPATH\CodeIgniter.php(933): App\Controllers\Metadata->index()
 3 SYSTEMPATH\CodeIgniter.php(509): CodeIgniter\CodeIgniter->runController(Object(App\Controllers\Metadata))
 4 SYSTEMPATH\CodeIgniter.php(355): CodeIgniter\CodeIgniter->handleRequest(null, Object(Config\Cache), false)
 5 SYSTEMPATH\Boot.php(312): CodeIgniter\CodeIgniter->run()
 6 SYSTEMPATH\Boot.php(67): CodeIgniter\Boot::runCodeIgniter(Object(CodeIgniter\CodeIgniter))
 7 FCPATH\index.php(56): CodeIgniter\Boot::bootWeb(Object(Config\Paths))
 8 SYSTEMPATH\Commands\Server\rewrite.php(49): require_once('C:\\xampp\\htdocs\\prospera\\public\\index.php')
INFO - 2024-08-29 01:59:17 --> Session: Class initialized using 'CodeIgniter\Session\Handlers\FileHandler' driver.
WARNING - 2024-08-29 04:23:34 --> [DEPRECATED] Creation of dynamic property App\Controllers\Data::$dataModel is deprecated in APPPATH\Controllers\Data.php on line 22.
 1 SYSTEMPATH\CodeIgniter.php(903): App\Controllers\Data->__construct()
 2 SYSTEMPATH\CodeIgniter.php(500): CodeIgniter\CodeIgniter->createController()
 3 SYSTEMPATH\CodeIgniter.php(355): CodeIgniter\CodeIgniter->handleRequest(null, Object(Config\Cache), false)
 4 SYSTEMPATH\Boot.php(312): CodeIgniter\CodeIgniter->run()
 5 SYSTEMPATH\Boot.php(67): CodeIgniter\Boot::runCodeIgniter(Object(CodeIgniter\CodeIgniter))
 6 FCPATH\index.php(56): CodeIgniter\Boot::bootWeb(Object(Config\Paths))
 7 SYSTEMPATH\Commands\Server\rewrite.php(49): require_once('C:\\xampp\\htdocs\\prospera\\public\\index.php')
WARNING - 2024-08-29 04:23:34 --> [DEPRECATED] Creation of dynamic property App\Controllers\Data::$desaModel is deprecated in APPPATH\Controllers\Data.php on line 23.
 1 SYSTEMPATH\CodeIgniter.php(903): App\Controllers\Data->__construct()
 2 SYSTEMPATH\CodeIgniter.php(500): CodeIgniter\CodeIgniter->createController()
 3 SYSTEMPATH\CodeIgniter.php(355): CodeIgniter\CodeIgniter->handleRequest(null, Object(Config\Cache), false)
 4 SYSTEMPATH\Boot.php(312): CodeIgniter\CodeIgniter->run()
 5 SYSTEMPATH\Boot.php(67): CodeIgniter\Boot::runCodeIgniter(Object(CodeIgniter\CodeIgniter))
 6 FCPATH\index.php(56): CodeIgniter\Boot::bootWeb(Object(Config\Paths))
 7 SYSTEMPATH\Commands\Server\rewrite.php(49): require_once('C:\\xampp\\htdocs\\prospera\\public\\index.php')
WARNING - 2024-08-29 04:23:34 --> [DEPRECATED] Creation of dynamic property App\Controllers\Data::$kecamatanModel is deprecated in APPPATH\Controllers\Data.php on line 24.
 1 SYSTEMPATH\CodeIgniter.php(903): App\Controllers\Data->__construct()
 2 SYSTEMPATH\CodeIgniter.php(500): CodeIgniter\CodeIgniter->createController()
 3 SYSTEMPATH\CodeIgniter.php(355): CodeIgniter\CodeIgniter->handleRequest(null, Object(Config\Cache), false)
 4 SYSTEMPATH\Boot.php(312): CodeIgniter\CodeIgniter->run()
 5 SYSTEMPATH\Boot.php(67): CodeIgniter\Boot::runCodeIgniter(Object(CodeIgniter\CodeIgniter))
 6 FCPATH\index.php(56): CodeIgniter\Boot::bootWeb(Object(Config\Paths))
 7 SYSTEMPATH\Commands\Server\rewrite.php(49): require_once('C:\\xampp\\htdocs\\prospera\\public\\index.php')
WARNING - 2024-08-29 04:23:34 --> [DEPRECATED] Creation of dynamic property App\Controllers\Data::$quesModel is deprecated in APPPATH\Controllers\Data.php on line 25.
 1 SYSTEMPATH\CodeIgniter.php(903): App\Controllers\Data->__construct()
 2 SYSTEMPATH\CodeIgniter.php(500): CodeIgniter\CodeIgniter->createController()
 3 SYSTEMPATH\CodeIgniter.php(355): CodeIgniter\CodeIgniter->handleRequest(null, Object(Config\Cache), false)
 4 SYSTEMPATH\Boot.php(312): CodeIgniter\CodeIgniter->run()
 5 SYSTEMPATH\Boot.php(67): CodeIgniter\Boot::runCodeIgniter(Object(CodeIgniter\CodeIgniter))
 6 FCPATH\index.php(56): CodeIgniter\Boot::bootWeb(Object(Config\Paths))
 7 SYSTEMPATH\Commands\Server\rewrite.php(49): require_once('C:\\xampp\\htdocs\\prospera\\public\\index.php')
WARNING - 2024-08-29 04:23:34 --> [DEPRECATED] Creation of dynamic property App\Controllers\Data::$slsModel is deprecated in APPPATH\Controllers\Data.php on line 26.
 1 SYSTEMPATH\CodeIgniter.php(903): App\Controllers\Data->__construct()
 2 SYSTEMPATH\CodeIgniter.php(500): CodeIgniter\CodeIgniter->createController()
 3 SYSTEMPATH\CodeIgniter.php(355): CodeIgniter\CodeIgniter->handleRequest(null, Object(Config\Cache), false)
 4 SYSTEMPATH\Boot.php(312): CodeIgniter\CodeIgniter->run()
 5 SYSTEMPATH\Boot.php(67): CodeIgniter\Boot::runCodeIgniter(Object(CodeIgniter\CodeIgniter))
 6 FCPATH\index.php(56): CodeIgniter\Boot::bootWeb(Object(Config\Paths))
 7 SYSTEMPATH\Commands\Server\rewrite.php(49): require_once('C:\\xampp\\htdocs\\prospera\\public\\index.php')
WARNING - 2024-08-29 04:23:34 --> [DEPRECATED] Creation of dynamic property App\Controllers\Data::$uri is deprecated in APPPATH\Controllers\Data.php on line 27.
 1 SYSTEMPATH\CodeIgniter.php(903): App\Controllers\Data->__construct()
 2 SYSTEMPATH\CodeIgniter.php(500): CodeIgniter\CodeIgniter->createController()
 3 SYSTEMPATH\CodeIgniter.php(355): CodeIgniter\CodeIgniter->handleRequest(null, Object(Config\Cache), false)
 4 SYSTEMPATH\Boot.php(312): CodeIgniter\CodeIgniter->run()
 5 SYSTEMPATH\Boot.php(67): CodeIgniter\Boot::runCodeIgniter(Object(CodeIgniter\CodeIgniter))
 6 FCPATH\index.php(56): CodeIgniter\Boot::bootWeb(Object(Config\Paths))
 7 SYSTEMPATH\Commands\Server\rewrite.php(49): require_once('C:\\xampp\\htdocs\\prospera\\public\\index.php')
INFO - 2024-08-29 04:23:34 --> Session: Class initialized using 'CodeIgniter\Session\Handlers\FileHandler' driver.
CRITICAL - 2024-08-29 04:23:35 --> ErrorException: Trying to access array offset on value of type null
[Method: GET, Route: data_prospera]
in APPPATH\Controllers\Data.php on line 39.
 1 APPPATH\Controllers\Data.php(39): CodeIgniter\Debug\Exceptions->errorHandler(2, 'Trying to access array offset on value of type null', 'C:\\xampp\\htdocs\\prospera\\app\\Controllers\\Data.php', 39)
 2 SYSTEMPATH\CodeIgniter.php(933): App\Controllers\Data->index()
 3 SYSTEMPATH\CodeIgniter.php(509): CodeIgniter\CodeIgniter->runController(Object(App\Controllers\Data))
 4 SYSTEMPATH\CodeIgniter.php(355): CodeIgniter\CodeIgniter->handleRequest(null, Object(Config\Cache), false)
 5 SYSTEMPATH\Boot.php(312): CodeIgniter\CodeIgniter->run()
 6 SYSTEMPATH\Boot.php(67): CodeIgniter\Boot::runCodeIgniter(Object(CodeIgniter\CodeIgniter))
 7 FCPATH\index.php(56): CodeIgniter\Boot::bootWeb(Object(Config\Paths))
 8 SYSTEMPATH\Commands\Server\rewrite.php(49): require_once('C:\\xampp\\htdocs\\prospera\\public\\index.php')
WARNING - 2024-08-29 04:23:40 --> [DEPRECATED] Creation of dynamic property App\Controllers\Data::$dataModel is deprecated in APPPATH\Controllers\Data.php on line 22.
 1 SYSTEMPATH\CodeIgniter.php(903): App\Controllers\Data->__construct()
 2 SYSTEMPATH\CodeIgniter.php(500): CodeIgniter\CodeIgniter->createController()
 3 SYSTEMPATH\CodeIgniter.php(355): CodeIgniter\CodeIgniter->handleRequest(null, Object(Config\Cache), false)
 4 SYSTEMPATH\Boot.php(312): CodeIgniter\CodeIgniter->run()
 5 SYSTEMPATH\Boot.php(67): CodeIgniter\Boot::runCodeIgniter(Object(CodeIgniter\CodeIgniter))
 6 FCPATH\index.php(56): CodeIgniter\Boot::bootWeb(Object(Config\Paths))
 7 SYSTEMPATH\Commands\Server\rewrite.php(49): require_once('C:\\xampp\\htdocs\\prospera\\public\\index.php')
WARNING - 2024-08-29 04:23:40 --> [DEPRECATED] Creation of dynamic property App\Controllers\Data::$desaModel is deprecated in APPPATH\Controllers\Data.php on line 23.
 1 SYSTEMPATH\CodeIgniter.php(903): App\Controllers\Data->__construct()
 2 SYSTEMPATH\CodeIgniter.php(500): CodeIgniter\CodeIgniter->createController()
 3 SYSTEMPATH\CodeIgniter.php(355): CodeIgniter\CodeIgniter->handleRequest(null, Object(Config\Cache), false)
 4 SYSTEMPATH\Boot.php(312): CodeIgniter\CodeIgniter->run()
 5 SYSTEMPATH\Boot.php(67): CodeIgniter\Boot::runCodeIgniter(Object(CodeIgniter\CodeIgniter))
 6 FCPATH\index.php(56): CodeIgniter\Boot::bootWeb(Object(Config\Paths))
 7 SYSTEMPATH\Commands\Server\rewrite.php(49): require_once('C:\\xampp\\htdocs\\prospera\\public\\index.php')
WARNING - 2024-08-29 04:23:40 --> [DEPRECATED] Creation of dynamic property App\Controllers\Data::$kecamatanModel is deprecated in APPPATH\Controllers\Data.php on line 24.
 1 SYSTEMPATH\CodeIgniter.php(903): App\Controllers\Data->__construct()
 2 SYSTEMPATH\CodeIgniter.php(500): CodeIgniter\CodeIgniter->createController()
 3 SYSTEMPATH\CodeIgniter.php(355): CodeIgniter\CodeIgniter->handleRequest(null, Object(Config\Cache), false)
 4 SYSTEMPATH\Boot.php(312): CodeIgniter\CodeIgniter->run()
 5 SYSTEMPATH\Boot.php(67): CodeIgniter\Boot::runCodeIgniter(Object(CodeIgniter\CodeIgniter))
 6 FCPATH\index.php(56): CodeIgniter\Boot::bootWeb(Object(Config\Paths))
 7 SYSTEMPATH\Commands\Server\rewrite.php(49): require_once('C:\\xampp\\htdocs\\prospera\\public\\index.php')
WARNING - 2024-08-29 04:23:40 --> [DEPRECATED] Creation of dynamic property App\Controllers\Data::$quesModel is deprecated in APPPATH\Controllers\Data.php on line 25.
 1 SYSTEMPATH\CodeIgniter.php(903): App\Controllers\Data->__construct()
 2 SYSTEMPATH\CodeIgniter.php(500): CodeIgniter\CodeIgniter->createController()
 3 SYSTEMPATH\CodeIgniter.php(355): CodeIgniter\CodeIgniter->handleRequest(null, Object(Config\Cache), false)
 4 SYSTEMPATH\Boot.php(312): CodeIgniter\CodeIgniter->run()
 5 SYSTEMPATH\Boot.php(67): CodeIgniter\Boot::runCodeIgniter(Object(CodeIgniter\CodeIgniter))
 6 FCPATH\index.php(56): CodeIgniter\Boot::bootWeb(Object(Config\Paths))
 7 SYSTEMPATH\Commands\Server\rewrite.php(49): require_once('C:\\xampp\\htdocs\\prospera\\public\\index.php')
WARNING - 2024-08-29 04:23:40 --> [DEPRECATED] Creation of dynamic property App\Controllers\Data::$slsModel is deprecated in APPPATH\Controllers\Data.php on line 26.
 1 SYSTEMPATH\CodeIgniter.php(903): App\Controllers\Data->__construct()
 2 SYSTEMPATH\CodeIgniter.php(500): CodeIgniter\CodeIgniter->createController()
 3 SYSTEMPATH\CodeIgniter.php(355): CodeIgniter\CodeIgniter->handleRequest(null, Object(Config\Cache), false)
 4 SYSTEMPATH\Boot.php(312): CodeIgniter\CodeIgniter->run()
 5 SYSTEMPATH\Boot.php(67): CodeIgniter\Boot::runCodeIgniter(Object(CodeIgniter\CodeIgniter))
 6 FCPATH\index.php(56): CodeIgniter\Boot::bootWeb(Object(Config\Paths))
 7 SYSTEMPATH\Commands\Server\rewrite.php(49): require_once('C:\\xampp\\htdocs\\prospera\\public\\index.php')
WARNING - 2024-08-29 04:23:40 --> [DEPRECATED] Creation of dynamic property App\Controllers\Data::$uri is deprecated in APPPATH\Controllers\Data.php on line 27.
 1 SYSTEMPATH\CodeIgniter.php(903): App\Controllers\Data->__construct()
 2 SYSTEMPATH\CodeIgniter.php(500): CodeIgniter\CodeIgniter->createController()
 3 SYSTEMPATH\CodeIgniter.php(355): CodeIgniter\CodeIgniter->handleRequest(null, Object(Config\Cache), false)
 4 SYSTEMPATH\Boot.php(312): CodeIgniter\CodeIgniter->run()
 5 SYSTEMPATH\Boot.php(67): CodeIgniter\Boot::runCodeIgniter(Object(CodeIgniter\CodeIgniter))
 6 FCPATH\index.php(56): CodeIgniter\Boot::bootWeb(Object(Config\Paths))
 7 SYSTEMPATH\Commands\Server\rewrite.php(49): require_once('C:\\xampp\\htdocs\\prospera\\public\\index.php')
INFO - 2024-08-29 04:23:40 --> Session: Class initialized using 'CodeIgniter\Session\Handlers\FileHandler' driver.
CRITICAL - 2024-08-29 04:23:40 --> ErrorException: Trying to access array offset on value of type null
[Method: GET, Route: data_prospera]
in APPPATH\Controllers\Data.php on line 39.
 1 APPPATH\Controllers\Data.php(39): CodeIgniter\Debug\Exceptions->errorHandler(2, 'Trying to access array offset on value of type null', 'C:\\xampp\\htdocs\\prospera\\app\\Controllers\\Data.php', 39)
 2 SYSTEMPATH\CodeIgniter.php(933): App\Controllers\Data->index()
 3 SYSTEMPATH\CodeIgniter.php(509): CodeIgniter\CodeIgniter->runController(Object(App\Controllers\Data))
 4 SYSTEMPATH\CodeIgniter.php(355): CodeIgniter\CodeIgniter->handleRequest(null, Object(Config\Cache), false)
 5 SYSTEMPATH\Boot.php(312): CodeIgniter\CodeIgniter->run()
 6 SYSTEMPATH\Boot.php(67): CodeIgniter\Boot::runCodeIgniter(Object(CodeIgniter\CodeIgniter))
 7 FCPATH\index.php(56): CodeIgniter\Boot::bootWeb(Object(Config\Paths))
 8 SYSTEMPATH\Commands\Server\rewrite.php(49): require_once('C:\\xampp\\htdocs\\prospera\\public\\index.php')
WARNING - 2024-08-29 04:23:41 --> [DEPRECATED] Creation of dynamic property App\Controllers\Data::$dataModel is deprecated in APPPATH\Controllers\Data.php on line 22.
 1 SYSTEMPATH\CodeIgniter.php(903): App\Controllers\Data->__construct()
 2 SYSTEMPATH\CodeIgniter.php(500): CodeIgniter\CodeIgniter->createController()
 3 SYSTEMPATH\CodeIgniter.php(355): CodeIgniter\CodeIgniter->handleRequest(null, Object(Config\Cache), false)
 4 SYSTEMPATH\Boot.php(312): CodeIgniter\CodeIgniter->run()
 5 SYSTEMPATH\Boot.php(67): CodeIgniter\Boot::runCodeIgniter(Object(CodeIgniter\CodeIgniter))
 6 FCPATH\index.php(56): CodeIgniter\Boot::bootWeb(Object(Config\Paths))
 7 SYSTEMPATH\Commands\Server\rewrite.php(49): require_once('C:\\xampp\\htdocs\\prospera\\public\\index.php')
WARNING - 2024-08-29 04:23:41 --> [DEPRECATED] Creation of dynamic property App\Controllers\Data::$desaModel is deprecated in APPPATH\Controllers\Data.php on line 23.
 1 SYSTEMPATH\CodeIgniter.php(903): App\Controllers\Data->__construct()
 2 SYSTEMPATH\CodeIgniter.php(500): CodeIgniter\CodeIgniter->createController()
 3 SYSTEMPATH\CodeIgniter.php(355): CodeIgniter\CodeIgniter->handleRequest(null, Object(Config\Cache), false)
 4 SYSTEMPATH\Boot.php(312): CodeIgniter\CodeIgniter->run()
 5 SYSTEMPATH\Boot.php(67): CodeIgniter\Boot::runCodeIgniter(Object(CodeIgniter\CodeIgniter))
 6 FCPATH\index.php(56): CodeIgniter\Boot::bootWeb(Object(Config\Paths))
 7 SYSTEMPATH\Commands\Server\rewrite.php(49): require_once('C:\\xampp\\htdocs\\prospera\\public\\index.php')
WARNING - 2024-08-29 04:23:41 --> [DEPRECATED] Creation of dynamic property App\Controllers\Data::$kecamatanModel is deprecated in APPPATH\Controllers\Data.php on line 24.
 1 SYSTEMPATH\CodeIgniter.php(903): App\Controllers\Data->__construct()
 2 SYSTEMPATH\CodeIgniter.php(500): CodeIgniter\CodeIgniter->createController()
 3 SYSTEMPATH\CodeIgniter.php(355): CodeIgniter\CodeIgniter->handleRequest(null, Object(Config\Cache), false)
 4 SYSTEMPATH\Boot.php(312): CodeIgniter\CodeIgniter->run()
 5 SYSTEMPATH\Boot.php(67): CodeIgniter\Boot::runCodeIgniter(Object(CodeIgniter\CodeIgniter))
 6 FCPATH\index.php(56): CodeIgniter\Boot::bootWeb(Object(Config\Paths))
 7 SYSTEMPATH\Commands\Server\rewrite.php(49): require_once('C:\\xampp\\htdocs\\prospera\\public\\index.php')
WARNING - 2024-08-29 04:23:41 --> [DEPRECATED] Creation of dynamic property App\Controllers\Data::$quesModel is deprecated in APPPATH\Controllers\Data.php on line 25.
 1 SYSTEMPATH\CodeIgniter.php(903): App\Controllers\Data->__construct()
 2 SYSTEMPATH\CodeIgniter.php(500): CodeIgniter\CodeIgniter->createController()
 3 SYSTEMPATH\CodeIgniter.php(355): CodeIgniter\CodeIgniter->handleRequest(null, Object(Config\Cache), false)
 4 SYSTEMPATH\Boot.php(312): CodeIgniter\CodeIgniter->run()
 5 SYSTEMPATH\Boot.php(67): CodeIgniter\Boot::runCodeIgniter(Object(CodeIgniter\CodeIgniter))
 6 FCPATH\index.php(56): CodeIgniter\Boot::bootWeb(Object(Config\Paths))
 7 SYSTEMPATH\Commands\Server\rewrite.php(49): require_once('C:\\xampp\\htdocs\\prospera\\public\\index.php')
WARNING - 2024-08-29 04:23:41 --> [DEPRECATED] Creation of dynamic property App\Controllers\Data::$slsModel is deprecated in APPPATH\Controllers\Data.php on line 26.
 1 SYSTEMPATH\CodeIgniter.php(903): App\Controllers\Data->__construct()
 2 SYSTEMPATH\CodeIgniter.php(500): CodeIgniter\CodeIgniter->createController()
 3 SYSTEMPATH\CodeIgniter.php(355): CodeIgniter\CodeIgniter->handleRequest(null, Object(Config\Cache), false)
 4 SYSTEMPATH\Boot.php(312): CodeIgniter\CodeIgniter->run()
 5 SYSTEMPATH\Boot.php(67): CodeIgniter\Boot::runCodeIgniter(Object(CodeIgniter\CodeIgniter))
 6 FCPATH\index.php(56): CodeIgniter\Boot::bootWeb(Object(Config\Paths))
 7 SYSTEMPATH\Commands\Server\rewrite.php(49): require_once('C:\\xampp\\htdocs\\prospera\\public\\index.php')
WARNING - 2024-08-29 04:23:41 --> [DEPRECATED] Creation of dynamic property App\Controllers\Data::$uri is deprecated in APPPATH\Controllers\Data.php on line 27.
 1 SYSTEMPATH\CodeIgniter.php(903): App\Controllers\Data->__construct()
 2 SYSTEMPATH\CodeIgniter.php(500): CodeIgniter\CodeIgniter->createController()
 3 SYSTEMPATH\CodeIgniter.php(355): CodeIgniter\CodeIgniter->handleRequest(null, Object(Config\Cache), false)
 4 SYSTEMPATH\Boot.php(312): CodeIgniter\CodeIgniter->run()
 5 SYSTEMPATH\Boot.php(67): CodeIgniter\Boot::runCodeIgniter(Object(CodeIgniter\CodeIgniter))
 6 FCPATH\index.php(56): CodeIgniter\Boot::bootWeb(Object(Config\Paths))
 7 SYSTEMPATH\Commands\Server\rewrite.php(49): require_once('C:\\xampp\\htdocs\\prospera\\public\\index.php')
INFO - 2024-08-29 04:23:41 --> Session: Class initialized using 'CodeIgniter\Session\Handlers\FileHandler' driver.
CRITICAL - 2024-08-29 04:23:41 --> ErrorException: Trying to access array offset on value of type null
[Method: GET, Route: data_prospera]
in APPPATH\Controllers\Data.php on line 39.
 1 APPPATH\Controllers\Data.php(39): CodeIgniter\Debug\Exceptions->errorHandler(2, 'Trying to access array offset on value of type null', 'C:\\xampp\\htdocs\\prospera\\app\\Controllers\\Data.php', 39)
 2 SYSTEMPATH\CodeIgniter.php(933): App\Controllers\Data->index()
 3 SYSTEMPATH\CodeIgniter.php(509): CodeIgniter\CodeIgniter->runController(Object(App\Controllers\Data))
 4 SYSTEMPATH\CodeIgniter.php(355): CodeIgniter\CodeIgniter->handleRequest(null, Object(Config\Cache), false)
 5 SYSTEMPATH\Boot.php(312): CodeIgniter\CodeIgniter->run()
 6 SYSTEMPATH\Boot.php(67): CodeIgniter\Boot::runCodeIgniter(Object(CodeIgniter\CodeIgniter))
 7 FCPATH\index.php(56): CodeIgniter\Boot::bootWeb(Object(Config\Paths))
 8 SYSTEMPATH\Commands\Server\rewrite.php(49): require_once('C:\\xampp\\htdocs\\prospera\\public\\index.php')
WARNING - 2024-08-29 04:23:42 --> [DEPRECATED] trim(): Passing null to parameter #1 ($string) of type string is deprecated in APPPATH\Controllers\Metadata.php on line 21.
 1 APPPATH\Controllers\Metadata.php(21): trim(null)
 2 SYSTEMPATH\CodeIgniter.php(933): App\Controllers\Metadata->index()
 3 SYSTEMPATH\CodeIgniter.php(509): CodeIgniter\CodeIgniter->runController(Object(App\Controllers\Metadata))
 4 SYSTEMPATH\CodeIgniter.php(355): CodeIgniter\CodeIgniter->handleRequest(null, Object(Config\Cache), false)
 5 SYSTEMPATH\Boot.php(312): CodeIgniter\CodeIgniter->run()
 6 SYSTEMPATH\Boot.php(67): CodeIgniter\Boot::runCodeIgniter(Object(CodeIgniter\CodeIgniter))
 7 FCPATH\index.php(56): CodeIgniter\Boot::bootWeb(Object(Config\Paths))
 8 SYSTEMPATH\Commands\Server\rewrite.php(49): require_once('C:\\xampp\\htdocs\\prospera\\public\\index.php')
INFO - 2024-08-29 04:23:42 --> Session: Class initialized using 'CodeIgniter\Session\Handlers\FileHandler' driver.
INFO - 2024-08-29 04:23:43 --> Session: Class initialized using 'CodeIgniter\Session\Handlers\FileHandler' driver.
INFO - 2024-08-29 04:23:47 --> Session: Class initialized using 'CodeIgniter\Session\Handlers\FileHandler' driver.
WARNING - 2024-08-29 04:23:47 --> [DEPRECATED] Creation of dynamic property App\Controllers\Data::$dataModel is deprecated in APPPATH\Controllers\Data.php on line 22.
 1 SYSTEMPATH\CodeIgniter.php(903): App\Controllers\Data->__construct()
 2 SYSTEMPATH\CodeIgniter.php(500): CodeIgniter\CodeIgniter->createController()
 3 SYSTEMPATH\CodeIgniter.php(355): CodeIgniter\CodeIgniter->handleRequest(null, Object(Config\Cache), false)
 4 SYSTEMPATH\Boot.php(312): CodeIgniter\CodeIgniter->run()
 5 SYSTEMPATH\Boot.php(67): CodeIgniter\Boot::runCodeIgniter(Object(CodeIgniter\CodeIgniter))
 6 FCPATH\index.php(56): CodeIgniter\Boot::bootWeb(Object(Config\Paths))
 7 SYSTEMPATH\Commands\Server\rewrite.php(49): require_once('C:\\xampp\\htdocs\\prospera\\public\\index.php')
WARNING - 2024-08-29 04:23:47 --> [DEPRECATED] Creation of dynamic property App\Controllers\Data::$desaModel is deprecated in APPPATH\Controllers\Data.php on line 23.
 1 SYSTEMPATH\CodeIgniter.php(903): App\Controllers\Data->__construct()
 2 SYSTEMPATH\CodeIgniter.php(500): CodeIgniter\CodeIgniter->createController()
 3 SYSTEMPATH\CodeIgniter.php(355): CodeIgniter\CodeIgniter->handleRequest(null, Object(Config\Cache), false)
 4 SYSTEMPATH\Boot.php(312): CodeIgniter\CodeIgniter->run()
 5 SYSTEMPATH\Boot.php(67): CodeIgniter\Boot::runCodeIgniter(Object(CodeIgniter\CodeIgniter))
 6 FCPATH\index.php(56): CodeIgniter\Boot::bootWeb(Object(Config\Paths))
 7 SYSTEMPATH\Commands\Server\rewrite.php(49): require_once('C:\\xampp\\htdocs\\prospera\\public\\index.php')
WARNING - 2024-08-29 04:23:47 --> [DEPRECATED] Creation of dynamic property App\Controllers\Data::$kecamatanModel is deprecated in APPPATH\Controllers\Data.php on line 24.
 1 SYSTEMPATH\CodeIgniter.php(903): App\Controllers\Data->__construct()
 2 SYSTEMPATH\CodeIgniter.php(500): CodeIgniter\CodeIgniter->createController()
 3 SYSTEMPATH\CodeIgniter.php(355): CodeIgniter\CodeIgniter->handleRequest(null, Object(Config\Cache), false)
 4 SYSTEMPATH\Boot.php(312): CodeIgniter\CodeIgniter->run()
 5 SYSTEMPATH\Boot.php(67): CodeIgniter\Boot::runCodeIgniter(Object(CodeIgniter\CodeIgniter))
 6 FCPATH\index.php(56): CodeIgniter\Boot::bootWeb(Object(Config\Paths))
 7 SYSTEMPATH\Commands\Server\rewrite.php(49): require_once('C:\\xampp\\htdocs\\prospera\\public\\index.php')
WARNING - 2024-08-29 04:23:47 --> [DEPRECATED] Creation of dynamic property App\Controllers\Data::$quesModel is deprecated in APPPATH\Controllers\Data.php on line 25.
 1 SYSTEMPATH\CodeIgniter.php(903): App\Controllers\Data->__construct()
 2 SYSTEMPATH\CodeIgniter.php(500): CodeIgniter\CodeIgniter->createController()
 3 SYSTEMPATH\CodeIgniter.php(355): CodeIgniter\CodeIgniter->handleRequest(null, Object(Config\Cache), false)
 4 SYSTEMPATH\Boot.php(312): CodeIgniter\CodeIgniter->run()
 5 SYSTEMPATH\Boot.php(67): CodeIgniter\Boot::runCodeIgniter(Object(CodeIgniter\CodeIgniter))
 6 FCPATH\index.php(56): CodeIgniter\Boot::bootWeb(Object(Config\Paths))
 7 SYSTEMPATH\Commands\Server\rewrite.php(49): require_once('C:\\xampp\\htdocs\\prospera\\public\\index.php')
WARNING - 2024-08-29 04:23:47 --> [DEPRECATED] Creation of dynamic property App\Controllers\Data::$slsModel is deprecated in APPPATH\Controllers\Data.php on line 26.
 1 SYSTEMPATH\CodeIgniter.php(903): App\Controllers\Data->__construct()
 2 SYSTEMPATH\CodeIgniter.php(500): CodeIgniter\CodeIgniter->createController()
 3 SYSTEMPATH\CodeIgniter.php(355): CodeIgniter\CodeIgniter->handleRequest(null, Object(Config\Cache), false)
 4 SYSTEMPATH\Boot.php(312): CodeIgniter\CodeIgniter->run()
 5 SYSTEMPATH\Boot.php(67): CodeIgniter\Boot::runCodeIgniter(Object(CodeIgniter\CodeIgniter))
 6 FCPATH\index.php(56): CodeIgniter\Boot::bootWeb(Object(Config\Paths))
 7 SYSTEMPATH\Commands\Server\rewrite.php(49): require_once('C:\\xampp\\htdocs\\prospera\\public\\index.php')
WARNING - 2024-08-29 04:23:47 --> [DEPRECATED] Creation of dynamic property App\Controllers\Data::$uri is deprecated in APPPATH\Controllers\Data.php on line 27.
 1 SYSTEMPATH\CodeIgniter.php(903): App\Controllers\Data->__construct()
 2 SYSTEMPATH\CodeIgniter.php(500): CodeIgniter\CodeIgniter->createController()
 3 SYSTEMPATH\CodeIgniter.php(355): CodeIgniter\CodeIgniter->handleRequest(null, Object(Config\Cache), false)
 4 SYSTEMPATH\Boot.php(312): CodeIgniter\CodeIgniter->run()
 5 SYSTEMPATH\Boot.php(67): CodeIgniter\Boot::runCodeIgniter(Object(CodeIgniter\CodeIgniter))
 6 FCPATH\index.php(56): CodeIgniter\Boot::bootWeb(Object(Config\Paths))
 7 SYSTEMPATH\Commands\Server\rewrite.php(49): require_once('C:\\xampp\\htdocs\\prospera\\public\\index.php')
INFO - 2024-08-29 04:23:47 --> Session: Class initialized using 'CodeIgniter\Session\Handlers\FileHandler' driver.
WARNING - 2024-08-29 04:23:49 --> [DEPRECATED] Creation of dynamic property App\Controllers\Data::$dataModel is deprecated in APPPATH\Controllers\Data.php on line 22.
 1 SYSTEMPATH\CodeIgniter.php(903): App\Controllers\Data->__construct()
 2 SYSTEMPATH\CodeIgniter.php(500): CodeIgniter\CodeIgniter->createController()
 3 SYSTEMPATH\CodeIgniter.php(355): CodeIgniter\CodeIgniter->handleRequest(null, Object(Config\Cache), false)
 4 SYSTEMPATH\Boot.php(312): CodeIgniter\CodeIgniter->run()
 5 SYSTEMPATH\Boot.php(67): CodeIgniter\Boot::runCodeIgniter(Object(CodeIgniter\CodeIgniter))
 6 FCPATH\index.php(56): CodeIgniter\Boot::bootWeb(Object(Config\Paths))
 7 SYSTEMPATH\Commands\Server\rewrite.php(49): require_once('C:\\xampp\\htdocs\\prospera\\public\\index.php')
WARNING - 2024-08-29 04:23:49 --> [DEPRECATED] Creation of dynamic property App\Controllers\Data::$desaModel is deprecated in APPPATH\Controllers\Data.php on line 23.
 1 SYSTEMPATH\CodeIgniter.php(903): App\Controllers\Data->__construct()
 2 SYSTEMPATH\CodeIgniter.php(500): CodeIgniter\CodeIgniter->createController()
 3 SYSTEMPATH\CodeIgniter.php(355): CodeIgniter\CodeIgniter->handleRequest(null, Object(Config\Cache), false)
 4 SYSTEMPATH\Boot.php(312): CodeIgniter\CodeIgniter->run()
 5 SYSTEMPATH\Boot.php(67): CodeIgniter\Boot::runCodeIgniter(Object(CodeIgniter\CodeIgniter))
 6 FCPATH\index.php(56): CodeIgniter\Boot::bootWeb(Object(Config\Paths))
 7 SYSTEMPATH\Commands\Server\rewrite.php(49): require_once('C:\\xampp\\htdocs\\prospera\\public\\index.php')
WARNING - 2024-08-29 04:23:49 --> [DEPRECATED] Creation of dynamic property App\Controllers\Data::$kecamatanModel is deprecated in APPPATH\Controllers\Data.php on line 24.
 1 SYSTEMPATH\CodeIgniter.php(903): App\Controllers\Data->__construct()
 2 SYSTEMPATH\CodeIgniter.php(500): CodeIgniter\CodeIgniter->createController()
 3 SYSTEMPATH\CodeIgniter.php(355): CodeIgniter\CodeIgniter->handleRequest(null, Object(Config\Cache), false)
 4 SYSTEMPATH\Boot.php(312): CodeIgniter\CodeIgniter->run()
 5 SYSTEMPATH\Boot.php(67): CodeIgniter\Boot::runCodeIgniter(Object(CodeIgniter\CodeIgniter))
 6 FCPATH\index.php(56): CodeIgniter\Boot::bootWeb(Object(Config\Paths))
 7 SYSTEMPATH\Commands\Server\rewrite.php(49): require_once('C:\\xampp\\htdocs\\prospera\\public\\index.php')
WARNING - 2024-08-29 04:23:49 --> [DEPRECATED] Creation of dynamic property App\Controllers\Data::$quesModel is deprecated in APPPATH\Controllers\Data.php on line 25.
 1 SYSTEMPATH\CodeIgniter.php(903): App\Controllers\Data->__construct()
 2 SYSTEMPATH\CodeIgniter.php(500): CodeIgniter\CodeIgniter->createController()
 3 SYSTEMPATH\CodeIgniter.php(355): CodeIgniter\CodeIgniter->handleRequest(null, Object(Config\Cache), false)
 4 SYSTEMPATH\Boot.php(312): CodeIgniter\CodeIgniter->run()
 5 SYSTEMPATH\Boot.php(67): CodeIgniter\Boot::runCodeIgniter(Object(CodeIgniter\CodeIgniter))
 6 FCPATH\index.php(56): CodeIgniter\Boot::bootWeb(Object(Config\Paths))
 7 SYSTEMPATH\Commands\Server\rewrite.php(49): require_once('C:\\xampp\\htdocs\\prospera\\public\\index.php')
WARNING - 2024-08-29 04:23:49 --> [DEPRECATED] Creation of dynamic property App\Controllers\Data::$slsModel is deprecated in APPPATH\Controllers\Data.php on line 26.
 1 SYSTEMPATH\CodeIgniter.php(903): App\Controllers\Data->__construct()
 2 SYSTEMPATH\CodeIgniter.php(500): CodeIgniter\CodeIgniter->createController()
 3 SYSTEMPATH\CodeIgniter.php(355): CodeIgniter\CodeIgniter->handleRequest(null, Object(Config\Cache), false)
 4 SYSTEMPATH\Boot.php(312): CodeIgniter\CodeIgniter->run()
 5 SYSTEMPATH\Boot.php(67): CodeIgniter\Boot::runCodeIgniter(Object(CodeIgniter\CodeIgniter))
 6 FCPATH\index.php(56): CodeIgniter\Boot::bootWeb(Object(Config\Paths))
 7 SYSTEMPATH\Commands\Server\rewrite.php(49): require_once('C:\\xampp\\htdocs\\prospera\\public\\index.php')
WARNING - 2024-08-29 04:23:49 --> [DEPRECATED] Creation of dynamic property App\Controllers\Data::$uri is deprecated in APPPATH\Controllers\Data.php on line 27.
 1 SYSTEMPATH\CodeIgniter.php(903): App\Controllers\Data->__construct()
 2 SYSTEMPATH\CodeIgniter.php(500): CodeIgniter\CodeIgniter->createController()
 3 SYSTEMPATH\CodeIgniter.php(355): CodeIgniter\CodeIgniter->handleRequest(null, Object(Config\Cache), false)
 4 SYSTEMPATH\Boot.php(312): CodeIgniter\CodeIgniter->run()
 5 SYSTEMPATH\Boot.php(67): CodeIgniter\Boot::runCodeIgniter(Object(CodeIgniter\CodeIgniter))
 6 FCPATH\index.php(56): CodeIgniter\Boot::bootWeb(Object(Config\Paths))
 7 SYSTEMPATH\Commands\Server\rewrite.php(49): require_once('C:\\xampp\\htdocs\\prospera\\public\\index.php')
INFO - 2024-08-29 04:23:49 --> Session: Class initialized using 'CodeIgniter\Session\Handlers\FileHandler' driver.
WARNING - 2024-08-29 04:23:52 --> [DEPRECATED] trim(): Passing null to parameter #1 ($string) of type string is deprecated in APPPATH\Controllers\Metadata.php on line 21.
 1 APPPATH\Controllers\Metadata.php(21): trim(null)
 2 SYSTEMPATH\CodeIgniter.php(933): App\Controllers\Metadata->index()
 3 SYSTEMPATH\CodeIgniter.php(509): CodeIgniter\CodeIgniter->runController(Object(App\Controllers\Metadata))
 4 SYSTEMPATH\CodeIgniter.php(355): CodeIgniter\CodeIgniter->handleRequest(null, Object(Config\Cache), false)
 5 SYSTEMPATH\Boot.php(312): CodeIgniter\CodeIgniter->run()
 6 SYSTEMPATH\Boot.php(67): CodeIgniter\Boot::runCodeIgniter(Object(CodeIgniter\CodeIgniter))
 7 FCPATH\index.php(56): CodeIgniter\Boot::bootWeb(Object(Config\Paths))
 8 SYSTEMPATH\Commands\Server\rewrite.php(49): require_once('C:\\xampp\\htdocs\\prospera\\public\\index.php')
INFO - 2024-08-29 04:23:52 --> Session: Class initialized using 'CodeIgniter\Session\Handlers\FileHandler' driver.
WARNING - 2024-08-29 04:24:00 --> [DEPRECATED] Creation of dynamic property App\Controllers\Data::$dataModel is deprecated in APPPATH\Controllers\Data.php on line 22.
 1 SYSTEMPATH\CodeIgniter.php(903): App\Controllers\Data->__construct()
 2 SYSTEMPATH\CodeIgniter.php(500): CodeIgniter\CodeIgniter->createController()
 3 SYSTEMPATH\CodeIgniter.php(355): CodeIgniter\CodeIgniter->handleRequest(null, Object(Config\Cache), false)
 4 SYSTEMPATH\Boot.php(312): CodeIgniter\CodeIgniter->run()
 5 SYSTEMPATH\Boot.php(67): CodeIgniter\Boot::runCodeIgniter(Object(CodeIgniter\CodeIgniter))
 6 FCPATH\index.php(56): CodeIgniter\Boot::bootWeb(Object(Config\Paths))
 7 SYSTEMPATH\Commands\Server\rewrite.php(49): require_once('C:\\xampp\\htdocs\\prospera\\public\\index.php')
WARNING - 2024-08-29 04:24:00 --> [DEPRECATED] Creation of dynamic property App\Controllers\Data::$desaModel is deprecated in APPPATH\Controllers\Data.php on line 23.
 1 SYSTEMPATH\CodeIgniter.php(903): App\Controllers\Data->__construct()
 2 SYSTEMPATH\CodeIgniter.php(500): CodeIgniter\CodeIgniter->createController()
 3 SYSTEMPATH\CodeIgniter.php(355): CodeIgniter\CodeIgniter->handleRequest(null, Object(Config\Cache), false)
 4 SYSTEMPATH\Boot.php(312): CodeIgniter\CodeIgniter->run()
 5 SYSTEMPATH\Boot.php(67): CodeIgniter\Boot::runCodeIgniter(Object(CodeIgniter\CodeIgniter))
 6 FCPATH\index.php(56): CodeIgniter\Boot::bootWeb(Object(Config\Paths))
 7 SYSTEMPATH\Commands\Server\rewrite.php(49): require_once('C:\\xampp\\htdocs\\prospera\\public\\index.php')
WARNING - 2024-08-29 04:24:00 --> [DEPRECATED] Creation of dynamic property App\Controllers\Data::$kecamatanModel is deprecated in APPPATH\Controllers\Data.php on line 24.
 1 SYSTEMPATH\CodeIgniter.php(903): App\Controllers\Data->__construct()
 2 SYSTEMPATH\CodeIgniter.php(500): CodeIgniter\CodeIgniter->createController()
 3 SYSTEMPATH\CodeIgniter.php(355): CodeIgniter\CodeIgniter->handleRequest(null, Object(Config\Cache), false)
 4 SYSTEMPATH\Boot.php(312): CodeIgniter\CodeIgniter->run()
 5 SYSTEMPATH\Boot.php(67): CodeIgniter\Boot::runCodeIgniter(Object(CodeIgniter\CodeIgniter))
 6 FCPATH\index.php(56): CodeIgniter\Boot::bootWeb(Object(Config\Paths))
 7 SYSTEMPATH\Commands\Server\rewrite.php(49): require_once('C:\\xampp\\htdocs\\prospera\\public\\index.php')
WARNING - 2024-08-29 04:24:00 --> [DEPRECATED] Creation of dynamic property App\Controllers\Data::$quesModel is deprecated in APPPATH\Controllers\Data.php on line 25.
 1 SYSTEMPATH\CodeIgniter.php(903): App\Controllers\Data->__construct()
 2 SYSTEMPATH\CodeIgniter.php(500): CodeIgniter\CodeIgniter->createController()
 3 SYSTEMPATH\CodeIgniter.php(355): CodeIgniter\CodeIgniter->handleRequest(null, Object(Config\Cache), false)
 4 SYSTEMPATH\Boot.php(312): CodeIgniter\CodeIgniter->run()
 5 SYSTEMPATH\Boot.php(67): CodeIgniter\Boot::runCodeIgniter(Object(CodeIgniter\CodeIgniter))
 6 FCPATH\index.php(56): CodeIgniter\Boot::bootWeb(Object(Config\Paths))
 7 SYSTEMPATH\Commands\Server\rewrite.php(49): require_once('C:\\xampp\\htdocs\\prospera\\public\\index.php')
WARNING - 2024-08-29 04:24:00 --> [DEPRECATED] Creation of dynamic property App\Controllers\Data::$slsModel is deprecated in APPPATH\Controllers\Data.php on line 26.
 1 SYSTEMPATH\CodeIgniter.php(903): App\Controllers\Data->__construct()
 2 SYSTEMPATH\CodeIgniter.php(500): CodeIgniter\CodeIgniter->createController()
 3 SYSTEMPATH\CodeIgniter.php(355): CodeIgniter\CodeIgniter->handleRequest(null, Object(Config\Cache), false)
 4 SYSTEMPATH\Boot.php(312): CodeIgniter\CodeIgniter->run()
 5 SYSTEMPATH\Boot.php(67): CodeIgniter\Boot::runCodeIgniter(Object(CodeIgniter\CodeIgniter))
 6 FCPATH\index.php(56): CodeIgniter\Boot::bootWeb(Object(Config\Paths))
 7 SYSTEMPATH\Commands\Server\rewrite.php(49): require_once('C:\\xampp\\htdocs\\prospera\\public\\index.php')
WARNING - 2024-08-29 04:24:00 --> [DEPRECATED] Creation of dynamic property App\Controllers\Data::$uri is deprecated in APPPATH\Controllers\Data.php on line 27.
 1 SYSTEMPATH\CodeIgniter.php(903): App\Controllers\Data->__construct()
 2 SYSTEMPATH\CodeIgniter.php(500): CodeIgniter\CodeIgniter->createController()
 3 SYSTEMPATH\CodeIgniter.php(355): CodeIgniter\CodeIgniter->handleRequest(null, Object(Config\Cache), false)
 4 SYSTEMPATH\Boot.php(312): CodeIgniter\CodeIgniter->run()
 5 SYSTEMPATH\Boot.php(67): CodeIgniter\Boot::runCodeIgniter(Object(CodeIgniter\CodeIgniter))
 6 FCPATH\index.php(56): CodeIgniter\Boot::bootWeb(Object(Config\Paths))
 7 SYSTEMPATH\Commands\Server\rewrite.php(49): require_once('C:\\xampp\\htdocs\\prospera\\public\\index.php')
INFO - 2024-08-29 04:24:00 --> Session: Class initialized using 'CodeIgniter\Session\Handlers\FileHandler' driver.
WARNING - 2024-08-29 04:29:42 --> [DEPRECATED] Creation of dynamic property App\Controllers\Data::$dataModel is deprecated in APPPATH\Controllers\Data.php on line 22.
 1 SYSTEMPATH\CodeIgniter.php(903): App\Controllers\Data->__construct()
 2 SYSTEMPATH\CodeIgniter.php(500): CodeIgniter\CodeIgniter->createController()
 3 SYSTEMPATH\CodeIgniter.php(355): CodeIgniter\CodeIgniter->handleRequest(null, Object(Config\Cache), false)
 4 SYSTEMPATH\Boot.php(312): CodeIgniter\CodeIgniter->run()
 5 SYSTEMPATH\Boot.php(67): CodeIgniter\Boot::runCodeIgniter(Object(CodeIgniter\CodeIgniter))
 6 FCPATH\index.php(56): CodeIgniter\Boot::bootWeb(Object(Config\Paths))
 7 SYSTEMPATH\Commands\Server\rewrite.php(49): require_once('C:\\xampp\\htdocs\\prospera\\public\\index.php')
WARNING - 2024-08-29 04:29:42 --> [DEPRECATED] Creation of dynamic property App\Controllers\Data::$desaModel is deprecated in APPPATH\Controllers\Data.php on line 23.
 1 SYSTEMPATH\CodeIgniter.php(903): App\Controllers\Data->__construct()
 2 SYSTEMPATH\CodeIgniter.php(500): CodeIgniter\CodeIgniter->createController()
 3 SYSTEMPATH\CodeIgniter.php(355): CodeIgniter\CodeIgniter->handleRequest(null, Object(Config\Cache), false)
 4 SYSTEMPATH\Boot.php(312): CodeIgniter\CodeIgniter->run()
 5 SYSTEMPATH\Boot.php(67): CodeIgniter\Boot::runCodeIgniter(Object(CodeIgniter\CodeIgniter))
 6 FCPATH\index.php(56): CodeIgniter\Boot::bootWeb(Object(Config\Paths))
 7 SYSTEMPATH\Commands\Server\rewrite.php(49): require_once('C:\\xampp\\htdocs\\prospera\\public\\index.php')
WARNING - 2024-08-29 04:29:42 --> [DEPRECATED] Creation of dynamic property App\Controllers\Data::$kecamatanModel is deprecated in APPPATH\Controllers\Data.php on line 24.
 1 SYSTEMPATH\CodeIgniter.php(903): App\Controllers\Data->__construct()
 2 SYSTEMPATH\CodeIgniter.php(500): CodeIgniter\CodeIgniter->createController()
 3 SYSTEMPATH\CodeIgniter.php(355): CodeIgniter\CodeIgniter->handleRequest(null, Object(Config\Cache), false)
 4 SYSTEMPATH\Boot.php(312): CodeIgniter\CodeIgniter->run()
 5 SYSTEMPATH\Boot.php(67): CodeIgniter\Boot::runCodeIgniter(Object(CodeIgniter\CodeIgniter))
 6 FCPATH\index.php(56): CodeIgniter\Boot::bootWeb(Object(Config\Paths))
 7 SYSTEMPATH\Commands\Server\rewrite.php(49): require_once('C:\\xampp\\htdocs\\prospera\\public\\index.php')
WARNING - 2024-08-29 04:29:42 --> [DEPRECATED] Creation of dynamic property App\Controllers\Data::$quesModel is deprecated in APPPATH\Controllers\Data.php on line 25.
 1 SYSTEMPATH\CodeIgniter.php(903): App\Controllers\Data->__construct()
 2 SYSTEMPATH\CodeIgniter.php(500): CodeIgniter\CodeIgniter->createController()
 3 SYSTEMPATH\CodeIgniter.php(355): CodeIgniter\CodeIgniter->handleRequest(null, Object(Config\Cache), false)
 4 SYSTEMPATH\Boot.php(312): CodeIgniter\CodeIgniter->run()
 5 SYSTEMPATH\Boot.php(67): CodeIgniter\Boot::runCodeIgniter(Object(CodeIgniter\CodeIgniter))
 6 FCPATH\index.php(56): CodeIgniter\Boot::bootWeb(Object(Config\Paths))
 7 SYSTEMPATH\Commands\Server\rewrite.php(49): require_once('C:\\xampp\\htdocs\\prospera\\public\\index.php')
WARNING - 2024-08-29 04:29:42 --> [DEPRECATED] Creation of dynamic property App\Controllers\Data::$slsModel is deprecated in APPPATH\Controllers\Data.php on line 26.
 1 SYSTEMPATH\CodeIgniter.php(903): App\Controllers\Data->__construct()
 2 SYSTEMPATH\CodeIgniter.php(500): CodeIgniter\CodeIgniter->createController()
 3 SYSTEMPATH\CodeIgniter.php(355): CodeIgniter\CodeIgniter->handleRequest(null, Object(Config\Cache), false)
 4 SYSTEMPATH\Boot.php(312): CodeIgniter\CodeIgniter->run()
 5 SYSTEMPATH\Boot.php(67): CodeIgniter\Boot::runCodeIgniter(Object(CodeIgniter\CodeIgniter))
 6 FCPATH\index.php(56): CodeIgniter\Boot::bootWeb(Object(Config\Paths))
 7 SYSTEMPATH\Commands\Server\rewrite.php(49): require_once('C:\\xampp\\htdocs\\prospera\\public\\index.php')
WARNING - 2024-08-29 04:29:42 --> [DEPRECATED] Creation of dynamic property App\Controllers\Data::$uri is deprecated in APPPATH\Controllers\Data.php on line 27.
 1 SYSTEMPATH\CodeIgniter.php(903): App\Controllers\Data->__construct()
 2 SYSTEMPATH\CodeIgniter.php(500): CodeIgniter\CodeIgniter->createController()
 3 SYSTEMPATH\CodeIgniter.php(355): CodeIgniter\CodeIgniter->handleRequest(null, Object(Config\Cache), false)
 4 SYSTEMPATH\Boot.php(312): CodeIgniter\CodeIgniter->run()
 5 SYSTEMPATH\Boot.php(67): CodeIgniter\Boot::runCodeIgniter(Object(CodeIgniter\CodeIgniter))
 6 FCPATH\index.php(56): CodeIgniter\Boot::bootWeb(Object(Config\Paths))
 7 SYSTEMPATH\Commands\Server\rewrite.php(49): require_once('C:\\xampp\\htdocs\\prospera\\public\\index.php')
INFO - 2024-08-29 04:29:42 --> Session: Class initialized using 'CodeIgniter\Session\Handlers\FileHandler' driver.
INFO - 2024-08-29 04:47:47 --> Session: Class initialized using 'CodeIgniter\Session\Handlers\FileHandler' driver.
INFO - 2024-08-29 06:32:02 --> Session: Class initialized using 'CodeIgniter\Session\Handlers\FileHandler' driver.
INFO - 2024-08-29 06:39:02 --> Session: Class initialized using 'CodeIgniter\Session\Handlers\FileHandler' driver.
WARNING - 2024-08-29 06:39:03 --> [DEPRECATED] Creation of dynamic property App\Controllers\Data::$dataModel is deprecated in APPPATH\Controllers\Data.php on line 22.
 1 SYSTEMPATH\CodeIgniter.php(903): App\Controllers\Data->__construct()
 2 SYSTEMPATH\CodeIgniter.php(500): CodeIgniter\CodeIgniter->createController()
 3 SYSTEMPATH\CodeIgniter.php(355): CodeIgniter\CodeIgniter->handleRequest(null, Object(Config\Cache), false)
 4 SYSTEMPATH\Boot.php(312): CodeIgniter\CodeIgniter->run()
 5 SYSTEMPATH\Boot.php(67): CodeIgniter\Boot::runCodeIgniter(Object(CodeIgniter\CodeIgniter))
 6 FCPATH\index.php(56): CodeIgniter\Boot::bootWeb(Object(Config\Paths))
 7 SYSTEMPATH\Commands\Server\rewrite.php(49): require_once('C:\\xampp\\htdocs\\prospera\\public\\index.php')
WARNING - 2024-08-29 06:39:03 --> [DEPRECATED] Creation of dynamic property App\Controllers\Data::$desaModel is deprecated in APPPATH\Controllers\Data.php on line 23.
 1 SYSTEMPATH\CodeIgniter.php(903): App\Controllers\Data->__construct()
 2 SYSTEMPATH\CodeIgniter.php(500): CodeIgniter\CodeIgniter->createController()
 3 SYSTEMPATH\CodeIgniter.php(355): CodeIgniter\CodeIgniter->handleRequest(null, Object(Config\Cache), false)
 4 SYSTEMPATH\Boot.php(312): CodeIgniter\CodeIgniter->run()
 5 SYSTEMPATH\Boot.php(67): CodeIgniter\Boot::runCodeIgniter(Object(CodeIgniter\CodeIgniter))
 6 FCPATH\index.php(56): CodeIgniter\Boot::bootWeb(Object(Config\Paths))
 7 SYSTEMPATH\Commands\Server\rewrite.php(49): require_once('C:\\xampp\\htdocs\\prospera\\public\\index.php')
WARNING - 2024-08-29 06:39:03 --> [DEPRECATED] Creation of dynamic property App\Controllers\Data::$kecamatanModel is deprecated in APPPATH\Controllers\Data.php on line 24.
 1 SYSTEMPATH\CodeIgniter.php(903): App\Controllers\Data->__construct()
 2 SYSTEMPATH\CodeIgniter.php(500): CodeIgniter\CodeIgniter->createController()
 3 SYSTEMPATH\CodeIgniter.php(355): CodeIgniter\CodeIgniter->handleRequest(null, Object(Config\Cache), false)
 4 SYSTEMPATH\Boot.php(312): CodeIgniter\CodeIgniter->run()
 5 SYSTEMPATH\Boot.php(67): CodeIgniter\Boot::runCodeIgniter(Object(CodeIgniter\CodeIgniter))
 6 FCPATH\index.php(56): CodeIgniter\Boot::bootWeb(Object(Config\Paths))
 7 SYSTEMPATH\Commands\Server\rewrite.php(49): require_once('C:\\xampp\\htdocs\\prospera\\public\\index.php')
WARNING - 2024-08-29 06:39:03 --> [DEPRECATED] Creation of dynamic property App\Controllers\Data::$quesModel is deprecated in APPPATH\Controllers\Data.php on line 25.
 1 SYSTEMPATH\CodeIgniter.php(903): App\Controllers\Data->__construct()
 2 SYSTEMPATH\CodeIgniter.php(500): CodeIgniter\CodeIgniter->createController()
 3 SYSTEMPATH\CodeIgniter.php(355): CodeIgniter\CodeIgniter->handleRequest(null, Object(Config\Cache), false)
 4 SYSTEMPATH\Boot.php(312): CodeIgniter\CodeIgniter->run()
 5 SYSTEMPATH\Boot.php(67): CodeIgniter\Boot::runCodeIgniter(Object(CodeIgniter\CodeIgniter))
 6 FCPATH\index.php(56): CodeIgniter\Boot::bootWeb(Object(Config\Paths))
 7 SYSTEMPATH\Commands\Server\rewrite.php(49): require_once('C:\\xampp\\htdocs\\prospera\\public\\index.php')
WARNING - 2024-08-29 06:39:03 --> [DEPRECATED] Creation of dynamic property App\Controllers\Data::$slsModel is deprecated in APPPATH\Controllers\Data.php on line 26.
 1 SYSTEMPATH\CodeIgniter.php(903): App\Controllers\Data->__construct()
 2 SYSTEMPATH\CodeIgniter.php(500): CodeIgniter\CodeIgniter->createController()
 3 SYSTEMPATH\CodeIgniter.php(355): CodeIgniter\CodeIgniter->handleRequest(null, Object(Config\Cache), false)
 4 SYSTEMPATH\Boot.php(312): CodeIgniter\CodeIgniter->run()
 5 SYSTEMPATH\Boot.php(67): CodeIgniter\Boot::runCodeIgniter(Object(CodeIgniter\CodeIgniter))
 6 FCPATH\index.php(56): CodeIgniter\Boot::bootWeb(Object(Config\Paths))
 7 SYSTEMPATH\Commands\Server\rewrite.php(49): require_once('C:\\xampp\\htdocs\\prospera\\public\\index.php')
WARNING - 2024-08-29 06:39:03 --> [DEPRECATED] Creation of dynamic property App\Controllers\Data::$uri is deprecated in APPPATH\Controllers\Data.php on line 27.
 1 SYSTEMPATH\CodeIgniter.php(903): App\Controllers\Data->__construct()
 2 SYSTEMPATH\CodeIgniter.php(500): CodeIgniter\CodeIgniter->createController()
 3 SYSTEMPATH\CodeIgniter.php(355): CodeIgniter\CodeIgniter->handleRequest(null, Object(Config\Cache), false)
 4 SYSTEMPATH\Boot.php(312): CodeIgniter\CodeIgniter->run()
 5 SYSTEMPATH\Boot.php(67): CodeIgniter\Boot::runCodeIgniter(Object(CodeIgniter\CodeIgniter))
 6 FCPATH\index.php(56): CodeIgniter\Boot::bootWeb(Object(Config\Paths))
 7 SYSTEMPATH\Commands\Server\rewrite.php(49): require_once('C:\\xampp\\htdocs\\prospera\\public\\index.php')
INFO - 2024-08-29 06:39:03 --> Session: Class initialized using 'CodeIgniter\Session\Handlers\FileHandler' driver.
WARNING - 2024-08-29 07:24:19 --> [DEPRECATED] trim(): Passing null to parameter #1 ($string) of type string is deprecated in APPPATH\Controllers\Metadata.php on line 21.
 1 APPPATH\Controllers\Metadata.php(21): trim(null)
 2 SYSTEMPATH\CodeIgniter.php(933): App\Controllers\Metadata->index()
 3 SYSTEMPATH\CodeIgniter.php(509): CodeIgniter\CodeIgniter->runController(Object(App\Controllers\Metadata))
 4 SYSTEMPATH\CodeIgniter.php(355): CodeIgniter\CodeIgniter->handleRequest(null, Object(Config\Cache), false)
 5 SYSTEMPATH\Boot.php(312): CodeIgniter\CodeIgniter->run()
 6 SYSTEMPATH\Boot.php(67): CodeIgniter\Boot::runCodeIgniter(Object(CodeIgniter\CodeIgniter))
 7 FCPATH\index.php(56): CodeIgniter\Boot::bootWeb(Object(Config\Paths))
 8 SYSTEMPATH\Commands\Server\rewrite.php(49): require_once('C:\\xampp\\htdocs\\prospera\\public\\index.php')
INFO - 2024-08-29 07:24:19 --> Session: Class initialized using 'CodeIgniter\Session\Handlers\FileHandler' driver.
WARNING - 2024-08-29 07:25:41 --> [DEPRECATED] Creation of dynamic property App\Controllers\Data::$dataModel is deprecated in APPPATH\Controllers\Data.php on line 22.
 1 SYSTEMPATH\CodeIgniter.php(903): App\Controllers\Data->__construct()
 2 SYSTEMPATH\CodeIgniter.php(500): CodeIgniter\CodeIgniter->createController()
 3 SYSTEMPATH\CodeIgniter.php(355): CodeIgniter\CodeIgniter->handleRequest(null, Object(Config\Cache), false)
 4 SYSTEMPATH\Boot.php(312): CodeIgniter\CodeIgniter->run()
 5 SYSTEMPATH\Boot.php(67): CodeIgniter\Boot::runCodeIgniter(Object(CodeIgniter\CodeIgniter))
 6 FCPATH\index.php(56): CodeIgniter\Boot::bootWeb(Object(Config\Paths))
 7 SYSTEMPATH\Commands\Server\rewrite.php(49): require_once('C:\\xampp\\htdocs\\prospera\\public\\index.php')
WARNING - 2024-08-29 07:25:41 --> [DEPRECATED] Creation of dynamic property App\Controllers\Data::$desaModel is deprecated in APPPATH\Controllers\Data.php on line 23.
 1 SYSTEMPATH\CodeIgniter.php(903): App\Controllers\Data->__construct()
 2 SYSTEMPATH\CodeIgniter.php(500): CodeIgniter\CodeIgniter->createController()
 3 SYSTEMPATH\CodeIgniter.php(355): CodeIgniter\CodeIgniter->handleRequest(null, Object(Config\Cache), false)
 4 SYSTEMPATH\Boot.php(312): CodeIgniter\CodeIgniter->run()
 5 SYSTEMPATH\Boot.php(67): CodeIgniter\Boot::runCodeIgniter(Object(CodeIgniter\CodeIgniter))
 6 FCPATH\index.php(56): CodeIgniter\Boot::bootWeb(Object(Config\Paths))
 7 SYSTEMPATH\Commands\Server\rewrite.php(49): require_once('C:\\xampp\\htdocs\\prospera\\public\\index.php')
WARNING - 2024-08-29 07:25:41 --> [DEPRECATED] Creation of dynamic property App\Controllers\Data::$kecamatanModel is deprecated in APPPATH\Controllers\Data.php on line 24.
 1 SYSTEMPATH\CodeIgniter.php(903): App\Controllers\Data->__construct()
 2 SYSTEMPATH\CodeIgniter.php(500): CodeIgniter\CodeIgniter->createController()
 3 SYSTEMPATH\CodeIgniter.php(355): CodeIgniter\CodeIgniter->handleRequest(null, Object(Config\Cache), false)
 4 SYSTEMPATH\Boot.php(312): CodeIgniter\CodeIgniter->run()
 5 SYSTEMPATH\Boot.php(67): CodeIgniter\Boot::runCodeIgniter(Object(CodeIgniter\CodeIgniter))
 6 FCPATH\index.php(56): CodeIgniter\Boot::bootWeb(Object(Config\Paths))
 7 SYSTEMPATH\Commands\Server\rewrite.php(49): require_once('C:\\xampp\\htdocs\\prospera\\public\\index.php')
WARNING - 2024-08-29 07:25:41 --> [DEPRECATED] Creation of dynamic property App\Controllers\Data::$quesModel is deprecated in APPPATH\Controllers\Data.php on line 25.
 1 SYSTEMPATH\CodeIgniter.php(903): App\Controllers\Data->__construct()
 2 SYSTEMPATH\CodeIgniter.php(500): CodeIgniter\CodeIgniter->createController()
 3 SYSTEMPATH\CodeIgniter.php(355): CodeIgniter\CodeIgniter->handleRequest(null, Object(Config\Cache), false)
 4 SYSTEMPATH\Boot.php(312): CodeIgniter\CodeIgniter->run()
 5 SYSTEMPATH\Boot.php(67): CodeIgniter\Boot::runCodeIgniter(Object(CodeIgniter\CodeIgniter))
 6 FCPATH\index.php(56): CodeIgniter\Boot::bootWeb(Object(Config\Paths))
 7 SYSTEMPATH\Commands\Server\rewrite.php(49): require_once('C:\\xampp\\htdocs\\prospera\\public\\index.php')
WARNING - 2024-08-29 07:25:41 --> [DEPRECATED] Creation of dynamic property App\Controllers\Data::$slsModel is deprecated in APPPATH\Controllers\Data.php on line 26.
 1 SYSTEMPATH\CodeIgniter.php(903): App\Controllers\Data->__construct()
 2 SYSTEMPATH\CodeIgniter.php(500): CodeIgniter\CodeIgniter->createController()
 3 SYSTEMPATH\CodeIgniter.php(355): CodeIgniter\CodeIgniter->handleRequest(null, Object(Config\Cache), false)
 4 SYSTEMPATH\Boot.php(312): CodeIgniter\CodeIgniter->run()
 5 SYSTEMPATH\Boot.php(67): CodeIgniter\Boot::runCodeIgniter(Object(CodeIgniter\CodeIgniter))
 6 FCPATH\index.php(56): CodeIgniter\Boot::bootWeb(Object(Config\Paths))
 7 SYSTEMPATH\Commands\Server\rewrite.php(49): require_once('C:\\xampp\\htdocs\\prospera\\public\\index.php')
WARNING - 2024-08-29 07:25:41 --> [DEPRECATED] Creation of dynamic property App\Controllers\Data::$uri is deprecated in APPPATH\Controllers\Data.php on line 27.
 1 SYSTEMPATH\CodeIgniter.php(903): App\Controllers\Data->__construct()
 2 SYSTEMPATH\CodeIgniter.php(500): CodeIgniter\CodeIgniter->createController()
 3 SYSTEMPATH\CodeIgniter.php(355): CodeIgniter\CodeIgniter->handleRequest(null, Object(Config\Cache), false)
 4 SYSTEMPATH\Boot.php(312): CodeIgniter\CodeIgniter->run()
 5 SYSTEMPATH\Boot.php(67): CodeIgniter\Boot::runCodeIgniter(Object(CodeIgniter\CodeIgniter))
 6 FCPATH\index.php(56): CodeIgniter\Boot::bootWeb(Object(Config\Paths))
 7 SYSTEMPATH\Commands\Server\rewrite.php(49): require_once('C:\\xampp\\htdocs\\prospera\\public\\index.php')
INFO - 2024-08-29 07:25:41 --> Session: Class initialized using 'CodeIgniter\Session\Handlers\FileHandler' driver.
WARNING - 2024-08-29 07:25:43 --> [DEPRECATED] Creation of dynamic property App\Controllers\Data::$dataModel is deprecated in APPPATH\Controllers\Data.php on line 22.
 1 SYSTEMPATH\CodeIgniter.php(903): App\Controllers\Data->__construct()
 2 SYSTEMPATH\CodeIgniter.php(500): CodeIgniter\CodeIgniter->createController()
 3 SYSTEMPATH\CodeIgniter.php(355): CodeIgniter\CodeIgniter->handleRequest(null, Object(Config\Cache), false)
 4 SYSTEMPATH\Boot.php(312): CodeIgniter\CodeIgniter->run()
 5 SYSTEMPATH\Boot.php(67): CodeIgniter\Boot::runCodeIgniter(Object(CodeIgniter\CodeIgniter))
 6 FCPATH\index.php(56): CodeIgniter\Boot::bootWeb(Object(Config\Paths))
 7 SYSTEMPATH\Commands\Server\rewrite.php(49): require_once('C:\\xampp\\htdocs\\prospera\\public\\index.php')
WARNING - 2024-08-29 07:25:43 --> [DEPRECATED] Creation of dynamic property App\Controllers\Data::$desaModel is deprecated in APPPATH\Controllers\Data.php on line 23.
 1 SYSTEMPATH\CodeIgniter.php(903): App\Controllers\Data->__construct()
 2 SYSTEMPATH\CodeIgniter.php(500): CodeIgniter\CodeIgniter->createController()
 3 SYSTEMPATH\CodeIgniter.php(355): CodeIgniter\CodeIgniter->handleRequest(null, Object(Config\Cache), false)
 4 SYSTEMPATH\Boot.php(312): CodeIgniter\CodeIgniter->run()
 5 SYSTEMPATH\Boot.php(67): CodeIgniter\Boot::runCodeIgniter(Object(CodeIgniter\CodeIgniter))
 6 FCPATH\index.php(56): CodeIgniter\Boot::bootWeb(Object(Config\Paths))
 7 SYSTEMPATH\Commands\Server\rewrite.php(49): require_once('C:\\xampp\\htdocs\\prospera\\public\\index.php')
WARNING - 2024-08-29 07:25:43 --> [DEPRECATED] Creation of dynamic property App\Controllers\Data::$kecamatanModel is deprecated in APPPATH\Controllers\Data.php on line 24.
 1 SYSTEMPATH\CodeIgniter.php(903): App\Controllers\Data->__construct()
 2 SYSTEMPATH\CodeIgniter.php(500): CodeIgniter\CodeIgniter->createController()
 3 SYSTEMPATH\CodeIgniter.php(355): CodeIgniter\CodeIgniter->handleRequest(null, Object(Config\Cache), false)
 4 SYSTEMPATH\Boot.php(312): CodeIgniter\CodeIgniter->run()
 5 SYSTEMPATH\Boot.php(67): CodeIgniter\Boot::runCodeIgniter(Object(CodeIgniter\CodeIgniter))
 6 FCPATH\index.php(56): CodeIgniter\Boot::bootWeb(Object(Config\Paths))
 7 SYSTEMPATH\Commands\Server\rewrite.php(49): require_once('C:\\xampp\\htdocs\\prospera\\public\\index.php')
WARNING - 2024-08-29 07:25:43 --> [DEPRECATED] Creation of dynamic property App\Controllers\Data::$quesModel is deprecated in APPPATH\Controllers\Data.php on line 25.
 1 SYSTEMPATH\CodeIgniter.php(903): App\Controllers\Data->__construct()
 2 SYSTEMPATH\CodeIgniter.php(500): CodeIgniter\CodeIgniter->createController()
 3 SYSTEMPATH\CodeIgniter.php(355): CodeIgniter\CodeIgniter->handleRequest(null, Object(Config\Cache), false)
 4 SYSTEMPATH\Boot.php(312): CodeIgniter\CodeIgniter->run()
 5 SYSTEMPATH\Boot.php(67): CodeIgniter\Boot::runCodeIgniter(Object(CodeIgniter\CodeIgniter))
 6 FCPATH\index.php(56): CodeIgniter\Boot::bootWeb(Object(Config\Paths))
 7 SYSTEMPATH\Commands\Server\rewrite.php(49): require_once('C:\\xampp\\htdocs\\prospera\\public\\index.php')
WARNING - 2024-08-29 07:25:43 --> [DEPRECATED] Creation of dynamic property App\Controllers\Data::$slsModel is deprecated in APPPATH\Controllers\Data.php on line 26.
 1 SYSTEMPATH\CodeIgniter.php(903): App\Controllers\Data->__construct()
 2 SYSTEMPATH\CodeIgniter.php(500): CodeIgniter\CodeIgniter->createController()
 3 SYSTEMPATH\CodeIgniter.php(355): CodeIgniter\CodeIgniter->handleRequest(null, Object(Config\Cache), false)
 4 SYSTEMPATH\Boot.php(312): CodeIgniter\CodeIgniter->run()
 5 SYSTEMPATH\Boot.php(67): CodeIgniter\Boot::runCodeIgniter(Object(CodeIgniter\CodeIgniter))
 6 FCPATH\index.php(56): CodeIgniter\Boot::bootWeb(Object(Config\Paths))
 7 SYSTEMPATH\Commands\Server\rewrite.php(49): require_once('C:\\xampp\\htdocs\\prospera\\public\\index.php')
WARNING - 2024-08-29 07:25:43 --> [DEPRECATED] Creation of dynamic property App\Controllers\Data::$uri is deprecated in APPPATH\Controllers\Data.php on line 27.
 1 SYSTEMPATH\CodeIgniter.php(903): App\Controllers\Data->__construct()
 2 SYSTEMPATH\CodeIgniter.php(500): CodeIgniter\CodeIgniter->createController()
 3 SYSTEMPATH\CodeIgniter.php(355): CodeIgniter\CodeIgniter->handleRequest(null, Object(Config\Cache), false)
 4 SYSTEMPATH\Boot.php(312): CodeIgniter\CodeIgniter->run()
 5 SYSTEMPATH\Boot.php(67): CodeIgniter\Boot::runCodeIgniter(Object(CodeIgniter\CodeIgniter))
 6 FCPATH\index.php(56): CodeIgniter\Boot::bootWeb(Object(Config\Paths))
 7 SYSTEMPATH\Commands\Server\rewrite.php(49): require_once('C:\\xampp\\htdocs\\prospera\\public\\index.php')
INFO - 2024-08-29 07:25:43 --> Session: Class initialized using 'CodeIgniter\Session\Handlers\FileHandler' driver.
WARNING - 2024-08-29 07:25:46 --> [DEPRECATED] Creation of dynamic property App\Controllers\Data::$dataModel is deprecated in APPPATH\Controllers\Data.php on line 22.
 1 SYSTEMPATH\CodeIgniter.php(903): App\Controllers\Data->__construct()
 2 SYSTEMPATH\CodeIgniter.php(500): CodeIgniter\CodeIgniter->createController()
 3 SYSTEMPATH\CodeIgniter.php(355): CodeIgniter\CodeIgniter->handleRequest(null, Object(Config\Cache), false)
 4 SYSTEMPATH\Boot.php(312): CodeIgniter\CodeIgniter->run()
 5 SYSTEMPATH\Boot.php(67): CodeIgniter\Boot::runCodeIgniter(Object(CodeIgniter\CodeIgniter))
 6 FCPATH\index.php(56): CodeIgniter\Boot::bootWeb(Object(Config\Paths))
 7 SYSTEMPATH\Commands\Server\rewrite.php(49): require_once('C:\\xampp\\htdocs\\prospera\\public\\index.php')
WARNING - 2024-08-29 07:25:46 --> [DEPRECATED] Creation of dynamic property App\Controllers\Data::$desaModel is deprecated in APPPATH\Controllers\Data.php on line 23.
 1 SYSTEMPATH\CodeIgniter.php(903): App\Controllers\Data->__construct()
 2 SYSTEMPATH\CodeIgniter.php(500): CodeIgniter\CodeIgniter->createController()
 3 SYSTEMPATH\CodeIgniter.php(355): CodeIgniter\CodeIgniter->handleRequest(null, Object(Config\Cache), false)
 4 SYSTEMPATH\Boot.php(312): CodeIgniter\CodeIgniter->run()
 5 SYSTEMPATH\Boot.php(67): CodeIgniter\Boot::runCodeIgniter(Object(CodeIgniter\CodeIgniter))
 6 FCPATH\index.php(56): CodeIgniter\Boot::bootWeb(Object(Config\Paths))
 7 SYSTEMPATH\Commands\Server\rewrite.php(49): require_once('C:\\xampp\\htdocs\\prospera\\public\\index.php')
WARNING - 2024-08-29 07:25:46 --> [DEPRECATED] Creation of dynamic property App\Controllers\Data::$kecamatanModel is deprecated in APPPATH\Controllers\Data.php on line 24.
 1 SYSTEMPATH\CodeIgniter.php(903): App\Controllers\Data->__construct()
 2 SYSTEMPATH\CodeIgniter.php(500): CodeIgniter\CodeIgniter->createController()
 3 SYSTEMPATH\CodeIgniter.php(355): CodeIgniter\CodeIgniter->handleRequest(null, Object(Config\Cache), false)
 4 SYSTEMPATH\Boot.php(312): CodeIgniter\CodeIgniter->run()
 5 SYSTEMPATH\Boot.php(67): CodeIgniter\Boot::runCodeIgniter(Object(CodeIgniter\CodeIgniter))
 6 FCPATH\index.php(56): CodeIgniter\Boot::bootWeb(Object(Config\Paths))
 7 SYSTEMPATH\Commands\Server\rewrite.php(49): require_once('C:\\xampp\\htdocs\\prospera\\public\\index.php')
WARNING - 2024-08-29 07:25:46 --> [DEPRECATED] Creation of dynamic property App\Controllers\Data::$quesModel is deprecated in APPPATH\Controllers\Data.php on line 25.
 1 SYSTEMPATH\CodeIgniter.php(903): App\Controllers\Data->__construct()
 2 SYSTEMPATH\CodeIgniter.php(500): CodeIgniter\CodeIgniter->createController()
 3 SYSTEMPATH\CodeIgniter.php(355): CodeIgniter\CodeIgniter->handleRequest(null, Object(Config\Cache), false)
 4 SYSTEMPATH\Boot.php(312): CodeIgniter\CodeIgniter->run()
 5 SYSTEMPATH\Boot.php(67): CodeIgniter\Boot::runCodeIgniter(Object(CodeIgniter\CodeIgniter))
 6 FCPATH\index.php(56): CodeIgniter\Boot::bootWeb(Object(Config\Paths))
 7 SYSTEMPATH\Commands\Server\rewrite.php(49): require_once('C:\\xampp\\htdocs\\prospera\\public\\index.php')
WARNING - 2024-08-29 07:25:46 --> [DEPRECATED] Creation of dynamic property App\Controllers\Data::$slsModel is deprecated in APPPATH\Controllers\Data.php on line 26.
 1 SYSTEMPATH\CodeIgniter.php(903): App\Controllers\Data->__construct()
 2 SYSTEMPATH\CodeIgniter.php(500): CodeIgniter\CodeIgniter->createController()
 3 SYSTEMPATH\CodeIgniter.php(355): CodeIgniter\CodeIgniter->handleRequest(null, Object(Config\Cache), false)
 4 SYSTEMPATH\Boot.php(312): CodeIgniter\CodeIgniter->run()
 5 SYSTEMPATH\Boot.php(67): CodeIgniter\Boot::runCodeIgniter(Object(CodeIgniter\CodeIgniter))
 6 FCPATH\index.php(56): CodeIgniter\Boot::bootWeb(Object(Config\Paths))
 7 SYSTEMPATH\Commands\Server\rewrite.php(49): require_once('C:\\xampp\\htdocs\\prospera\\public\\index.php')
WARNING - 2024-08-29 07:25:46 --> [DEPRECATED] Creation of dynamic property App\Controllers\Data::$uri is deprecated in APPPATH\Controllers\Data.php on line 27.
 1 SYSTEMPATH\CodeIgniter.php(903): App\Controllers\Data->__construct()
 2 SYSTEMPATH\CodeIgniter.php(500): CodeIgniter\CodeIgniter->createController()
 3 SYSTEMPATH\CodeIgniter.php(355): CodeIgniter\CodeIgniter->handleRequest(null, Object(Config\Cache), false)
 4 SYSTEMPATH\Boot.php(312): CodeIgniter\CodeIgniter->run()
 5 SYSTEMPATH\Boot.php(67): CodeIgniter\Boot::runCodeIgniter(Object(CodeIgniter\CodeIgniter))
 6 FCPATH\index.php(56): CodeIgniter\Boot::bootWeb(Object(Config\Paths))
 7 SYSTEMPATH\Commands\Server\rewrite.php(49): require_once('C:\\xampp\\htdocs\\prospera\\public\\index.php')
INFO - 2024-08-29 07:25:46 --> Session: Class initialized using 'CodeIgniter\Session\Handlers\FileHandler' driver.
WARNING - 2024-08-29 07:25:48 --> [DEPRECATED] trim(): Passing null to parameter #1 ($string) of type string is deprecated in APPPATH\Controllers\Metadata.php on line 21.
 1 APPPATH\Controllers\Metadata.php(21): trim(null)
 2 SYSTEMPATH\CodeIgniter.php(933): App\Controllers\Metadata->index()
 3 SYSTEMPATH\CodeIgniter.php(509): CodeIgniter\CodeIgniter->runController(Object(App\Controllers\Metadata))
 4 SYSTEMPATH\CodeIgniter.php(355): CodeIgniter\CodeIgniter->handleRequest(null, Object(Config\Cache), false)
 5 SYSTEMPATH\Boot.php(312): CodeIgniter\CodeIgniter->run()
 6 SYSTEMPATH\Boot.php(67): CodeIgniter\Boot::runCodeIgniter(Object(CodeIgniter\CodeIgniter))
 7 FCPATH\index.php(56): CodeIgniter\Boot::bootWeb(Object(Config\Paths))
 8 SYSTEMPATH\Commands\Server\rewrite.php(49): require_once('C:\\xampp\\htdocs\\prospera\\public\\index.php')
INFO - 2024-08-29 07:25:48 --> Session: Class initialized using 'CodeIgniter\Session\Handlers\FileHandler' driver.
WARNING - 2024-08-29 07:25:51 --> [DEPRECATED] Creation of dynamic property App\Controllers\User::$userModel is deprecated in APPPATH\Controllers\User.php on line 13.
 1 SYSTEMPATH\CodeIgniter.php(903): App\Controllers\User->__construct()
 2 SYSTEMPATH\CodeIgniter.php(500): CodeIgniter\CodeIgniter->createController()
 3 SYSTEMPATH\CodeIgniter.php(355): CodeIgniter\CodeIgniter->handleRequest(null, Object(Config\Cache), false)
 4 SYSTEMPATH\Boot.php(312): CodeIgniter\CodeIgniter->run()
 5 SYSTEMPATH\Boot.php(67): CodeIgniter\Boot::runCodeIgniter(Object(CodeIgniter\CodeIgniter))
 6 FCPATH\index.php(56): CodeIgniter\Boot::bootWeb(Object(Config\Paths))
 7 SYSTEMPATH\Commands\Server\rewrite.php(49): require_once('C:\\xampp\\htdocs\\prospera\\public\\index.php')
WARNING - 2024-08-29 07:25:51 --> [DEPRECATED] Creation of dynamic property App\Controllers\User::$desaModel is deprecated in APPPATH\Controllers\User.php on line 14.
 1 SYSTEMPATH\CodeIgniter.php(903): App\Controllers\User->__construct()
 2 SYSTEMPATH\CodeIgniter.php(500): CodeIgniter\CodeIgniter->createController()
 3 SYSTEMPATH\CodeIgniter.php(355): CodeIgniter\CodeIgniter->handleRequest(null, Object(Config\Cache), false)
 4 SYSTEMPATH\Boot.php(312): CodeIgniter\CodeIgniter->run()
 5 SYSTEMPATH\Boot.php(67): CodeIgniter\Boot::runCodeIgniter(Object(CodeIgniter\CodeIgniter))
 6 FCPATH\index.php(56): CodeIgniter\Boot::bootWeb(Object(Config\Paths))
 7 SYSTEMPATH\Commands\Server\rewrite.php(49): require_once('C:\\xampp\\htdocs\\prospera\\public\\index.php')
WARNING - 2024-08-29 07:25:51 --> [DEPRECATED] Creation of dynamic property App\Controllers\User::$kecamatanModel is deprecated in APPPATH\Controllers\User.php on line 15.
 1 SYSTEMPATH\CodeIgniter.php(903): App\Controllers\User->__construct()
 2 SYSTEMPATH\CodeIgniter.php(500): CodeIgniter\CodeIgniter->createController()
 3 SYSTEMPATH\CodeIgniter.php(355): CodeIgniter\CodeIgniter->handleRequest(null, Object(Config\Cache), false)
 4 SYSTEMPATH\Boot.php(312): CodeIgniter\CodeIgniter->run()
 5 SYSTEMPATH\Boot.php(67): CodeIgniter\Boot::runCodeIgniter(Object(CodeIgniter\CodeIgniter))
 6 FCPATH\index.php(56): CodeIgniter\Boot::bootWeb(Object(Config\Paths))
 7 SYSTEMPATH\Commands\Server\rewrite.php(49): require_once('C:\\xampp\\htdocs\\prospera\\public\\index.php')
INFO - 2024-08-29 07:25:51 --> Session: Class initialized using 'CodeIgniter\Session\Handlers\FileHandler' driver.
WARNING - 2024-08-29 07:25:53 --> [DEPRECATED] trim(): Passing null to parameter #1 ($string) of type string is deprecated in APPPATH\Controllers\Metadata.php on line 21.
 1 APPPATH\Controllers\Metadata.php(21): trim(null)
 2 SYSTEMPATH\CodeIgniter.php(933): App\Controllers\Metadata->index()
 3 SYSTEMPATH\CodeIgniter.php(509): CodeIgniter\CodeIgniter->runController(Object(App\Controllers\Metadata))
 4 SYSTEMPATH\CodeIgniter.php(355): CodeIgniter\CodeIgniter->handleRequest(null, Object(Config\Cache), false)
 5 SYSTEMPATH\Boot.php(312): CodeIgniter\CodeIgniter->run()
 6 SYSTEMPATH\Boot.php(67): CodeIgniter\Boot::runCodeIgniter(Object(CodeIgniter\CodeIgniter))
 7 FCPATH\index.php(56): CodeIgniter\Boot::bootWeb(Object(Config\Paths))
 8 SYSTEMPATH\Commands\Server\rewrite.php(49): require_once('C:\\xampp\\htdocs\\prospera\\public\\index.php')
INFO - 2024-08-29 07:25:53 --> Session: Class initialized using 'CodeIgniter\Session\Handlers\FileHandler' driver.
WARNING - 2024-08-29 07:25:55 --> [DEPRECATED] Creation of dynamic property App\Controllers\Data::$dataModel is deprecated in APPPATH\Controllers\Data.php on line 22.
 1 SYSTEMPATH\CodeIgniter.php(903): App\Controllers\Data->__construct()
 2 SYSTEMPATH\CodeIgniter.php(500): CodeIgniter\CodeIgniter->createController()
 3 SYSTEMPATH\CodeIgniter.php(355): CodeIgniter\CodeIgniter->handleRequest(null, Object(Config\Cache), false)
 4 SYSTEMPATH\Boot.php(312): CodeIgniter\CodeIgniter->run()
 5 SYSTEMPATH\Boot.php(67): CodeIgniter\Boot::runCodeIgniter(Object(CodeIgniter\CodeIgniter))
 6 FCPATH\index.php(56): CodeIgniter\Boot::bootWeb(Object(Config\Paths))
 7 SYSTEMPATH\Commands\Server\rewrite.php(49): require_once('C:\\xampp\\htdocs\\prospera\\public\\index.php')
WARNING - 2024-08-29 07:25:55 --> [DEPRECATED] Creation of dynamic property App\Controllers\Data::$desaModel is deprecated in APPPATH\Controllers\Data.php on line 23.
 1 SYSTEMPATH\CodeIgniter.php(903): App\Controllers\Data->__construct()
 2 SYSTEMPATH\CodeIgniter.php(500): CodeIgniter\CodeIgniter->createController()
 3 SYSTEMPATH\CodeIgniter.php(355): CodeIgniter\CodeIgniter->handleRequest(null, Object(Config\Cache), false)
 4 SYSTEMPATH\Boot.php(312): CodeIgniter\CodeIgniter->run()
 5 SYSTEMPATH\Boot.php(67): CodeIgniter\Boot::runCodeIgniter(Object(CodeIgniter\CodeIgniter))
 6 FCPATH\index.php(56): CodeIgniter\Boot::bootWeb(Object(Config\Paths))
 7 SYSTEMPATH\Commands\Server\rewrite.php(49): require_once('C:\\xampp\\htdocs\\prospera\\public\\index.php')
WARNING - 2024-08-29 07:25:55 --> [DEPRECATED] Creation of dynamic property App\Controllers\Data::$kecamatanModel is deprecated in APPPATH\Controllers\Data.php on line 24.
 1 SYSTEMPATH\CodeIgniter.php(903): App\Controllers\Data->__construct()
 2 SYSTEMPATH\CodeIgniter.php(500): CodeIgniter\CodeIgniter->createController()
 3 SYSTEMPATH\CodeIgniter.php(355): CodeIgniter\CodeIgniter->handleRequest(null, Object(Config\Cache), false)
 4 SYSTEMPATH\Boot.php(312): CodeIgniter\CodeIgniter->run()
 5 SYSTEMPATH\Boot.php(67): CodeIgniter\Boot::runCodeIgniter(Object(CodeIgniter\CodeIgniter))
 6 FCPATH\index.php(56): CodeIgniter\Boot::bootWeb(Object(Config\Paths))
 7 SYSTEMPATH\Commands\Server\rewrite.php(49): require_once('C:\\xampp\\htdocs\\prospera\\public\\index.php')
WARNING - 2024-08-29 07:25:55 --> [DEPRECATED] Creation of dynamic property App\Controllers\Data::$quesModel is deprecated in APPPATH\Controllers\Data.php on line 25.
 1 SYSTEMPATH\CodeIgniter.php(903): App\Controllers\Data->__construct()
 2 SYSTEMPATH\CodeIgniter.php(500): CodeIgniter\CodeIgniter->createController()
 3 SYSTEMPATH\CodeIgniter.php(355): CodeIgniter\CodeIgniter->handleRequest(null, Object(Config\Cache), false)
 4 SYSTEMPATH\Boot.php(312): CodeIgniter\CodeIgniter->run()
 5 SYSTEMPATH\Boot.php(67): CodeIgniter\Boot::runCodeIgniter(Object(CodeIgniter\CodeIgniter))
 6 FCPATH\index.php(56): CodeIgniter\Boot::bootWeb(Object(Config\Paths))
 7 SYSTEMPATH\Commands\Server\rewrite.php(49): require_once('C:\\xampp\\htdocs\\prospera\\public\\index.php')
WARNING - 2024-08-29 07:25:55 --> [DEPRECATED] Creation of dynamic property App\Controllers\Data::$slsModel is deprecated in APPPATH\Controllers\Data.php on line 26.
 1 SYSTEMPATH\CodeIgniter.php(903): App\Controllers\Data->__construct()
 2 SYSTEMPATH\CodeIgniter.php(500): CodeIgniter\CodeIgniter->createController()
 3 SYSTEMPATH\CodeIgniter.php(355): CodeIgniter\CodeIgniter->handleRequest(null, Object(Config\Cache), false)
 4 SYSTEMPATH\Boot.php(312): CodeIgniter\CodeIgniter->run()
 5 SYSTEMPATH\Boot.php(67): CodeIgniter\Boot::runCodeIgniter(Object(CodeIgniter\CodeIgniter))
 6 FCPATH\index.php(56): CodeIgniter\Boot::bootWeb(Object(Config\Paths))
 7 SYSTEMPATH\Commands\Server\rewrite.php(49): require_once('C:\\xampp\\htdocs\\prospera\\public\\index.php')
WARNING - 2024-08-29 07:25:55 --> [DEPRECATED] Creation of dynamic property App\Controllers\Data::$uri is deprecated in APPPATH\Controllers\Data.php on line 27.
 1 SYSTEMPATH\CodeIgniter.php(903): App\Controllers\Data->__construct()
 2 SYSTEMPATH\CodeIgniter.php(500): CodeIgniter\CodeIgniter->createController()
 3 SYSTEMPATH\CodeIgniter.php(355): CodeIgniter\CodeIgniter->handleRequest(null, Object(Config\Cache), false)
 4 SYSTEMPATH\Boot.php(312): CodeIgniter\CodeIgniter->run()
 5 SYSTEMPATH\Boot.php(67): CodeIgniter\Boot::runCodeIgniter(Object(CodeIgniter\CodeIgniter))
 6 FCPATH\index.php(56): CodeIgniter\Boot::bootWeb(Object(Config\Paths))
 7 SYSTEMPATH\Commands\Server\rewrite.php(49): require_once('C:\\xampp\\htdocs\\prospera\\public\\index.php')
INFO - 2024-08-29 07:25:55 --> Session: Class initialized using 'CodeIgniter\Session\Handlers\FileHandler' driver.
WARNING - 2024-08-29 07:28:57 --> [DEPRECATED] Creation of dynamic property App\Controllers\User::$userModel is deprecated in APPPATH\Controllers\User.php on line 13.
 1 SYSTEMPATH\CodeIgniter.php(903): App\Controllers\User->__construct()
 2 SYSTEMPATH\CodeIgniter.php(500): CodeIgniter\CodeIgniter->createController()
 3 SYSTEMPATH\CodeIgniter.php(355): CodeIgniter\CodeIgniter->handleRequest(null, Object(Config\Cache), false)
 4 SYSTEMPATH\Boot.php(312): CodeIgniter\CodeIgniter->run()
 5 SYSTEMPATH\Boot.php(67): CodeIgniter\Boot::runCodeIgniter(Object(CodeIgniter\CodeIgniter))
 6 FCPATH\index.php(56): CodeIgniter\Boot::bootWeb(Object(Config\Paths))
 7 SYSTEMPATH\Commands\Server\rewrite.php(49): require_once('C:\\xampp\\htdocs\\prospera\\public\\index.php')
WARNING - 2024-08-29 07:28:57 --> [DEPRECATED] Creation of dynamic property App\Controllers\User::$desaModel is deprecated in APPPATH\Controllers\User.php on line 14.
 1 SYSTEMPATH\CodeIgniter.php(903): App\Controllers\User->__construct()
 2 SYSTEMPATH\CodeIgniter.php(500): CodeIgniter\CodeIgniter->createController()
 3 SYSTEMPATH\CodeIgniter.php(355): CodeIgniter\CodeIgniter->handleRequest(null, Object(Config\Cache), false)
 4 SYSTEMPATH\Boot.php(312): CodeIgniter\CodeIgniter->run()
 5 SYSTEMPATH\Boot.php(67): CodeIgniter\Boot::runCodeIgniter(Object(CodeIgniter\CodeIgniter))
 6 FCPATH\index.php(56): CodeIgniter\Boot::bootWeb(Object(Config\Paths))
 7 SYSTEMPATH\Commands\Server\rewrite.php(49): require_once('C:\\xampp\\htdocs\\prospera\\public\\index.php')
WARNING - 2024-08-29 07:28:57 --> [DEPRECATED] Creation of dynamic property App\Controllers\User::$kecamatanModel is deprecated in APPPATH\Controllers\User.php on line 15.
 1 SYSTEMPATH\CodeIgniter.php(903): App\Controllers\User->__construct()
 2 SYSTEMPATH\CodeIgniter.php(500): CodeIgniter\CodeIgniter->createController()
 3 SYSTEMPATH\CodeIgniter.php(355): CodeIgniter\CodeIgniter->handleRequest(null, Object(Config\Cache), false)
 4 SYSTEMPATH\Boot.php(312): CodeIgniter\CodeIgniter->run()
 5 SYSTEMPATH\Boot.php(67): CodeIgniter\Boot::runCodeIgniter(Object(CodeIgniter\CodeIgniter))
 6 FCPATH\index.php(56): CodeIgniter\Boot::bootWeb(Object(Config\Paths))
 7 SYSTEMPATH\Commands\Server\rewrite.php(49): require_once('C:\\xampp\\htdocs\\prospera\\public\\index.php')
INFO - 2024-08-29 07:28:57 --> Session: Class initialized using 'CodeIgniter\Session\Handlers\FileHandler' driver.
WARNING - 2024-08-29 07:28:59 --> [DEPRECATED] Creation of dynamic property App\Controllers\User::$userModel is deprecated in APPPATH\Controllers\User.php on line 13.
 1 SYSTEMPATH\CodeIgniter.php(903): App\Controllers\User->__construct()
 2 SYSTEMPATH\CodeIgniter.php(500): CodeIgniter\CodeIgniter->createController()
 3 SYSTEMPATH\CodeIgniter.php(355): CodeIgniter\CodeIgniter->handleRequest(null, Object(Config\Cache), false)
 4 SYSTEMPATH\Boot.php(312): CodeIgniter\CodeIgniter->run()
 5 SYSTEMPATH\Boot.php(67): CodeIgniter\Boot::runCodeIgniter(Object(CodeIgniter\CodeIgniter))
 6 FCPATH\index.php(56): CodeIgniter\Boot::bootWeb(Object(Config\Paths))
 7 SYSTEMPATH\Commands\Server\rewrite.php(49): require_once('C:\\xampp\\htdocs\\prospera\\public\\index.php')
WARNING - 2024-08-29 07:28:59 --> [DEPRECATED] Creation of dynamic property App\Controllers\User::$desaModel is deprecated in APPPATH\Controllers\User.php on line 14.
 1 SYSTEMPATH\CodeIgniter.php(903): App\Controllers\User->__construct()
 2 SYSTEMPATH\CodeIgniter.php(500): CodeIgniter\CodeIgniter->createController()
 3 SYSTEMPATH\CodeIgniter.php(355): CodeIgniter\CodeIgniter->handleRequest(null, Object(Config\Cache), false)
 4 SYSTEMPATH\Boot.php(312): CodeIgniter\CodeIgniter->run()
 5 SYSTEMPATH\Boot.php(67): CodeIgniter\Boot::runCodeIgniter(Object(CodeIgniter\CodeIgniter))
 6 FCPATH\index.php(56): CodeIgniter\Boot::bootWeb(Object(Config\Paths))
 7 SYSTEMPATH\Commands\Server\rewrite.php(49): require_once('C:\\xampp\\htdocs\\prospera\\public\\index.php')
WARNING - 2024-08-29 07:28:59 --> [DEPRECATED] Creation of dynamic property App\Controllers\User::$kecamatanModel is deprecated in APPPATH\Controllers\User.php on line 15.
 1 SYSTEMPATH\CodeIgniter.php(903): App\Controllers\User->__construct()
 2 SYSTEMPATH\CodeIgniter.php(500): CodeIgniter\CodeIgniter->createController()
 3 SYSTEMPATH\CodeIgniter.php(355): CodeIgniter\CodeIgniter->handleRequest(null, Object(Config\Cache), false)
 4 SYSTEMPATH\Boot.php(312): CodeIgniter\CodeIgniter->run()
 5 SYSTEMPATH\Boot.php(67): CodeIgniter\Boot::runCodeIgniter(Object(CodeIgniter\CodeIgniter))
 6 FCPATH\index.php(56): CodeIgniter\Boot::bootWeb(Object(Config\Paths))
 7 SYSTEMPATH\Commands\Server\rewrite.php(49): require_once('C:\\xampp\\htdocs\\prospera\\public\\index.php')
INFO - 2024-08-29 07:29:00 --> Session: Class initialized using 'CodeIgniter\Session\Handlers\FileHandler' driver.
WARNING - 2024-08-29 07:29:01 --> [DEPRECATED] Creation of dynamic property App\Controllers\User::$userModel is deprecated in APPPATH\Controllers\User.php on line 13.
 1 SYSTEMPATH\CodeIgniter.php(903): App\Controllers\User->__construct()
 2 SYSTEMPATH\CodeIgniter.php(500): CodeIgniter\CodeIgniter->createController()
 3 SYSTEMPATH\CodeIgniter.php(355): CodeIgniter\CodeIgniter->handleRequest(null, Object(Config\Cache), false)
 4 SYSTEMPATH\Boot.php(312): CodeIgniter\CodeIgniter->run()
 5 SYSTEMPATH\Boot.php(67): CodeIgniter\Boot::runCodeIgniter(Object(CodeIgniter\CodeIgniter))
 6 FCPATH\index.php(56): CodeIgniter\Boot::bootWeb(Object(Config\Paths))
 7 SYSTEMPATH\Commands\Server\rewrite.php(49): require_once('C:\\xampp\\htdocs\\prospera\\public\\index.php')
WARNING - 2024-08-29 07:29:01 --> [DEPRECATED] Creation of dynamic property App\Controllers\User::$desaModel is deprecated in APPPATH\Controllers\User.php on line 14.
 1 SYSTEMPATH\CodeIgniter.php(903): App\Controllers\User->__construct()
 2 SYSTEMPATH\CodeIgniter.php(500): CodeIgniter\CodeIgniter->createController()
 3 SYSTEMPATH\CodeIgniter.php(355): CodeIgniter\CodeIgniter->handleRequest(null, Object(Config\Cache), false)
 4 SYSTEMPATH\Boot.php(312): CodeIgniter\CodeIgniter->run()
 5 SYSTEMPATH\Boot.php(67): CodeIgniter\Boot::runCodeIgniter(Object(CodeIgniter\CodeIgniter))
 6 FCPATH\index.php(56): CodeIgniter\Boot::bootWeb(Object(Config\Paths))
 7 SYSTEMPATH\Commands\Server\rewrite.php(49): require_once('C:\\xampp\\htdocs\\prospera\\public\\index.php')
WARNING - 2024-08-29 07:29:01 --> [DEPRECATED] Creation of dynamic property App\Controllers\User::$kecamatanModel is deprecated in APPPATH\Controllers\User.php on line 15.
 1 SYSTEMPATH\CodeIgniter.php(903): App\Controllers\User->__construct()
 2 SYSTEMPATH\CodeIgniter.php(500): CodeIgniter\CodeIgniter->createController()
 3 SYSTEMPATH\CodeIgniter.php(355): CodeIgniter\CodeIgniter->handleRequest(null, Object(Config\Cache), false)
 4 SYSTEMPATH\Boot.php(312): CodeIgniter\CodeIgniter->run()
 5 SYSTEMPATH\Boot.php(67): CodeIgniter\Boot::runCodeIgniter(Object(CodeIgniter\CodeIgniter))
 6 FCPATH\index.php(56): CodeIgniter\Boot::bootWeb(Object(Config\Paths))
 7 SYSTEMPATH\Commands\Server\rewrite.php(49): require_once('C:\\xampp\\htdocs\\prospera\\public\\index.php')
INFO - 2024-08-29 07:29:01 --> Session: Class initialized using 'CodeIgniter\Session\Handlers\FileHandler' driver.
WARNING - 2024-08-29 07:29:03 --> [DEPRECATED] trim(): Passing null to parameter #1 ($string) of type string is deprecated in APPPATH\Controllers\Metadata.php on line 21.
 1 APPPATH\Controllers\Metadata.php(21): trim(null)
 2 SYSTEMPATH\CodeIgniter.php(933): App\Controllers\Metadata->index()
 3 SYSTEMPATH\CodeIgniter.php(509): CodeIgniter\CodeIgniter->runController(Object(App\Controllers\Metadata))
 4 SYSTEMPATH\CodeIgniter.php(355): CodeIgniter\CodeIgniter->handleRequest(null, Object(Config\Cache), false)
 5 SYSTEMPATH\Boot.php(312): CodeIgniter\CodeIgniter->run()
 6 SYSTEMPATH\Boot.php(67): CodeIgniter\Boot::runCodeIgniter(Object(CodeIgniter\CodeIgniter))
 7 FCPATH\index.php(56): CodeIgniter\Boot::bootWeb(Object(Config\Paths))
 8 SYSTEMPATH\Commands\Server\rewrite.php(49): require_once('C:\\xampp\\htdocs\\prospera\\public\\index.php')
INFO - 2024-08-29 07:29:03 --> Session: Class initialized using 'CodeIgniter\Session\Handlers\FileHandler' driver.
WARNING - 2024-08-29 07:29:17 --> [DEPRECATED] trim(): Passing null to parameter #1 ($string) of type string is deprecated in APPPATH\Controllers\Metadata.php on line 21.
 1 APPPATH\Controllers\Metadata.php(21): trim(null)
 2 SYSTEMPATH\CodeIgniter.php(933): App\Controllers\Metadata->index()
 3 SYSTEMPATH\CodeIgniter.php(509): CodeIgniter\CodeIgniter->runController(Object(App\Controllers\Metadata))
 4 SYSTEMPATH\CodeIgniter.php(355): CodeIgniter\CodeIgniter->handleRequest(null, Object(Config\Cache), false)
 5 SYSTEMPATH\Boot.php(312): CodeIgniter\CodeIgniter->run()
 6 SYSTEMPATH\Boot.php(67): CodeIgniter\Boot::runCodeIgniter(Object(CodeIgniter\CodeIgniter))
 7 FCPATH\index.php(56): CodeIgniter\Boot::bootWeb(Object(Config\Paths))
 8 SYSTEMPATH\Commands\Server\rewrite.php(49): require_once('C:\\xampp\\htdocs\\prospera\\public\\index.php')
INFO - 2024-08-29 07:29:17 --> Session: Class initialized using 'CodeIgniter\Session\Handlers\FileHandler' driver.
WARNING - 2024-08-29 07:29:21 --> [DEPRECATED] trim(): Passing null to parameter #1 ($string) of type string is deprecated in APPPATH\Controllers\Metadata.php on line 21.
 1 APPPATH\Controllers\Metadata.php(21): trim(null)
 2 SYSTEMPATH\CodeIgniter.php(933): App\Controllers\Metadata->index()
 3 SYSTEMPATH\CodeIgniter.php(509): CodeIgniter\CodeIgniter->runController(Object(App\Controllers\Metadata))
 4 SYSTEMPATH\CodeIgniter.php(355): CodeIgniter\CodeIgniter->handleRequest(null, Object(Config\Cache), false)
 5 SYSTEMPATH\Boot.php(312): CodeIgniter\CodeIgniter->run()
 6 SYSTEMPATH\Boot.php(67): CodeIgniter\Boot::runCodeIgniter(Object(CodeIgniter\CodeIgniter))
 7 FCPATH\index.php(56): CodeIgniter\Boot::bootWeb(Object(Config\Paths))
 8 SYSTEMPATH\Commands\Server\rewrite.php(49): require_once('C:\\xampp\\htdocs\\prospera\\public\\index.php')
INFO - 2024-08-29 07:29:21 --> Session: Class initialized using 'CodeIgniter\Session\Handlers\FileHandler' driver.
WARNING - 2024-08-29 07:29:24 --> [DEPRECATED] trim(): Passing null to parameter #1 ($string) of type string is deprecated in APPPATH\Controllers\Metadata.php on line 21.
 1 APPPATH\Controllers\Metadata.php(21): trim(null)
 2 SYSTEMPATH\CodeIgniter.php(933): App\Controllers\Metadata->index()
 3 SYSTEMPATH\CodeIgniter.php(509): CodeIgniter\CodeIgniter->runController(Object(App\Controllers\Metadata))
 4 SYSTEMPATH\CodeIgniter.php(355): CodeIgniter\CodeIgniter->handleRequest(null, Object(Config\Cache), false)
 5 SYSTEMPATH\Boot.php(312): CodeIgniter\CodeIgniter->run()
 6 SYSTEMPATH\Boot.php(67): CodeIgniter\Boot::runCodeIgniter(Object(CodeIgniter\CodeIgniter))
 7 FCPATH\index.php(56): CodeIgniter\Boot::bootWeb(Object(Config\Paths))
 8 SYSTEMPATH\Commands\Server\rewrite.php(49): require_once('C:\\xampp\\htdocs\\prospera\\public\\index.php')
INFO - 2024-08-29 07:29:24 --> Session: Class initialized using 'CodeIgniter\Session\Handlers\FileHandler' driver.
WARNING - 2024-08-29 07:42:24 --> [DEPRECATED] trim(): Passing null to parameter #1 ($string) of type string is deprecated in APPPATH\Controllers\Metadata.php on line 21.
 1 APPPATH\Controllers\Metadata.php(21): trim(null)
 2 SYSTEMPATH\CodeIgniter.php(933): App\Controllers\Metadata->index()
 3 SYSTEMPATH\CodeIgniter.php(509): CodeIgniter\CodeIgniter->runController(Object(App\Controllers\Metadata))
 4 SYSTEMPATH\CodeIgniter.php(355): CodeIgniter\CodeIgniter->handleRequest(null, Object(Config\Cache), false)
 5 SYSTEMPATH\Boot.php(312): CodeIgniter\CodeIgniter->run()
 6 SYSTEMPATH\Boot.php(67): CodeIgniter\Boot::runCodeIgniter(Object(CodeIgniter\CodeIgniter))
 7 FCPATH\index.php(56): CodeIgniter\Boot::bootWeb(Object(Config\Paths))
 8 SYSTEMPATH\Commands\Server\rewrite.php(49): require_once('C:\\xampp\\htdocs\\prospera\\public\\index.php')
INFO - 2024-08-29 07:42:24 --> Session: Class initialized using 'CodeIgniter\Session\Handlers\FileHandler' driver.
WARNING - 2024-08-29 07:43:26 --> [DEPRECATED] trim(): Passing null to parameter #1 ($string) of type string is deprecated in APPPATH\Controllers\Metadata.php on line 21.
 1 APPPATH\Controllers\Metadata.php(21): trim(null)
 2 SYSTEMPATH\CodeIgniter.php(933): App\Controllers\Metadata->index()
 3 SYSTEMPATH\CodeIgniter.php(509): CodeIgniter\CodeIgniter->runController(Object(App\Controllers\Metadata))
 4 SYSTEMPATH\CodeIgniter.php(355): CodeIgniter\CodeIgniter->handleRequest(null, Object(Config\Cache), false)
 5 SYSTEMPATH\Boot.php(312): CodeIgniter\CodeIgniter->run()
 6 SYSTEMPATH\Boot.php(67): CodeIgniter\Boot::runCodeIgniter(Object(CodeIgniter\CodeIgniter))
 7 FCPATH\index.php(56): CodeIgniter\Boot::bootWeb(Object(Config\Paths))
 8 SYSTEMPATH\Commands\Server\rewrite.php(49): require_once('C:\\xampp\\htdocs\\prospera\\public\\index.php')
INFO - 2024-08-29 07:43:26 --> Session: Class initialized using 'CodeIgniter\Session\Handlers\FileHandler' driver.
INFO - 2024-08-29 07:43:28 --> Session: Class initialized using 'CodeIgniter\Session\Handlers\FileHandler' driver.
INFO - 2024-08-29 07:43:42 --> Session: Class initialized using 'CodeIgniter\Session\Handlers\FileHandler' driver.
INFO - 2024-08-29 07:43:46 --> Session: Class initialized using 'CodeIgniter\Session\Handlers\FileHandler' driver.
WARNING - 2024-08-29 07:43:53 --> [DEPRECATED] Creation of dynamic property App\Controllers\User::$userModel is deprecated in APPPATH\Controllers\User.php on line 13.
 1 SYSTEMPATH\CodeIgniter.php(903): App\Controllers\User->__construct()
 2 SYSTEMPATH\CodeIgniter.php(500): CodeIgniter\CodeIgniter->createController()
 3 SYSTEMPATH\CodeIgniter.php(355): CodeIgniter\CodeIgniter->handleRequest(null, Object(Config\Cache), false)
 4 SYSTEMPATH\Boot.php(312): CodeIgniter\CodeIgniter->run()
 5 SYSTEMPATH\Boot.php(67): CodeIgniter\Boot::runCodeIgniter(Object(CodeIgniter\CodeIgniter))
 6 FCPATH\index.php(56): CodeIgniter\Boot::bootWeb(Object(Config\Paths))
 7 SYSTEMPATH\Commands\Server\rewrite.php(49): require_once('C:\\xampp\\htdocs\\prospera\\public\\index.php')
WARNING - 2024-08-29 07:43:53 --> [DEPRECATED] Creation of dynamic property App\Controllers\User::$desaModel is deprecated in APPPATH\Controllers\User.php on line 14.
 1 SYSTEMPATH\CodeIgniter.php(903): App\Controllers\User->__construct()
 2 SYSTEMPATH\CodeIgniter.php(500): CodeIgniter\CodeIgniter->createController()
 3 SYSTEMPATH\CodeIgniter.php(355): CodeIgniter\CodeIgniter->handleRequest(null, Object(Config\Cache), false)
 4 SYSTEMPATH\Boot.php(312): CodeIgniter\CodeIgniter->run()
 5 SYSTEMPATH\Boot.php(67): CodeIgniter\Boot::runCodeIgniter(Object(CodeIgniter\CodeIgniter))
 6 FCPATH\index.php(56): CodeIgniter\Boot::bootWeb(Object(Config\Paths))
 7 SYSTEMPATH\Commands\Server\rewrite.php(49): require_once('C:\\xampp\\htdocs\\prospera\\public\\index.php')
WARNING - 2024-08-29 07:43:53 --> [DEPRECATED] Creation of dynamic property App\Controllers\User::$kecamatanModel is deprecated in APPPATH\Controllers\User.php on line 15.
 1 SYSTEMPATH\CodeIgniter.php(903): App\Controllers\User->__construct()
 2 SYSTEMPATH\CodeIgniter.php(500): CodeIgniter\CodeIgniter->createController()
 3 SYSTEMPATH\CodeIgniter.php(355): CodeIgniter\CodeIgniter->handleRequest(null, Object(Config\Cache), false)
 4 SYSTEMPATH\Boot.php(312): CodeIgniter\CodeIgniter->run()
 5 SYSTEMPATH\Boot.php(67): CodeIgniter\Boot::runCodeIgniter(Object(CodeIgniter\CodeIgniter))
 6 FCPATH\index.php(56): CodeIgniter\Boot::bootWeb(Object(Config\Paths))
 7 SYSTEMPATH\Commands\Server\rewrite.php(49): require_once('C:\\xampp\\htdocs\\prospera\\public\\index.php')
INFO - 2024-08-29 07:43:53 --> Session: Class initialized using 'CodeIgniter\Session\Handlers\FileHandler' driver.
WARNING - 2024-08-29 07:43:55 --> [DEPRECATED] trim(): Passing null to parameter #1 ($string) of type string is deprecated in APPPATH\Controllers\Metadata.php on line 21.
 1 APPPATH\Controllers\Metadata.php(21): trim(null)
 2 SYSTEMPATH\CodeIgniter.php(933): App\Controllers\Metadata->index()
 3 SYSTEMPATH\CodeIgniter.php(509): CodeIgniter\CodeIgniter->runController(Object(App\Controllers\Metadata))
 4 SYSTEMPATH\CodeIgniter.php(355): CodeIgniter\CodeIgniter->handleRequest(null, Object(Config\Cache), false)
 5 SYSTEMPATH\Boot.php(312): CodeIgniter\CodeIgniter->run()
 6 SYSTEMPATH\Boot.php(67): CodeIgniter\Boot::runCodeIgniter(Object(CodeIgniter\CodeIgniter))
 7 FCPATH\index.php(56): CodeIgniter\Boot::bootWeb(Object(Config\Paths))
 8 SYSTEMPATH\Commands\Server\rewrite.php(49): require_once('C:\\xampp\\htdocs\\prospera\\public\\index.php')
INFO - 2024-08-29 07:43:55 --> Session: Class initialized using 'CodeIgniter\Session\Handlers\FileHandler' driver.
WARNING - 2024-08-29 07:44:00 --> [DEPRECATED] Creation of dynamic property App\Controllers\Data::$dataModel is deprecated in APPPATH\Controllers\Data.php on line 22.
 1 SYSTEMPATH\CodeIgniter.php(903): App\Controllers\Data->__construct()
 2 SYSTEMPATH\CodeIgniter.php(500): CodeIgniter\CodeIgniter->createController()
 3 SYSTEMPATH\CodeIgniter.php(355): CodeIgniter\CodeIgniter->handleRequest(null, Object(Config\Cache), false)
 4 SYSTEMPATH\Boot.php(312): CodeIgniter\CodeIgniter->run()
 5 SYSTEMPATH\Boot.php(67): CodeIgniter\Boot::runCodeIgniter(Object(CodeIgniter\CodeIgniter))
 6 FCPATH\index.php(56): CodeIgniter\Boot::bootWeb(Object(Config\Paths))
 7 SYSTEMPATH\Commands\Server\rewrite.php(49): require_once('C:\\xampp\\htdocs\\prospera\\public\\index.php')
WARNING - 2024-08-29 07:44:00 --> [DEPRECATED] Creation of dynamic property App\Controllers\Data::$desaModel is deprecated in APPPATH\Controllers\Data.php on line 23.
 1 SYSTEMPATH\CodeIgniter.php(903): App\Controllers\Data->__construct()
 2 SYSTEMPATH\CodeIgniter.php(500): CodeIgniter\CodeIgniter->createController()
 3 SYSTEMPATH\CodeIgniter.php(355): CodeIgniter\CodeIgniter->handleRequest(null, Object(Config\Cache), false)
 4 SYSTEMPATH\Boot.php(312): CodeIgniter\CodeIgniter->run()
 5 SYSTEMPATH\Boot.php(67): CodeIgniter\Boot::runCodeIgniter(Object(CodeIgniter\CodeIgniter))
 6 FCPATH\index.php(56): CodeIgniter\Boot::bootWeb(Object(Config\Paths))
 7 SYSTEMPATH\Commands\Server\rewrite.php(49): require_once('C:\\xampp\\htdocs\\prospera\\public\\index.php')
WARNING - 2024-08-29 07:44:00 --> [DEPRECATED] Creation of dynamic property App\Controllers\Data::$kecamatanModel is deprecated in APPPATH\Controllers\Data.php on line 24.
 1 SYSTEMPATH\CodeIgniter.php(903): App\Controllers\Data->__construct()
 2 SYSTEMPATH\CodeIgniter.php(500): CodeIgniter\CodeIgniter->createController()
 3 SYSTEMPATH\CodeIgniter.php(355): CodeIgniter\CodeIgniter->handleRequest(null, Object(Config\Cache), false)
 4 SYSTEMPATH\Boot.php(312): CodeIgniter\CodeIgniter->run()
 5 SYSTEMPATH\Boot.php(67): CodeIgniter\Boot::runCodeIgniter(Object(CodeIgniter\CodeIgniter))
 6 FCPATH\index.php(56): CodeIgniter\Boot::bootWeb(Object(Config\Paths))
 7 SYSTEMPATH\Commands\Server\rewrite.php(49): require_once('C:\\xampp\\htdocs\\prospera\\public\\index.php')
WARNING - 2024-08-29 07:44:00 --> [DEPRECATED] Creation of dynamic property App\Controllers\Data::$quesModel is deprecated in APPPATH\Controllers\Data.php on line 25.
 1 SYSTEMPATH\CodeIgniter.php(903): App\Controllers\Data->__construct()
 2 SYSTEMPATH\CodeIgniter.php(500): CodeIgniter\CodeIgniter->createController()
 3 SYSTEMPATH\CodeIgniter.php(355): CodeIgniter\CodeIgniter->handleRequest(null, Object(Config\Cache), false)
 4 SYSTEMPATH\Boot.php(312): CodeIgniter\CodeIgniter->run()
 5 SYSTEMPATH\Boot.php(67): CodeIgniter\Boot::runCodeIgniter(Object(CodeIgniter\CodeIgniter))
 6 FCPATH\index.php(56): CodeIgniter\Boot::bootWeb(Object(Config\Paths))
 7 SYSTEMPATH\Commands\Server\rewrite.php(49): require_once('C:\\xampp\\htdocs\\prospera\\public\\index.php')
WARNING - 2024-08-29 07:44:00 --> [DEPRECATED] Creation of dynamic property App\Controllers\Data::$slsModel is deprecated in APPPATH\Controllers\Data.php on line 26.
 1 SYSTEMPATH\CodeIgniter.php(903): App\Controllers\Data->__construct()
 2 SYSTEMPATH\CodeIgniter.php(500): CodeIgniter\CodeIgniter->createController()
 3 SYSTEMPATH\CodeIgniter.php(355): CodeIgniter\CodeIgniter->handleRequest(null, Object(Config\Cache), false)
 4 SYSTEMPATH\Boot.php(312): CodeIgniter\CodeIgniter->run()
 5 SYSTEMPATH\Boot.php(67): CodeIgniter\Boot::runCodeIgniter(Object(CodeIgniter\CodeIgniter))
 6 FCPATH\index.php(56): CodeIgniter\Boot::bootWeb(Object(Config\Paths))
 7 SYSTEMPATH\Commands\Server\rewrite.php(49): require_once('C:\\xampp\\htdocs\\prospera\\public\\index.php')
WARNING - 2024-08-29 07:44:00 --> [DEPRECATED] Creation of dynamic property App\Controllers\Data::$uri is deprecated in APPPATH\Controllers\Data.php on line 27.
 1 SYSTEMPATH\CodeIgniter.php(903): App\Controllers\Data->__construct()
 2 SYSTEMPATH\CodeIgniter.php(500): CodeIgniter\CodeIgniter->createController()
 3 SYSTEMPATH\CodeIgniter.php(355): CodeIgniter\CodeIgniter->handleRequest(null, Object(Config\Cache), false)
 4 SYSTEMPATH\Boot.php(312): CodeIgniter\CodeIgniter->run()
 5 SYSTEMPATH\Boot.php(67): CodeIgniter\Boot::runCodeIgniter(Object(CodeIgniter\CodeIgniter))
 6 FCPATH\index.php(56): CodeIgniter\Boot::bootWeb(Object(Config\Paths))
 7 SYSTEMPATH\Commands\Server\rewrite.php(49): require_once('C:\\xampp\\htdocs\\prospera\\public\\index.php')
INFO - 2024-08-29 07:44:00 --> Session: Class initialized using 'CodeIgniter\Session\Handlers\FileHandler' driver.
WARNING - 2024-08-29 07:44:57 --> [DEPRECATED] Creation of dynamic property App\Controllers\Data::$dataModel is deprecated in APPPATH\Controllers\Data.php on line 22.
 1 SYSTEMPATH\CodeIgniter.php(903): App\Controllers\Data->__construct()
 2 SYSTEMPATH\CodeIgniter.php(500): CodeIgniter\CodeIgniter->createController()
 3 SYSTEMPATH\CodeIgniter.php(355): CodeIgniter\CodeIgniter->handleRequest(null, Object(Config\Cache), false)
 4 SYSTEMPATH\Boot.php(312): CodeIgniter\CodeIgniter->run()
 5 SYSTEMPATH\Boot.php(67): CodeIgniter\Boot::runCodeIgniter(Object(CodeIgniter\CodeIgniter))
 6 FCPATH\index.php(56): CodeIgniter\Boot::bootWeb(Object(Config\Paths))
 7 SYSTEMPATH\Commands\Server\rewrite.php(49): require_once('C:\\xampp\\htdocs\\prospera\\public\\index.php')
WARNING - 2024-08-29 07:44:57 --> [DEPRECATED] Creation of dynamic property App\Controllers\Data::$desaModel is deprecated in APPPATH\Controllers\Data.php on line 23.
 1 SYSTEMPATH\CodeIgniter.php(903): App\Controllers\Data->__construct()
 2 SYSTEMPATH\CodeIgniter.php(500): CodeIgniter\CodeIgniter->createController()
 3 SYSTEMPATH\CodeIgniter.php(355): CodeIgniter\CodeIgniter->handleRequest(null, Object(Config\Cache), false)
 4 SYSTEMPATH\Boot.php(312): CodeIgniter\CodeIgniter->run()
 5 SYSTEMPATH\Boot.php(67): CodeIgniter\Boot::runCodeIgniter(Object(CodeIgniter\CodeIgniter))
 6 FCPATH\index.php(56): CodeIgniter\Boot::bootWeb(Object(Config\Paths))
 7 SYSTEMPATH\Commands\Server\rewrite.php(49): require_once('C:\\xampp\\htdocs\\prospera\\public\\index.php')
WARNING - 2024-08-29 07:44:57 --> [DEPRECATED] Creation of dynamic property App\Controllers\Data::$kecamatanModel is deprecated in APPPATH\Controllers\Data.php on line 24.
 1 SYSTEMPATH\CodeIgniter.php(903): App\Controllers\Data->__construct()
 2 SYSTEMPATH\CodeIgniter.php(500): CodeIgniter\CodeIgniter->createController()
 3 SYSTEMPATH\CodeIgniter.php(355): CodeIgniter\CodeIgniter->handleRequest(null, Object(Config\Cache), false)
 4 SYSTEMPATH\Boot.php(312): CodeIgniter\CodeIgniter->run()
 5 SYSTEMPATH\Boot.php(67): CodeIgniter\Boot::runCodeIgniter(Object(CodeIgniter\CodeIgniter))
 6 FCPATH\index.php(56): CodeIgniter\Boot::bootWeb(Object(Config\Paths))
 7 SYSTEMPATH\Commands\Server\rewrite.php(49): require_once('C:\\xampp\\htdocs\\prospera\\public\\index.php')
WARNING - 2024-08-29 07:44:57 --> [DEPRECATED] Creation of dynamic property App\Controllers\Data::$quesModel is deprecated in APPPATH\Controllers\Data.php on line 25.
 1 SYSTEMPATH\CodeIgniter.php(903): App\Controllers\Data->__construct()
 2 SYSTEMPATH\CodeIgniter.php(500): CodeIgniter\CodeIgniter->createController()
 3 SYSTEMPATH\CodeIgniter.php(355): CodeIgniter\CodeIgniter->handleRequest(null, Object(Config\Cache), false)
 4 SYSTEMPATH\Boot.php(312): CodeIgniter\CodeIgniter->run()
 5 SYSTEMPATH\Boot.php(67): CodeIgniter\Boot::runCodeIgniter(Object(CodeIgniter\CodeIgniter))
 6 FCPATH\index.php(56): CodeIgniter\Boot::bootWeb(Object(Config\Paths))
 7 SYSTEMPATH\Commands\Server\rewrite.php(49): require_once('C:\\xampp\\htdocs\\prospera\\public\\index.php')
WARNING - 2024-08-29 07:44:57 --> [DEPRECATED] Creation of dynamic property App\Controllers\Data::$slsModel is deprecated in APPPATH\Controllers\Data.php on line 26.
 1 SYSTEMPATH\CodeIgniter.php(903): App\Controllers\Data->__construct()
 2 SYSTEMPATH\CodeIgniter.php(500): CodeIgniter\CodeIgniter->createController()
 3 SYSTEMPATH\CodeIgniter.php(355): CodeIgniter\CodeIgniter->handleRequest(null, Object(Config\Cache), false)
 4 SYSTEMPATH\Boot.php(312): CodeIgniter\CodeIgniter->run()
 5 SYSTEMPATH\Boot.php(67): CodeIgniter\Boot::runCodeIgniter(Object(CodeIgniter\CodeIgniter))
 6 FCPATH\index.php(56): CodeIgniter\Boot::bootWeb(Object(Config\Paths))
 7 SYSTEMPATH\Commands\Server\rewrite.php(49): require_once('C:\\xampp\\htdocs\\prospera\\public\\index.php')
WARNING - 2024-08-29 07:44:57 --> [DEPRECATED] Creation of dynamic property App\Controllers\Data::$uri is deprecated in APPPATH\Controllers\Data.php on line 27.
 1 SYSTEMPATH\CodeIgniter.php(903): App\Controllers\Data->__construct()
 2 SYSTEMPATH\CodeIgniter.php(500): CodeIgniter\CodeIgniter->createController()
 3 SYSTEMPATH\CodeIgniter.php(355): CodeIgniter\CodeIgniter->handleRequest(null, Object(Config\Cache), false)
 4 SYSTEMPATH\Boot.php(312): CodeIgniter\CodeIgniter->run()
 5 SYSTEMPATH\Boot.php(67): CodeIgniter\Boot::runCodeIgniter(Object(CodeIgniter\CodeIgniter))
 6 FCPATH\index.php(56): CodeIgniter\Boot::bootWeb(Object(Config\Paths))
 7 SYSTEMPATH\Commands\Server\rewrite.php(49): require_once('C:\\xampp\\htdocs\\prospera\\public\\index.php')
INFO - 2024-08-29 07:44:57 --> Session: Class initialized using 'CodeIgniter\Session\Handlers\FileHandler' driver.
WARNING - 2024-08-29 07:45:06 --> [DEPRECATED] Creation of dynamic property App\Controllers\Data::$dataModel is deprecated in APPPATH\Controllers\Data.php on line 22.
 1 SYSTEMPATH\CodeIgniter.php(903): App\Controllers\Data->__construct()
 2 SYSTEMPATH\CodeIgniter.php(500): CodeIgniter\CodeIgniter->createController()
 3 SYSTEMPATH\CodeIgniter.php(355): CodeIgniter\CodeIgniter->handleRequest(null, Object(Config\Cache), false)
 4 SYSTEMPATH\Boot.php(312): CodeIgniter\CodeIgniter->run()
 5 SYSTEMPATH\Boot.php(67): CodeIgniter\Boot::runCodeIgniter(Object(CodeIgniter\CodeIgniter))
 6 FCPATH\index.php(56): CodeIgniter\Boot::bootWeb(Object(Config\Paths))
 7 SYSTEMPATH\Commands\Server\rewrite.php(49): require_once('C:\\xampp\\htdocs\\prospera\\public\\index.php')
WARNING - 2024-08-29 07:45:06 --> [DEPRECATED] Creation of dynamic property App\Controllers\Data::$desaModel is deprecated in APPPATH\Controllers\Data.php on line 23.
 1 SYSTEMPATH\CodeIgniter.php(903): App\Controllers\Data->__construct()
 2 SYSTEMPATH\CodeIgniter.php(500): CodeIgniter\CodeIgniter->createController()
 3 SYSTEMPATH\CodeIgniter.php(355): CodeIgniter\CodeIgniter->handleRequest(null, Object(Config\Cache), false)
 4 SYSTEMPATH\Boot.php(312): CodeIgniter\CodeIgniter->run()
 5 SYSTEMPATH\Boot.php(67): CodeIgniter\Boot::runCodeIgniter(Object(CodeIgniter\CodeIgniter))
 6 FCPATH\index.php(56): CodeIgniter\Boot::bootWeb(Object(Config\Paths))
 7 SYSTEMPATH\Commands\Server\rewrite.php(49): require_once('C:\\xampp\\htdocs\\prospera\\public\\index.php')
WARNING - 2024-08-29 07:45:06 --> [DEPRECATED] Creation of dynamic property App\Controllers\Data::$kecamatanModel is deprecated in APPPATH\Controllers\Data.php on line 24.
 1 SYSTEMPATH\CodeIgniter.php(903): App\Controllers\Data->__construct()
 2 SYSTEMPATH\CodeIgniter.php(500): CodeIgniter\CodeIgniter->createController()
 3 SYSTEMPATH\CodeIgniter.php(355): CodeIgniter\CodeIgniter->handleRequest(null, Object(Config\Cache), false)
 4 SYSTEMPATH\Boot.php(312): CodeIgniter\CodeIgniter->run()
 5 SYSTEMPATH\Boot.php(67): CodeIgniter\Boot::runCodeIgniter(Object(CodeIgniter\CodeIgniter))
 6 FCPATH\index.php(56): CodeIgniter\Boot::bootWeb(Object(Config\Paths))
 7 SYSTEMPATH\Commands\Server\rewrite.php(49): require_once('C:\\xampp\\htdocs\\prospera\\public\\index.php')
WARNING - 2024-08-29 07:45:06 --> [DEPRECATED] Creation of dynamic property App\Controllers\Data::$quesModel is deprecated in APPPATH\Controllers\Data.php on line 25.
 1 SYSTEMPATH\CodeIgniter.php(903): App\Controllers\Data->__construct()
 2 SYSTEMPATH\CodeIgniter.php(500): CodeIgniter\CodeIgniter->createController()
 3 SYSTEMPATH\CodeIgniter.php(355): CodeIgniter\CodeIgniter->handleRequest(null, Object(Config\Cache), false)
 4 SYSTEMPATH\Boot.php(312): CodeIgniter\CodeIgniter->run()
 5 SYSTEMPATH\Boot.php(67): CodeIgniter\Boot::runCodeIgniter(Object(CodeIgniter\CodeIgniter))
 6 FCPATH\index.php(56): CodeIgniter\Boot::bootWeb(Object(Config\Paths))
 7 SYSTEMPATH\Commands\Server\rewrite.php(49): require_once('C:\\xampp\\htdocs\\prospera\\public\\index.php')
WARNING - 2024-08-29 07:45:06 --> [DEPRECATED] Creation of dynamic property App\Controllers\Data::$slsModel is deprecated in APPPATH\Controllers\Data.php on line 26.
 1 SYSTEMPATH\CodeIgniter.php(903): App\Controllers\Data->__construct()
 2 SYSTEMPATH\CodeIgniter.php(500): CodeIgniter\CodeIgniter->createController()
 3 SYSTEMPATH\CodeIgniter.php(355): CodeIgniter\CodeIgniter->handleRequest(null, Object(Config\Cache), false)
 4 SYSTEMPATH\Boot.php(312): CodeIgniter\CodeIgniter->run()
 5 SYSTEMPATH\Boot.php(67): CodeIgniter\Boot::runCodeIgniter(Object(CodeIgniter\CodeIgniter))
 6 FCPATH\index.php(56): CodeIgniter\Boot::bootWeb(Object(Config\Paths))
 7 SYSTEMPATH\Commands\Server\rewrite.php(49): require_once('C:\\xampp\\htdocs\\prospera\\public\\index.php')
WARNING - 2024-08-29 07:45:06 --> [DEPRECATED] Creation of dynamic property App\Controllers\Data::$uri is deprecated in APPPATH\Controllers\Data.php on line 27.
 1 SYSTEMPATH\CodeIgniter.php(903): App\Controllers\Data->__construct()
 2 SYSTEMPATH\CodeIgniter.php(500): CodeIgniter\CodeIgniter->createController()
 3 SYSTEMPATH\CodeIgniter.php(355): CodeIgniter\CodeIgniter->handleRequest(null, Object(Config\Cache), false)
 4 SYSTEMPATH\Boot.php(312): CodeIgniter\CodeIgniter->run()
 5 SYSTEMPATH\Boot.php(67): CodeIgniter\Boot::runCodeIgniter(Object(CodeIgniter\CodeIgniter))
 6 FCPATH\index.php(56): CodeIgniter\Boot::bootWeb(Object(Config\Paths))
 7 SYSTEMPATH\Commands\Server\rewrite.php(49): require_once('C:\\xampp\\htdocs\\prospera\\public\\index.php')
INFO - 2024-08-29 07:45:06 --> Session: Class initialized using 'CodeIgniter\Session\Handlers\FileHandler' driver.
WARNING - 2024-08-29 07:45:16 --> [DEPRECATED] Creation of dynamic property App\Controllers\Data::$dataModel is deprecated in APPPATH\Controllers\Data.php on line 22.
 1 SYSTEMPATH\CodeIgniter.php(903): App\Controllers\Data->__construct()
 2 SYSTEMPATH\CodeIgniter.php(500): CodeIgniter\CodeIgniter->createController()
 3 SYSTEMPATH\CodeIgniter.php(355): CodeIgniter\CodeIgniter->handleRequest(null, Object(Config\Cache), false)
 4 SYSTEMPATH\Boot.php(312): CodeIgniter\CodeIgniter->run()
 5 SYSTEMPATH\Boot.php(67): CodeIgniter\Boot::runCodeIgniter(Object(CodeIgniter\CodeIgniter))
 6 FCPATH\index.php(56): CodeIgniter\Boot::bootWeb(Object(Config\Paths))
 7 SYSTEMPATH\Commands\Server\rewrite.php(49): require_once('C:\\xampp\\htdocs\\prospera\\public\\index.php')
WARNING - 2024-08-29 07:45:16 --> [DEPRECATED] Creation of dynamic property App\Controllers\Data::$desaModel is deprecated in APPPATH\Controllers\Data.php on line 23.
 1 SYSTEMPATH\CodeIgniter.php(903): App\Controllers\Data->__construct()
 2 SYSTEMPATH\CodeIgniter.php(500): CodeIgniter\CodeIgniter->createController()
 3 SYSTEMPATH\CodeIgniter.php(355): CodeIgniter\CodeIgniter->handleRequest(null, Object(Config\Cache), false)
 4 SYSTEMPATH\Boot.php(312): CodeIgniter\CodeIgniter->run()
 5 SYSTEMPATH\Boot.php(67): CodeIgniter\Boot::runCodeIgniter(Object(CodeIgniter\CodeIgniter))
 6 FCPATH\index.php(56): CodeIgniter\Boot::bootWeb(Object(Config\Paths))
 7 SYSTEMPATH\Commands\Server\rewrite.php(49): require_once('C:\\xampp\\htdocs\\prospera\\public\\index.php')
WARNING - 2024-08-29 07:45:16 --> [DEPRECATED] Creation of dynamic property App\Controllers\Data::$kecamatanModel is deprecated in APPPATH\Controllers\Data.php on line 24.
 1 SYSTEMPATH\CodeIgniter.php(903): App\Controllers\Data->__construct()
 2 SYSTEMPATH\CodeIgniter.php(500): CodeIgniter\CodeIgniter->createController()
 3 SYSTEMPATH\CodeIgniter.php(355): CodeIgniter\CodeIgniter->handleRequest(null, Object(Config\Cache), false)
 4 SYSTEMPATH\Boot.php(312): CodeIgniter\CodeIgniter->run()
 5 SYSTEMPATH\Boot.php(67): CodeIgniter\Boot::runCodeIgniter(Object(CodeIgniter\CodeIgniter))
 6 FCPATH\index.php(56): CodeIgniter\Boot::bootWeb(Object(Config\Paths))
 7 SYSTEMPATH\Commands\Server\rewrite.php(49): require_once('C:\\xampp\\htdocs\\prospera\\public\\index.php')
WARNING - 2024-08-29 07:45:16 --> [DEPRECATED] Creation of dynamic property App\Controllers\Data::$quesModel is deprecated in APPPATH\Controllers\Data.php on line 25.
 1 SYSTEMPATH\CodeIgniter.php(903): App\Controllers\Data->__construct()
 2 SYSTEMPATH\CodeIgniter.php(500): CodeIgniter\CodeIgniter->createController()
 3 SYSTEMPATH\CodeIgniter.php(355): CodeIgniter\CodeIgniter->handleRequest(null, Object(Config\Cache), false)
 4 SYSTEMPATH\Boot.php(312): CodeIgniter\CodeIgniter->run()
 5 SYSTEMPATH\Boot.php(67): CodeIgniter\Boot::runCodeIgniter(Object(CodeIgniter\CodeIgniter))
 6 FCPATH\index.php(56): CodeIgniter\Boot::bootWeb(Object(Config\Paths))
 7 SYSTEMPATH\Commands\Server\rewrite.php(49): require_once('C:\\xampp\\htdocs\\prospera\\public\\index.php')
WARNING - 2024-08-29 07:45:16 --> [DEPRECATED] Creation of dynamic property App\Controllers\Data::$slsModel is deprecated in APPPATH\Controllers\Data.php on line 26.
 1 SYSTEMPATH\CodeIgniter.php(903): App\Controllers\Data->__construct()
 2 SYSTEMPATH\CodeIgniter.php(500): CodeIgniter\CodeIgniter->createController()
 3 SYSTEMPATH\CodeIgniter.php(355): CodeIgniter\CodeIgniter->handleRequest(null, Object(Config\Cache), false)
 4 SYSTEMPATH\Boot.php(312): CodeIgniter\CodeIgniter->run()
 5 SYSTEMPATH\Boot.php(67): CodeIgniter\Boot::runCodeIgniter(Object(CodeIgniter\CodeIgniter))
 6 FCPATH\index.php(56): CodeIgniter\Boot::bootWeb(Object(Config\Paths))
 7 SYSTEMPATH\Commands\Server\rewrite.php(49): require_once('C:\\xampp\\htdocs\\prospera\\public\\index.php')
WARNING - 2024-08-29 07:45:16 --> [DEPRECATED] Creation of dynamic property App\Controllers\Data::$uri is deprecated in APPPATH\Controllers\Data.php on line 27.
 1 SYSTEMPATH\CodeIgniter.php(903): App\Controllers\Data->__construct()
 2 SYSTEMPATH\CodeIgniter.php(500): CodeIgniter\CodeIgniter->createController()
 3 SYSTEMPATH\CodeIgniter.php(355): CodeIgniter\CodeIgniter->handleRequest(null, Object(Config\Cache), false)
 4 SYSTEMPATH\Boot.php(312): CodeIgniter\CodeIgniter->run()
 5 SYSTEMPATH\Boot.php(67): CodeIgniter\Boot::runCodeIgniter(Object(CodeIgniter\CodeIgniter))
 6 FCPATH\index.php(56): CodeIgniter\Boot::bootWeb(Object(Config\Paths))
 7 SYSTEMPATH\Commands\Server\rewrite.php(49): require_once('C:\\xampp\\htdocs\\prospera\\public\\index.php')
INFO - 2024-08-29 07:45:16 --> Session: Class initialized using 'CodeIgniter\Session\Handlers\FileHandler' driver.
WARNING - 2024-08-29 07:45:19 --> [DEPRECATED] trim(): Passing null to parameter #1 ($string) of type string is deprecated in APPPATH\Controllers\Metadata.php on line 21.
 1 APPPATH\Controllers\Metadata.php(21): trim(null)
 2 SYSTEMPATH\CodeIgniter.php(933): App\Controllers\Metadata->index()
 3 SYSTEMPATH\CodeIgniter.php(509): CodeIgniter\CodeIgniter->runController(Object(App\Controllers\Metadata))
 4 SYSTEMPATH\CodeIgniter.php(355): CodeIgniter\CodeIgniter->handleRequest(null, Object(Config\Cache), false)
 5 SYSTEMPATH\Boot.php(312): CodeIgniter\CodeIgniter->run()
 6 SYSTEMPATH\Boot.php(67): CodeIgniter\Boot::runCodeIgniter(Object(CodeIgniter\CodeIgniter))
 7 FCPATH\index.php(56): CodeIgniter\Boot::bootWeb(Object(Config\Paths))
 8 SYSTEMPATH\Commands\Server\rewrite.php(49): require_once('C:\\xampp\\htdocs\\prospera\\public\\index.php')
INFO - 2024-08-29 07:45:19 --> Session: Class initialized using 'CodeIgniter\Session\Handlers\FileHandler' driver.
WARNING - 2024-08-29 07:45:26 --> [DEPRECATED] Creation of dynamic property App\Controllers\User::$userModel is deprecated in APPPATH\Controllers\User.php on line 13.
 1 SYSTEMPATH\CodeIgniter.php(903): App\Controllers\User->__construct()
 2 SYSTEMPATH\CodeIgniter.php(500): CodeIgniter\CodeIgniter->createController()
 3 SYSTEMPATH\CodeIgniter.php(355): CodeIgniter\CodeIgniter->handleRequest(null, Object(Config\Cache), false)
 4 SYSTEMPATH\Boot.php(312): CodeIgniter\CodeIgniter->run()
 5 SYSTEMPATH\Boot.php(67): CodeIgniter\Boot::runCodeIgniter(Object(CodeIgniter\CodeIgniter))
 6 FCPATH\index.php(56): CodeIgniter\Boot::bootWeb(Object(Config\Paths))
 7 SYSTEMPATH\Commands\Server\rewrite.php(49): require_once('C:\\xampp\\htdocs\\prospera\\public\\index.php')
WARNING - 2024-08-29 07:45:26 --> [DEPRECATED] Creation of dynamic property App\Controllers\User::$desaModel is deprecated in APPPATH\Controllers\User.php on line 14.
 1 SYSTEMPATH\CodeIgniter.php(903): App\Controllers\User->__construct()
 2 SYSTEMPATH\CodeIgniter.php(500): CodeIgniter\CodeIgniter->createController()
 3 SYSTEMPATH\CodeIgniter.php(355): CodeIgniter\CodeIgniter->handleRequest(null, Object(Config\Cache), false)
 4 SYSTEMPATH\Boot.php(312): CodeIgniter\CodeIgniter->run()
 5 SYSTEMPATH\Boot.php(67): CodeIgniter\Boot::runCodeIgniter(Object(CodeIgniter\CodeIgniter))
 6 FCPATH\index.php(56): CodeIgniter\Boot::bootWeb(Object(Config\Paths))
 7 SYSTEMPATH\Commands\Server\rewrite.php(49): require_once('C:\\xampp\\htdocs\\prospera\\public\\index.php')
WARNING - 2024-08-29 07:45:26 --> [DEPRECATED] Creation of dynamic property App\Controllers\User::$kecamatanModel is deprecated in APPPATH\Controllers\User.php on line 15.
 1 SYSTEMPATH\CodeIgniter.php(903): App\Controllers\User->__construct()
 2 SYSTEMPATH\CodeIgniter.php(500): CodeIgniter\CodeIgniter->createController()
 3 SYSTEMPATH\CodeIgniter.php(355): CodeIgniter\CodeIgniter->handleRequest(null, Object(Config\Cache), false)
 4 SYSTEMPATH\Boot.php(312): CodeIgniter\CodeIgniter->run()
 5 SYSTEMPATH\Boot.php(67): CodeIgniter\Boot::runCodeIgniter(Object(CodeIgniter\CodeIgniter))
 6 FCPATH\index.php(56): CodeIgniter\Boot::bootWeb(Object(Config\Paths))
 7 SYSTEMPATH\Commands\Server\rewrite.php(49): require_once('C:\\xampp\\htdocs\\prospera\\public\\index.php')
INFO - 2024-08-29 07:45:26 --> Session: Class initialized using 'CodeIgniter\Session\Handlers\FileHandler' driver.
WARNING - 2024-08-29 07:45:30 --> [DEPRECATED] trim(): Passing null to parameter #1 ($string) of type string is deprecated in APPPATH\Controllers\Metadata.php on line 21.
 1 APPPATH\Controllers\Metadata.php(21): trim(null)
 2 SYSTEMPATH\CodeIgniter.php(933): App\Controllers\Metadata->index()
 3 SYSTEMPATH\CodeIgniter.php(509): CodeIgniter\CodeIgniter->runController(Object(App\Controllers\Metadata))
 4 SYSTEMPATH\CodeIgniter.php(355): CodeIgniter\CodeIgniter->handleRequest(null, Object(Config\Cache), false)
 5 SYSTEMPATH\Boot.php(312): CodeIgniter\CodeIgniter->run()
 6 SYSTEMPATH\Boot.php(67): CodeIgniter\Boot::runCodeIgniter(Object(CodeIgniter\CodeIgniter))
 7 FCPATH\index.php(56): CodeIgniter\Boot::bootWeb(Object(Config\Paths))
 8 SYSTEMPATH\Commands\Server\rewrite.php(49): require_once('C:\\xampp\\htdocs\\prospera\\public\\index.php')
INFO - 2024-08-29 07:45:30 --> Session: Class initialized using 'CodeIgniter\Session\Handlers\FileHandler' driver.
INFO - 2024-08-29 07:45:46 --> Session: Class initialized using 'CodeIgniter\Session\Handlers\FileHandler' driver.
WARNING - 2024-08-29 07:46:50 --> [DEPRECATED] Creation of dynamic property App\Controllers\User::$userModel is deprecated in APPPATH\Controllers\User.php on line 13.
 1 SYSTEMPATH\CodeIgniter.php(903): App\Controllers\User->__construct()
 2 SYSTEMPATH\CodeIgniter.php(500): CodeIgniter\CodeIgniter->createController()
 3 SYSTEMPATH\CodeIgniter.php(355): CodeIgniter\CodeIgniter->handleRequest(null, Object(Config\Cache), false)
 4 SYSTEMPATH\Boot.php(312): CodeIgniter\CodeIgniter->run()
 5 SYSTEMPATH\Boot.php(67): CodeIgniter\Boot::runCodeIgniter(Object(CodeIgniter\CodeIgniter))
 6 FCPATH\index.php(56): CodeIgniter\Boot::bootWeb(Object(Config\Paths))
 7 SYSTEMPATH\Commands\Server\rewrite.php(49): require_once('C:\\xampp\\htdocs\\prospera\\public\\index.php')
WARNING - 2024-08-29 07:46:50 --> [DEPRECATED] Creation of dynamic property App\Controllers\User::$desaModel is deprecated in APPPATH\Controllers\User.php on line 14.
 1 SYSTEMPATH\CodeIgniter.php(903): App\Controllers\User->__construct()
 2 SYSTEMPATH\CodeIgniter.php(500): CodeIgniter\CodeIgniter->createController()
 3 SYSTEMPATH\CodeIgniter.php(355): CodeIgniter\CodeIgniter->handleRequest(null, Object(Config\Cache), false)
 4 SYSTEMPATH\Boot.php(312): CodeIgniter\CodeIgniter->run()
 5 SYSTEMPATH\Boot.php(67): CodeIgniter\Boot::runCodeIgniter(Object(CodeIgniter\CodeIgniter))
 6 FCPATH\index.php(56): CodeIgniter\Boot::bootWeb(Object(Config\Paths))
 7 SYSTEMPATH\Commands\Server\rewrite.php(49): require_once('C:\\xampp\\htdocs\\prospera\\public\\index.php')
WARNING - 2024-08-29 07:46:50 --> [DEPRECATED] Creation of dynamic property App\Controllers\User::$kecamatanModel is deprecated in APPPATH\Controllers\User.php on line 15.
 1 SYSTEMPATH\CodeIgniter.php(903): App\Controllers\User->__construct()
 2 SYSTEMPATH\CodeIgniter.php(500): CodeIgniter\CodeIgniter->createController()
 3 SYSTEMPATH\CodeIgniter.php(355): CodeIgniter\CodeIgniter->handleRequest(null, Object(Config\Cache), false)
 4 SYSTEMPATH\Boot.php(312): CodeIgniter\CodeIgniter->run()
 5 SYSTEMPATH\Boot.php(67): CodeIgniter\Boot::runCodeIgniter(Object(CodeIgniter\CodeIgniter))
 6 FCPATH\index.php(56): CodeIgniter\Boot::bootWeb(Object(Config\Paths))
 7 SYSTEMPATH\Commands\Server\rewrite.php(49): require_once('C:\\xampp\\htdocs\\prospera\\public\\index.php')
INFO - 2024-08-29 07:46:50 --> Session: Class initialized using 'CodeIgniter\Session\Handlers\FileHandler' driver.
INFO - 2024-08-29 07:48:09 --> Session: Class initialized using 'CodeIgniter\Session\Handlers\FileHandler' driver.
INFO - 2024-08-29 07:49:13 --> Session: Class initialized using 'CodeIgniter\Session\Handlers\FileHandler' driver.
INFO - 2024-08-29 07:49:17 --> Session: Class initialized using 'CodeIgniter\Session\Handlers\FileHandler' driver.
WARNING - 2024-08-29 07:49:17 --> [DEPRECATED] Creation of dynamic property App\Controllers\Data::$dataModel is deprecated in APPPATH\Controllers\Data.php on line 22.
 1 SYSTEMPATH\CodeIgniter.php(903): App\Controllers\Data->__construct()
 2 SYSTEMPATH\CodeIgniter.php(500): CodeIgniter\CodeIgniter->createController()
 3 SYSTEMPATH\CodeIgniter.php(355): CodeIgniter\CodeIgniter->handleRequest(null, Object(Config\Cache), false)
 4 SYSTEMPATH\Boot.php(312): CodeIgniter\CodeIgniter->run()
 5 SYSTEMPATH\Boot.php(67): CodeIgniter\Boot::runCodeIgniter(Object(CodeIgniter\CodeIgniter))
 6 FCPATH\index.php(56): CodeIgniter\Boot::bootWeb(Object(Config\Paths))
 7 SYSTEMPATH\Commands\Server\rewrite.php(49): require_once('C:\\xampp\\htdocs\\prospera\\public\\index.php')
WARNING - 2024-08-29 07:49:17 --> [DEPRECATED] Creation of dynamic property App\Controllers\Data::$desaModel is deprecated in APPPATH\Controllers\Data.php on line 23.
 1 SYSTEMPATH\CodeIgniter.php(903): App\Controllers\Data->__construct()
 2 SYSTEMPATH\CodeIgniter.php(500): CodeIgniter\CodeIgniter->createController()
 3 SYSTEMPATH\CodeIgniter.php(355): CodeIgniter\CodeIgniter->handleRequest(null, Object(Config\Cache), false)
 4 SYSTEMPATH\Boot.php(312): CodeIgniter\CodeIgniter->run()
 5 SYSTEMPATH\Boot.php(67): CodeIgniter\Boot::runCodeIgniter(Object(CodeIgniter\CodeIgniter))
 6 FCPATH\index.php(56): CodeIgniter\Boot::bootWeb(Object(Config\Paths))
 7 SYSTEMPATH\Commands\Server\rewrite.php(49): require_once('C:\\xampp\\htdocs\\prospera\\public\\index.php')
WARNING - 2024-08-29 07:49:17 --> [DEPRECATED] Creation of dynamic property App\Controllers\Data::$kecamatanModel is deprecated in APPPATH\Controllers\Data.php on line 24.
 1 SYSTEMPATH\CodeIgniter.php(903): App\Controllers\Data->__construct()
 2 SYSTEMPATH\CodeIgniter.php(500): CodeIgniter\CodeIgniter->createController()
 3 SYSTEMPATH\CodeIgniter.php(355): CodeIgniter\CodeIgniter->handleRequest(null, Object(Config\Cache), false)
 4 SYSTEMPATH\Boot.php(312): CodeIgniter\CodeIgniter->run()
 5 SYSTEMPATH\Boot.php(67): CodeIgniter\Boot::runCodeIgniter(Object(CodeIgniter\CodeIgniter))
 6 FCPATH\index.php(56): CodeIgniter\Boot::bootWeb(Object(Config\Paths))
 7 SYSTEMPATH\Commands\Server\rewrite.php(49): require_once('C:\\xampp\\htdocs\\prospera\\public\\index.php')
WARNING - 2024-08-29 07:49:17 --> [DEPRECATED] Creation of dynamic property App\Controllers\Data::$quesModel is deprecated in APPPATH\Controllers\Data.php on line 25.
 1 SYSTEMPATH\CodeIgniter.php(903): App\Controllers\Data->__construct()
 2 SYSTEMPATH\CodeIgniter.php(500): CodeIgniter\CodeIgniter->createController()
 3 SYSTEMPATH\CodeIgniter.php(355): CodeIgniter\CodeIgniter->handleRequest(null, Object(Config\Cache), false)
 4 SYSTEMPATH\Boot.php(312): CodeIgniter\CodeIgniter->run()
 5 SYSTEMPATH\Boot.php(67): CodeIgniter\Boot::runCodeIgniter(Object(CodeIgniter\CodeIgniter))
 6 FCPATH\index.php(56): CodeIgniter\Boot::bootWeb(Object(Config\Paths))
 7 SYSTEMPATH\Commands\Server\rewrite.php(49): require_once('C:\\xampp\\htdocs\\prospera\\public\\index.php')
WARNING - 2024-08-29 07:49:17 --> [DEPRECATED] Creation of dynamic property App\Controllers\Data::$slsModel is deprecated in APPPATH\Controllers\Data.php on line 26.
 1 SYSTEMPATH\CodeIgniter.php(903): App\Controllers\Data->__construct()
 2 SYSTEMPATH\CodeIgniter.php(500): CodeIgniter\CodeIgniter->createController()
 3 SYSTEMPATH\CodeIgniter.php(355): CodeIgniter\CodeIgniter->handleRequest(null, Object(Config\Cache), false)
 4 SYSTEMPATH\Boot.php(312): CodeIgniter\CodeIgniter->run()
 5 SYSTEMPATH\Boot.php(67): CodeIgniter\Boot::runCodeIgniter(Object(CodeIgniter\CodeIgniter))
 6 FCPATH\index.php(56): CodeIgniter\Boot::bootWeb(Object(Config\Paths))
 7 SYSTEMPATH\Commands\Server\rewrite.php(49): require_once('C:\\xampp\\htdocs\\prospera\\public\\index.php')
WARNING - 2024-08-29 07:49:17 --> [DEPRECATED] Creation of dynamic property App\Controllers\Data::$uri is deprecated in APPPATH\Controllers\Data.php on line 27.
 1 SYSTEMPATH\CodeIgniter.php(903): App\Controllers\Data->__construct()
 2 SYSTEMPATH\CodeIgniter.php(500): CodeIgniter\CodeIgniter->createController()
 3 SYSTEMPATH\CodeIgniter.php(355): CodeIgniter\CodeIgniter->handleRequest(null, Object(Config\Cache), false)
 4 SYSTEMPATH\Boot.php(312): CodeIgniter\CodeIgniter->run()
 5 SYSTEMPATH\Boot.php(67): CodeIgniter\Boot::runCodeIgniter(Object(CodeIgniter\CodeIgniter))
 6 FCPATH\index.php(56): CodeIgniter\Boot::bootWeb(Object(Config\Paths))
 7 SYSTEMPATH\Commands\Server\rewrite.php(49): require_once('C:\\xampp\\htdocs\\prospera\\public\\index.php')
INFO - 2024-08-29 07:49:17 --> Session: Class initialized using 'CodeIgniter\Session\Handlers\FileHandler' driver.
INFO - 2024-08-29 07:49:19 --> Session: Class initialized using 'CodeIgniter\Session\Handlers\FileHandler' driver.
INFO - 2024-08-29 07:53:23 --> Session: Class initialized using 'CodeIgniter\Session\Handlers\FileHandler' driver.
INFO - 2024-08-29 07:53:28 --> Session: Class initialized using 'CodeIgniter\Session\Handlers\FileHandler' driver.
WARNING - 2024-08-29 07:53:29 --> [DEPRECATED] Creation of dynamic property App\Controllers\Data::$dataModel is deprecated in APPPATH\Controllers\Data.php on line 22.
 1 SYSTEMPATH\CodeIgniter.php(903): App\Controllers\Data->__construct()
 2 SYSTEMPATH\CodeIgniter.php(500): CodeIgniter\CodeIgniter->createController()
 3 SYSTEMPATH\CodeIgniter.php(355): CodeIgniter\CodeIgniter->handleRequest(null, Object(Config\Cache), false)
 4 SYSTEMPATH\Boot.php(312): CodeIgniter\CodeIgniter->run()
 5 SYSTEMPATH\Boot.php(67): CodeIgniter\Boot::runCodeIgniter(Object(CodeIgniter\CodeIgniter))
 6 FCPATH\index.php(56): CodeIgniter\Boot::bootWeb(Object(Config\Paths))
 7 SYSTEMPATH\Commands\Server\rewrite.php(49): require_once('C:\\xampp\\htdocs\\prospera\\public\\index.php')
WARNING - 2024-08-29 07:53:29 --> [DEPRECATED] Creation of dynamic property App\Controllers\Data::$desaModel is deprecated in APPPATH\Controllers\Data.php on line 23.
 1 SYSTEMPATH\CodeIgniter.php(903): App\Controllers\Data->__construct()
 2 SYSTEMPATH\CodeIgniter.php(500): CodeIgniter\CodeIgniter->createController()
 3 SYSTEMPATH\CodeIgniter.php(355): CodeIgniter\CodeIgniter->handleRequest(null, Object(Config\Cache), false)
 4 SYSTEMPATH\Boot.php(312): CodeIgniter\CodeIgniter->run()
 5 SYSTEMPATH\Boot.php(67): CodeIgniter\Boot::runCodeIgniter(Object(CodeIgniter\CodeIgniter))
 6 FCPATH\index.php(56): CodeIgniter\Boot::bootWeb(Object(Config\Paths))
 7 SYSTEMPATH\Commands\Server\rewrite.php(49): require_once('C:\\xampp\\htdocs\\prospera\\public\\index.php')
WARNING - 2024-08-29 07:53:29 --> [DEPRECATED] Creation of dynamic property App\Controllers\Data::$kecamatanModel is deprecated in APPPATH\Controllers\Data.php on line 24.
 1 SYSTEMPATH\CodeIgniter.php(903): App\Controllers\Data->__construct()
 2 SYSTEMPATH\CodeIgniter.php(500): CodeIgniter\CodeIgniter->createController()
 3 SYSTEMPATH\CodeIgniter.php(355): CodeIgniter\CodeIgniter->handleRequest(null, Object(Config\Cache), false)
 4 SYSTEMPATH\Boot.php(312): CodeIgniter\CodeIgniter->run()
 5 SYSTEMPATH\Boot.php(67): CodeIgniter\Boot::runCodeIgniter(Object(CodeIgniter\CodeIgniter))
 6 FCPATH\index.php(56): CodeIgniter\Boot::bootWeb(Object(Config\Paths))
 7 SYSTEMPATH\Commands\Server\rewrite.php(49): require_once('C:\\xampp\\htdocs\\prospera\\public\\index.php')
WARNING - 2024-08-29 07:53:29 --> [DEPRECATED] Creation of dynamic property App\Controllers\Data::$quesModel is deprecated in APPPATH\Controllers\Data.php on line 25.
 1 SYSTEMPATH\CodeIgniter.php(903): App\Controllers\Data->__construct()
 2 SYSTEMPATH\CodeIgniter.php(500): CodeIgniter\CodeIgniter->createController()
 3 SYSTEMPATH\CodeIgniter.php(355): CodeIgniter\CodeIgniter->handleRequest(null, Object(Config\Cache), false)
 4 SYSTEMPATH\Boot.php(312): CodeIgniter\CodeIgniter->run()
 5 SYSTEMPATH\Boot.php(67): CodeIgniter\Boot::runCodeIgniter(Object(CodeIgniter\CodeIgniter))
 6 FCPATH\index.php(56): CodeIgniter\Boot::bootWeb(Object(Config\Paths))
 7 SYSTEMPATH\Commands\Server\rewrite.php(49): require_once('C:\\xampp\\htdocs\\prospera\\public\\index.php')
WARNING - 2024-08-29 07:53:29 --> [DEPRECATED] Creation of dynamic property App\Controllers\Data::$slsModel is deprecated in APPPATH\Controllers\Data.php on line 26.
 1 SYSTEMPATH\CodeIgniter.php(903): App\Controllers\Data->__construct()
 2 SYSTEMPATH\CodeIgniter.php(500): CodeIgniter\CodeIgniter->createController()
 3 SYSTEMPATH\CodeIgniter.php(355): CodeIgniter\CodeIgniter->handleRequest(null, Object(Config\Cache), false)
 4 SYSTEMPATH\Boot.php(312): CodeIgniter\CodeIgniter->run()
 5 SYSTEMPATH\Boot.php(67): CodeIgniter\Boot::runCodeIgniter(Object(CodeIgniter\CodeIgniter))
 6 FCPATH\index.php(56): CodeIgniter\Boot::bootWeb(Object(Config\Paths))
 7 SYSTEMPATH\Commands\Server\rewrite.php(49): require_once('C:\\xampp\\htdocs\\prospera\\public\\index.php')
WARNING - 2024-08-29 07:53:29 --> [DEPRECATED] Creation of dynamic property App\Controllers\Data::$uri is deprecated in APPPATH\Controllers\Data.php on line 27.
 1 SYSTEMPATH\CodeIgniter.php(903): App\Controllers\Data->__construct()
 2 SYSTEMPATH\CodeIgniter.php(500): CodeIgniter\CodeIgniter->createController()
 3 SYSTEMPATH\CodeIgniter.php(355): CodeIgniter\CodeIgniter->handleRequest(null, Object(Config\Cache), false)
 4 SYSTEMPATH\Boot.php(312): CodeIgniter\CodeIgniter->run()
 5 SYSTEMPATH\Boot.php(67): CodeIgniter\Boot::runCodeIgniter(Object(CodeIgniter\CodeIgniter))
 6 FCPATH\index.php(56): CodeIgniter\Boot::bootWeb(Object(Config\Paths))
 7 SYSTEMPATH\Commands\Server\rewrite.php(49): require_once('C:\\xampp\\htdocs\\prospera\\public\\index.php')
INFO - 2024-08-29 07:53:29 --> Session: Class initialized using 'CodeIgniter\Session\Handlers\FileHandler' driver.
INFO - 2024-08-29 08:07:02 --> Session: Class initialized using 'CodeIgniter\Session\Handlers\FileHandler' driver.
INFO - 2024-08-29 08:07:05 --> Session: Class initialized using 'CodeIgniter\Session\Handlers\FileHandler' driver.
INFO - 2024-08-29 08:07:12 --> Session: Class initialized using 'CodeIgniter\Session\Handlers\FileHandler' driver.
WARNING - 2024-08-29 08:07:12 --> [DEPRECATED] Creation of dynamic property App\Controllers\Data::$dataModel is deprecated in APPPATH\Controllers\Data.php on line 22.
 1 SYSTEMPATH\CodeIgniter.php(903): App\Controllers\Data->__construct()
 2 SYSTEMPATH\CodeIgniter.php(500): CodeIgniter\CodeIgniter->createController()
 3 SYSTEMPATH\CodeIgniter.php(355): CodeIgniter\CodeIgniter->handleRequest(null, Object(Config\Cache), false)
 4 SYSTEMPATH\Boot.php(312): CodeIgniter\CodeIgniter->run()
 5 SYSTEMPATH\Boot.php(67): CodeIgniter\Boot::runCodeIgniter(Object(CodeIgniter\CodeIgniter))
 6 FCPATH\index.php(56): CodeIgniter\Boot::bootWeb(Object(Config\Paths))
 7 SYSTEMPATH\Commands\Server\rewrite.php(49): require_once('C:\\xampp\\htdocs\\prospera\\public\\index.php')
WARNING - 2024-08-29 08:07:12 --> [DEPRECATED] Creation of dynamic property App\Controllers\Data::$desaModel is deprecated in APPPATH\Controllers\Data.php on line 23.
 1 SYSTEMPATH\CodeIgniter.php(903): App\Controllers\Data->__construct()
 2 SYSTEMPATH\CodeIgniter.php(500): CodeIgniter\CodeIgniter->createController()
 3 SYSTEMPATH\CodeIgniter.php(355): CodeIgniter\CodeIgniter->handleRequest(null, Object(Config\Cache), false)
 4 SYSTEMPATH\Boot.php(312): CodeIgniter\CodeIgniter->run()
 5 SYSTEMPATH\Boot.php(67): CodeIgniter\Boot::runCodeIgniter(Object(CodeIgniter\CodeIgniter))
 6 FCPATH\index.php(56): CodeIgniter\Boot::bootWeb(Object(Config\Paths))
 7 SYSTEMPATH\Commands\Server\rewrite.php(49): require_once('C:\\xampp\\htdocs\\prospera\\public\\index.php')
WARNING - 2024-08-29 08:07:12 --> [DEPRECATED] Creation of dynamic property App\Controllers\Data::$kecamatanModel is deprecated in APPPATH\Controllers\Data.php on line 24.
 1 SYSTEMPATH\CodeIgniter.php(903): App\Controllers\Data->__construct()
 2 SYSTEMPATH\CodeIgniter.php(500): CodeIgniter\CodeIgniter->createController()
 3 SYSTEMPATH\CodeIgniter.php(355): CodeIgniter\CodeIgniter->handleRequest(null, Object(Config\Cache), false)
 4 SYSTEMPATH\Boot.php(312): CodeIgniter\CodeIgniter->run()
 5 SYSTEMPATH\Boot.php(67): CodeIgniter\Boot::runCodeIgniter(Object(CodeIgniter\CodeIgniter))
 6 FCPATH\index.php(56): CodeIgniter\Boot::bootWeb(Object(Config\Paths))
 7 SYSTEMPATH\Commands\Server\rewrite.php(49): require_once('C:\\xampp\\htdocs\\prospera\\public\\index.php')
WARNING - 2024-08-29 08:07:12 --> [DEPRECATED] Creation of dynamic property App\Controllers\Data::$quesModel is deprecated in APPPATH\Controllers\Data.php on line 25.
 1 SYSTEMPATH\CodeIgniter.php(903): App\Controllers\Data->__construct()
 2 SYSTEMPATH\CodeIgniter.php(500): CodeIgniter\CodeIgniter->createController()
 3 SYSTEMPATH\CodeIgniter.php(355): CodeIgniter\CodeIgniter->handleRequest(null, Object(Config\Cache), false)
 4 SYSTEMPATH\Boot.php(312): CodeIgniter\CodeIgniter->run()
 5 SYSTEMPATH\Boot.php(67): CodeIgniter\Boot::runCodeIgniter(Object(CodeIgniter\CodeIgniter))
 6 FCPATH\index.php(56): CodeIgniter\Boot::bootWeb(Object(Config\Paths))
 7 SYSTEMPATH\Commands\Server\rewrite.php(49): require_once('C:\\xampp\\htdocs\\prospera\\public\\index.php')
WARNING - 2024-08-29 08:07:12 --> [DEPRECATED] Creation of dynamic property App\Controllers\Data::$slsModel is deprecated in APPPATH\Controllers\Data.php on line 26.
 1 SYSTEMPATH\CodeIgniter.php(903): App\Controllers\Data->__construct()
 2 SYSTEMPATH\CodeIgniter.php(500): CodeIgniter\CodeIgniter->createController()
 3 SYSTEMPATH\CodeIgniter.php(355): CodeIgniter\CodeIgniter->handleRequest(null, Object(Config\Cache), false)
 4 SYSTEMPATH\Boot.php(312): CodeIgniter\CodeIgniter->run()
 5 SYSTEMPATH\Boot.php(67): CodeIgniter\Boot::runCodeIgniter(Object(CodeIgniter\CodeIgniter))
 6 FCPATH\index.php(56): CodeIgniter\Boot::bootWeb(Object(Config\Paths))
 7 SYSTEMPATH\Commands\Server\rewrite.php(49): require_once('C:\\xampp\\htdocs\\prospera\\public\\index.php')
WARNING - 2024-08-29 08:07:12 --> [DEPRECATED] Creation of dynamic property App\Controllers\Data::$uri is deprecated in APPPATH\Controllers\Data.php on line 27.
 1 SYSTEMPATH\CodeIgniter.php(903): App\Controllers\Data->__construct()
 2 SYSTEMPATH\CodeIgniter.php(500): CodeIgniter\CodeIgniter->createController()
 3 SYSTEMPATH\CodeIgniter.php(355): CodeIgniter\CodeIgniter->handleRequest(null, Object(Config\Cache), false)
 4 SYSTEMPATH\Boot.php(312): CodeIgniter\CodeIgniter->run()
 5 SYSTEMPATH\Boot.php(67): CodeIgniter\Boot::runCodeIgniter(Object(CodeIgniter\CodeIgniter))
 6 FCPATH\index.php(56): CodeIgniter\Boot::bootWeb(Object(Config\Paths))
 7 SYSTEMPATH\Commands\Server\rewrite.php(49): require_once('C:\\xampp\\htdocs\\prospera\\public\\index.php')
INFO - 2024-08-29 08:07:12 --> Session: Class initialized using 'CodeIgniter\Session\Handlers\FileHandler' driver.
WARNING - 2024-08-29 08:07:15 --> [DEPRECATED] Creation of dynamic property App\Controllers\Data::$dataModel is deprecated in APPPATH\Controllers\Data.php on line 22.
 1 SYSTEMPATH\CodeIgniter.php(903): App\Controllers\Data->__construct()
 2 SYSTEMPATH\CodeIgniter.php(500): CodeIgniter\CodeIgniter->createController()
 3 SYSTEMPATH\CodeIgniter.php(355): CodeIgniter\CodeIgniter->handleRequest(null, Object(Config\Cache), false)
 4 SYSTEMPATH\Boot.php(312): CodeIgniter\CodeIgniter->run()
 5 SYSTEMPATH\Boot.php(67): CodeIgniter\Boot::runCodeIgniter(Object(CodeIgniter\CodeIgniter))
 6 FCPATH\index.php(56): CodeIgniter\Boot::bootWeb(Object(Config\Paths))
 7 SYSTEMPATH\Commands\Server\rewrite.php(49): require_once('C:\\xampp\\htdocs\\prospera\\public\\index.php')
WARNING - 2024-08-29 08:07:15 --> [DEPRECATED] Creation of dynamic property App\Controllers\Data::$desaModel is deprecated in APPPATH\Controllers\Data.php on line 23.
 1 SYSTEMPATH\CodeIgniter.php(903): App\Controllers\Data->__construct()
 2 SYSTEMPATH\CodeIgniter.php(500): CodeIgniter\CodeIgniter->createController()
 3 SYSTEMPATH\CodeIgniter.php(355): CodeIgniter\CodeIgniter->handleRequest(null, Object(Config\Cache), false)
 4 SYSTEMPATH\Boot.php(312): CodeIgniter\CodeIgniter->run()
 5 SYSTEMPATH\Boot.php(67): CodeIgniter\Boot::runCodeIgniter(Object(CodeIgniter\CodeIgniter))
 6 FCPATH\index.php(56): CodeIgniter\Boot::bootWeb(Object(Config\Paths))
 7 SYSTEMPATH\Commands\Server\rewrite.php(49): require_once('C:\\xampp\\htdocs\\prospera\\public\\index.php')
WARNING - 2024-08-29 08:07:15 --> [DEPRECATED] Creation of dynamic property App\Controllers\Data::$kecamatanModel is deprecated in APPPATH\Controllers\Data.php on line 24.
 1 SYSTEMPATH\CodeIgniter.php(903): App\Controllers\Data->__construct()
 2 SYSTEMPATH\CodeIgniter.php(500): CodeIgniter\CodeIgniter->createController()
 3 SYSTEMPATH\CodeIgniter.php(355): CodeIgniter\CodeIgniter->handleRequest(null, Object(Config\Cache), false)
 4 SYSTEMPATH\Boot.php(312): CodeIgniter\CodeIgniter->run()
 5 SYSTEMPATH\Boot.php(67): CodeIgniter\Boot::runCodeIgniter(Object(CodeIgniter\CodeIgniter))
 6 FCPATH\index.php(56): CodeIgniter\Boot::bootWeb(Object(Config\Paths))
 7 SYSTEMPATH\Commands\Server\rewrite.php(49): require_once('C:\\xampp\\htdocs\\prospera\\public\\index.php')
WARNING - 2024-08-29 08:07:15 --> [DEPRECATED] Creation of dynamic property App\Controllers\Data::$quesModel is deprecated in APPPATH\Controllers\Data.php on line 25.
 1 SYSTEMPATH\CodeIgniter.php(903): App\Controllers\Data->__construct()
 2 SYSTEMPATH\CodeIgniter.php(500): CodeIgniter\CodeIgniter->createController()
 3 SYSTEMPATH\CodeIgniter.php(355): CodeIgniter\CodeIgniter->handleRequest(null, Object(Config\Cache), false)
 4 SYSTEMPATH\Boot.php(312): CodeIgniter\CodeIgniter->run()
 5 SYSTEMPATH\Boot.php(67): CodeIgniter\Boot::runCodeIgniter(Object(CodeIgniter\CodeIgniter))
 6 FCPATH\index.php(56): CodeIgniter\Boot::bootWeb(Object(Config\Paths))
 7 SYSTEMPATH\Commands\Server\rewrite.php(49): require_once('C:\\xampp\\htdocs\\prospera\\public\\index.php')
WARNING - 2024-08-29 08:07:15 --> [DEPRECATED] Creation of dynamic property App\Controllers\Data::$slsModel is deprecated in APPPATH\Controllers\Data.php on line 26.
 1 SYSTEMPATH\CodeIgniter.php(903): App\Controllers\Data->__construct()
 2 SYSTEMPATH\CodeIgniter.php(500): CodeIgniter\CodeIgniter->createController()
 3 SYSTEMPATH\CodeIgniter.php(355): CodeIgniter\CodeIgniter->handleRequest(null, Object(Config\Cache), false)
 4 SYSTEMPATH\Boot.php(312): CodeIgniter\CodeIgniter->run()
 5 SYSTEMPATH\Boot.php(67): CodeIgniter\Boot::runCodeIgniter(Object(CodeIgniter\CodeIgniter))
 6 FCPATH\index.php(56): CodeIgniter\Boot::bootWeb(Object(Config\Paths))
 7 SYSTEMPATH\Commands\Server\rewrite.php(49): require_once('C:\\xampp\\htdocs\\prospera\\public\\index.php')
WARNING - 2024-08-29 08:07:15 --> [DEPRECATED] Creation of dynamic property App\Controllers\Data::$uri is deprecated in APPPATH\Controllers\Data.php on line 27.
 1 SYSTEMPATH\CodeIgniter.php(903): App\Controllers\Data->__construct()
 2 SYSTEMPATH\CodeIgniter.php(500): CodeIgniter\CodeIgniter->createController()
 3 SYSTEMPATH\CodeIgniter.php(355): CodeIgniter\CodeIgniter->handleRequest(null, Object(Config\Cache), false)
 4 SYSTEMPATH\Boot.php(312): CodeIgniter\CodeIgniter->run()
 5 SYSTEMPATH\Boot.php(67): CodeIgniter\Boot::runCodeIgniter(Object(CodeIgniter\CodeIgniter))
 6 FCPATH\index.php(56): CodeIgniter\Boot::bootWeb(Object(Config\Paths))
 7 SYSTEMPATH\Commands\Server\rewrite.php(49): require_once('C:\\xampp\\htdocs\\prospera\\public\\index.php')
INFO - 2024-08-29 08:07:15 --> Session: Class initialized using 'CodeIgniter\Session\Handlers\FileHandler' driver.
WARNING - 2024-08-29 08:08:21 --> [DEPRECATED] Creation of dynamic property App\Controllers\Data::$dataModel is deprecated in APPPATH\Controllers\Data.php on line 22.
 1 SYSTEMPATH\CodeIgniter.php(903): App\Controllers\Data->__construct()
 2 SYSTEMPATH\CodeIgniter.php(500): CodeIgniter\CodeIgniter->createController()
 3 SYSTEMPATH\CodeIgniter.php(355): CodeIgniter\CodeIgniter->handleRequest(null, Object(Config\Cache), false)
 4 SYSTEMPATH\Boot.php(312): CodeIgniter\CodeIgniter->run()
 5 SYSTEMPATH\Boot.php(67): CodeIgniter\Boot::runCodeIgniter(Object(CodeIgniter\CodeIgniter))
 6 FCPATH\index.php(56): CodeIgniter\Boot::bootWeb(Object(Config\Paths))
 7 SYSTEMPATH\Commands\Server\rewrite.php(49): require_once('C:\\xampp\\htdocs\\prospera\\public\\index.php')
WARNING - 2024-08-29 08:08:21 --> [DEPRECATED] Creation of dynamic property App\Controllers\Data::$desaModel is deprecated in APPPATH\Controllers\Data.php on line 23.
 1 SYSTEMPATH\CodeIgniter.php(903): App\Controllers\Data->__construct()
 2 SYSTEMPATH\CodeIgniter.php(500): CodeIgniter\CodeIgniter->createController()
 3 SYSTEMPATH\CodeIgniter.php(355): CodeIgniter\CodeIgniter->handleRequest(null, Object(Config\Cache), false)
 4 SYSTEMPATH\Boot.php(312): CodeIgniter\CodeIgniter->run()
 5 SYSTEMPATH\Boot.php(67): CodeIgniter\Boot::runCodeIgniter(Object(CodeIgniter\CodeIgniter))
 6 FCPATH\index.php(56): CodeIgniter\Boot::bootWeb(Object(Config\Paths))
 7 SYSTEMPATH\Commands\Server\rewrite.php(49): require_once('C:\\xampp\\htdocs\\prospera\\public\\index.php')
WARNING - 2024-08-29 08:08:21 --> [DEPRECATED] Creation of dynamic property App\Controllers\Data::$kecamatanModel is deprecated in APPPATH\Controllers\Data.php on line 24.
 1 SYSTEMPATH\CodeIgniter.php(903): App\Controllers\Data->__construct()
 2 SYSTEMPATH\CodeIgniter.php(500): CodeIgniter\CodeIgniter->createController()
 3 SYSTEMPATH\CodeIgniter.php(355): CodeIgniter\CodeIgniter->handleRequest(null, Object(Config\Cache), false)
 4 SYSTEMPATH\Boot.php(312): CodeIgniter\CodeIgniter->run()
 5 SYSTEMPATH\Boot.php(67): CodeIgniter\Boot::runCodeIgniter(Object(CodeIgniter\CodeIgniter))
 6 FCPATH\index.php(56): CodeIgniter\Boot::bootWeb(Object(Config\Paths))
 7 SYSTEMPATH\Commands\Server\rewrite.php(49): require_once('C:\\xampp\\htdocs\\prospera\\public\\index.php')
WARNING - 2024-08-29 08:08:21 --> [DEPRECATED] Creation of dynamic property App\Controllers\Data::$quesModel is deprecated in APPPATH\Controllers\Data.php on line 25.
 1 SYSTEMPATH\CodeIgniter.php(903): App\Controllers\Data->__construct()
 2 SYSTEMPATH\CodeIgniter.php(500): CodeIgniter\CodeIgniter->createController()
 3 SYSTEMPATH\CodeIgniter.php(355): CodeIgniter\CodeIgniter->handleRequest(null, Object(Config\Cache), false)
 4 SYSTEMPATH\Boot.php(312): CodeIgniter\CodeIgniter->run()
 5 SYSTEMPATH\Boot.php(67): CodeIgniter\Boot::runCodeIgniter(Object(CodeIgniter\CodeIgniter))
 6 FCPATH\index.php(56): CodeIgniter\Boot::bootWeb(Object(Config\Paths))
 7 SYSTEMPATH\Commands\Server\rewrite.php(49): require_once('C:\\xampp\\htdocs\\prospera\\public\\index.php')
WARNING - 2024-08-29 08:08:21 --> [DEPRECATED] Creation of dynamic property App\Controllers\Data::$slsModel is deprecated in APPPATH\Controllers\Data.php on line 26.
 1 SYSTEMPATH\CodeIgniter.php(903): App\Controllers\Data->__construct()
 2 SYSTEMPATH\CodeIgniter.php(500): CodeIgniter\CodeIgniter->createController()
 3 SYSTEMPATH\CodeIgniter.php(355): CodeIgniter\CodeIgniter->handleRequest(null, Object(Config\Cache), false)
 4 SYSTEMPATH\Boot.php(312): CodeIgniter\CodeIgniter->run()
 5 SYSTEMPATH\Boot.php(67): CodeIgniter\Boot::runCodeIgniter(Object(CodeIgniter\CodeIgniter))
 6 FCPATH\index.php(56): CodeIgniter\Boot::bootWeb(Object(Config\Paths))
 7 SYSTEMPATH\Commands\Server\rewrite.php(49): require_once('C:\\xampp\\htdocs\\prospera\\public\\index.php')
WARNING - 2024-08-29 08:08:21 --> [DEPRECATED] Creation of dynamic property App\Controllers\Data::$uri is deprecated in APPPATH\Controllers\Data.php on line 27.
 1 SYSTEMPATH\CodeIgniter.php(903): App\Controllers\Data->__construct()
 2 SYSTEMPATH\CodeIgniter.php(500): CodeIgniter\CodeIgniter->createController()
 3 SYSTEMPATH\CodeIgniter.php(355): CodeIgniter\CodeIgniter->handleRequest(null, Object(Config\Cache), false)
 4 SYSTEMPATH\Boot.php(312): CodeIgniter\CodeIgniter->run()
 5 SYSTEMPATH\Boot.php(67): CodeIgniter\Boot::runCodeIgniter(Object(CodeIgniter\CodeIgniter))
 6 FCPATH\index.php(56): CodeIgniter\Boot::bootWeb(Object(Config\Paths))
 7 SYSTEMPATH\Commands\Server\rewrite.php(49): require_once('C:\\xampp\\htdocs\\prospera\\public\\index.php')
INFO - 2024-08-29 08:08:21 --> Session: Class initialized using 'CodeIgniter\Session\Handlers\FileHandler' driver.
WARNING - 2024-08-29 08:08:41 --> [DEPRECATED] Creation of dynamic property App\Controllers\Data::$dataModel is deprecated in APPPATH\Controllers\Data.php on line 22.
 1 SYSTEMPATH\CodeIgniter.php(903): App\Controllers\Data->__construct()
 2 SYSTEMPATH\CodeIgniter.php(500): CodeIgniter\CodeIgniter->createController()
 3 SYSTEMPATH\CodeIgniter.php(355): CodeIgniter\CodeIgniter->handleRequest(null, Object(Config\Cache), false)
 4 SYSTEMPATH\Boot.php(312): CodeIgniter\CodeIgniter->run()
 5 SYSTEMPATH\Boot.php(67): CodeIgniter\Boot::runCodeIgniter(Object(CodeIgniter\CodeIgniter))
 6 FCPATH\index.php(56): CodeIgniter\Boot::bootWeb(Object(Config\Paths))
 7 SYSTEMPATH\Commands\Server\rewrite.php(49): require_once('C:\\xampp\\htdocs\\prospera\\public\\index.php')
WARNING - 2024-08-29 08:08:41 --> [DEPRECATED] Creation of dynamic property App\Controllers\Data::$desaModel is deprecated in APPPATH\Controllers\Data.php on line 23.
 1 SYSTEMPATH\CodeIgniter.php(903): App\Controllers\Data->__construct()
 2 SYSTEMPATH\CodeIgniter.php(500): CodeIgniter\CodeIgniter->createController()
 3 SYSTEMPATH\CodeIgniter.php(355): CodeIgniter\CodeIgniter->handleRequest(null, Object(Config\Cache), false)
 4 SYSTEMPATH\Boot.php(312): CodeIgniter\CodeIgniter->run()
 5 SYSTEMPATH\Boot.php(67): CodeIgniter\Boot::runCodeIgniter(Object(CodeIgniter\CodeIgniter))
 6 FCPATH\index.php(56): CodeIgniter\Boot::bootWeb(Object(Config\Paths))
 7 SYSTEMPATH\Commands\Server\rewrite.php(49): require_once('C:\\xampp\\htdocs\\prospera\\public\\index.php')
WARNING - 2024-08-29 08:08:41 --> [DEPRECATED] Creation of dynamic property App\Controllers\Data::$kecamatanModel is deprecated in APPPATH\Controllers\Data.php on line 24.
 1 SYSTEMPATH\CodeIgniter.php(903): App\Controllers\Data->__construct()
 2 SYSTEMPATH\CodeIgniter.php(500): CodeIgniter\CodeIgniter->createController()
 3 SYSTEMPATH\CodeIgniter.php(355): CodeIgniter\CodeIgniter->handleRequest(null, Object(Config\Cache), false)
 4 SYSTEMPATH\Boot.php(312): CodeIgniter\CodeIgniter->run()
 5 SYSTEMPATH\Boot.php(67): CodeIgniter\Boot::runCodeIgniter(Object(CodeIgniter\CodeIgniter))
 6 FCPATH\index.php(56): CodeIgniter\Boot::bootWeb(Object(Config\Paths))
 7 SYSTEMPATH\Commands\Server\rewrite.php(49): require_once('C:\\xampp\\htdocs\\prospera\\public\\index.php')
WARNING - 2024-08-29 08:08:41 --> [DEPRECATED] Creation of dynamic property App\Controllers\Data::$quesModel is deprecated in APPPATH\Controllers\Data.php on line 25.
 1 SYSTEMPATH\CodeIgniter.php(903): App\Controllers\Data->__construct()
 2 SYSTEMPATH\CodeIgniter.php(500): CodeIgniter\CodeIgniter->createController()
 3 SYSTEMPATH\CodeIgniter.php(355): CodeIgniter\CodeIgniter->handleRequest(null, Object(Config\Cache), false)
 4 SYSTEMPATH\Boot.php(312): CodeIgniter\CodeIgniter->run()
 5 SYSTEMPATH\Boot.php(67): CodeIgniter\Boot::runCodeIgniter(Object(CodeIgniter\CodeIgniter))
 6 FCPATH\index.php(56): CodeIgniter\Boot::bootWeb(Object(Config\Paths))
 7 SYSTEMPATH\Commands\Server\rewrite.php(49): require_once('C:\\xampp\\htdocs\\prospera\\public\\index.php')
WARNING - 2024-08-29 08:08:41 --> [DEPRECATED] Creation of dynamic property App\Controllers\Data::$slsModel is deprecated in APPPATH\Controllers\Data.php on line 26.
 1 SYSTEMPATH\CodeIgniter.php(903): App\Controllers\Data->__construct()
 2 SYSTEMPATH\CodeIgniter.php(500): CodeIgniter\CodeIgniter->createController()
 3 SYSTEMPATH\CodeIgniter.php(355): CodeIgniter\CodeIgniter->handleRequest(null, Object(Config\Cache), false)
 4 SYSTEMPATH\Boot.php(312): CodeIgniter\CodeIgniter->run()
 5 SYSTEMPATH\Boot.php(67): CodeIgniter\Boot::runCodeIgniter(Object(CodeIgniter\CodeIgniter))
 6 FCPATH\index.php(56): CodeIgniter\Boot::bootWeb(Object(Config\Paths))
 7 SYSTEMPATH\Commands\Server\rewrite.php(49): require_once('C:\\xampp\\htdocs\\prospera\\public\\index.php')
WARNING - 2024-08-29 08:08:41 --> [DEPRECATED] Creation of dynamic property App\Controllers\Data::$uri is deprecated in APPPATH\Controllers\Data.php on line 27.
 1 SYSTEMPATH\CodeIgniter.php(903): App\Controllers\Data->__construct()
 2 SYSTEMPATH\CodeIgniter.php(500): CodeIgniter\CodeIgniter->createController()
 3 SYSTEMPATH\CodeIgniter.php(355): CodeIgniter\CodeIgniter->handleRequest(null, Object(Config\Cache), false)
 4 SYSTEMPATH\Boot.php(312): CodeIgniter\CodeIgniter->run()
 5 SYSTEMPATH\Boot.php(67): CodeIgniter\Boot::runCodeIgniter(Object(CodeIgniter\CodeIgniter))
 6 FCPATH\index.php(56): CodeIgniter\Boot::bootWeb(Object(Config\Paths))
 7 SYSTEMPATH\Commands\Server\rewrite.php(49): require_once('C:\\xampp\\htdocs\\prospera\\public\\index.php')
INFO - 2024-08-29 08:08:41 --> Session: Class initialized using 'CodeIgniter\Session\Handlers\FileHandler' driver.
WARNING - 2024-08-29 08:09:40 --> [DEPRECATED] Creation of dynamic property App\Controllers\Data::$dataModel is deprecated in APPPATH\Controllers\Data.php on line 22.
 1 SYSTEMPATH\CodeIgniter.php(903): App\Controllers\Data->__construct()
 2 SYSTEMPATH\CodeIgniter.php(500): CodeIgniter\CodeIgniter->createController()
 3 SYSTEMPATH\CodeIgniter.php(355): CodeIgniter\CodeIgniter->handleRequest(null, Object(Config\Cache), false)
 4 SYSTEMPATH\Boot.php(312): CodeIgniter\CodeIgniter->run()
 5 SYSTEMPATH\Boot.php(67): CodeIgniter\Boot::runCodeIgniter(Object(CodeIgniter\CodeIgniter))
 6 FCPATH\index.php(56): CodeIgniter\Boot::bootWeb(Object(Config\Paths))
 7 SYSTEMPATH\Commands\Server\rewrite.php(49): require_once('C:\\xampp\\htdocs\\prospera\\public\\index.php')
WARNING - 2024-08-29 08:09:40 --> [DEPRECATED] Creation of dynamic property App\Controllers\Data::$desaModel is deprecated in APPPATH\Controllers\Data.php on line 23.
 1 SYSTEMPATH\CodeIgniter.php(903): App\Controllers\Data->__construct()
 2 SYSTEMPATH\CodeIgniter.php(500): CodeIgniter\CodeIgniter->createController()
 3 SYSTEMPATH\CodeIgniter.php(355): CodeIgniter\CodeIgniter->handleRequest(null, Object(Config\Cache), false)
 4 SYSTEMPATH\Boot.php(312): CodeIgniter\CodeIgniter->run()
 5 SYSTEMPATH\Boot.php(67): CodeIgniter\Boot::runCodeIgniter(Object(CodeIgniter\CodeIgniter))
 6 FCPATH\index.php(56): CodeIgniter\Boot::bootWeb(Object(Config\Paths))
 7 SYSTEMPATH\Commands\Server\rewrite.php(49): require_once('C:\\xampp\\htdocs\\prospera\\public\\index.php')
WARNING - 2024-08-29 08:09:40 --> [DEPRECATED] Creation of dynamic property App\Controllers\Data::$kecamatanModel is deprecated in APPPATH\Controllers\Data.php on line 24.
 1 SYSTEMPATH\CodeIgniter.php(903): App\Controllers\Data->__construct()
 2 SYSTEMPATH\CodeIgniter.php(500): CodeIgniter\CodeIgniter->createController()
 3 SYSTEMPATH\CodeIgniter.php(355): CodeIgniter\CodeIgniter->handleRequest(null, Object(Config\Cache), false)
 4 SYSTEMPATH\Boot.php(312): CodeIgniter\CodeIgniter->run()
 5 SYSTEMPATH\Boot.php(67): CodeIgniter\Boot::runCodeIgniter(Object(CodeIgniter\CodeIgniter))
 6 FCPATH\index.php(56): CodeIgniter\Boot::bootWeb(Object(Config\Paths))
 7 SYSTEMPATH\Commands\Server\rewrite.php(49): require_once('C:\\xampp\\htdocs\\prospera\\public\\index.php')
WARNING - 2024-08-29 08:09:41 --> [DEPRECATED] Creation of dynamic property App\Controllers\Data::$quesModel is deprecated in APPPATH\Controllers\Data.php on line 25.
 1 SYSTEMPATH\CodeIgniter.php(903): App\Controllers\Data->__construct()
 2 SYSTEMPATH\CodeIgniter.php(500): CodeIgniter\CodeIgniter->createController()
 3 SYSTEMPATH\CodeIgniter.php(355): CodeIgniter\CodeIgniter->handleRequest(null, Object(Config\Cache), false)
 4 SYSTEMPATH\Boot.php(312): CodeIgniter\CodeIgniter->run()
 5 SYSTEMPATH\Boot.php(67): CodeIgniter\Boot::runCodeIgniter(Object(CodeIgniter\CodeIgniter))
 6 FCPATH\index.php(56): CodeIgniter\Boot::bootWeb(Object(Config\Paths))
 7 SYSTEMPATH\Commands\Server\rewrite.php(49): require_once('C:\\xampp\\htdocs\\prospera\\public\\index.php')
WARNING - 2024-08-29 08:09:41 --> [DEPRECATED] Creation of dynamic property App\Controllers\Data::$slsModel is deprecated in APPPATH\Controllers\Data.php on line 26.
 1 SYSTEMPATH\CodeIgniter.php(903): App\Controllers\Data->__construct()
 2 SYSTEMPATH\CodeIgniter.php(500): CodeIgniter\CodeIgniter->createController()
 3 SYSTEMPATH\CodeIgniter.php(355): CodeIgniter\CodeIgniter->handleRequest(null, Object(Config\Cache), false)
 4 SYSTEMPATH\Boot.php(312): CodeIgniter\CodeIgniter->run()
 5 SYSTEMPATH\Boot.php(67): CodeIgniter\Boot::runCodeIgniter(Object(CodeIgniter\CodeIgniter))
 6 FCPATH\index.php(56): CodeIgniter\Boot::bootWeb(Object(Config\Paths))
 7 SYSTEMPATH\Commands\Server\rewrite.php(49): require_once('C:\\xampp\\htdocs\\prospera\\public\\index.php')
WARNING - 2024-08-29 08:09:41 --> [DEPRECATED] Creation of dynamic property App\Controllers\Data::$uri is deprecated in APPPATH\Controllers\Data.php on line 27.
 1 SYSTEMPATH\CodeIgniter.php(903): App\Controllers\Data->__construct()
 2 SYSTEMPATH\CodeIgniter.php(500): CodeIgniter\CodeIgniter->createController()
 3 SYSTEMPATH\CodeIgniter.php(355): CodeIgniter\CodeIgniter->handleRequest(null, Object(Config\Cache), false)
 4 SYSTEMPATH\Boot.php(312): CodeIgniter\CodeIgniter->run()
 5 SYSTEMPATH\Boot.php(67): CodeIgniter\Boot::runCodeIgniter(Object(CodeIgniter\CodeIgniter))
 6 FCPATH\index.php(56): CodeIgniter\Boot::bootWeb(Object(Config\Paths))
 7 SYSTEMPATH\Commands\Server\rewrite.php(49): require_once('C:\\xampp\\htdocs\\prospera\\public\\index.php')
INFO - 2024-08-29 08:09:41 --> Session: Class initialized using 'CodeIgniter\Session\Handlers\FileHandler' driver.
WARNING - 2024-08-29 08:09:46 --> [DEPRECATED] Creation of dynamic property App\Controllers\Data::$dataModel is deprecated in APPPATH\Controllers\Data.php on line 22.
 1 SYSTEMPATH\CodeIgniter.php(903): App\Controllers\Data->__construct()
 2 SYSTEMPATH\CodeIgniter.php(500): CodeIgniter\CodeIgniter->createController()
 3 SYSTEMPATH\CodeIgniter.php(355): CodeIgniter\CodeIgniter->handleRequest(null, Object(Config\Cache), false)
 4 SYSTEMPATH\Boot.php(312): CodeIgniter\CodeIgniter->run()
 5 SYSTEMPATH\Boot.php(67): CodeIgniter\Boot::runCodeIgniter(Object(CodeIgniter\CodeIgniter))
 6 FCPATH\index.php(56): CodeIgniter\Boot::bootWeb(Object(Config\Paths))
 7 SYSTEMPATH\Commands\Server\rewrite.php(49): require_once('C:\\xampp\\htdocs\\prospera\\public\\index.php')
WARNING - 2024-08-29 08:09:46 --> [DEPRECATED] Creation of dynamic property App\Controllers\Data::$desaModel is deprecated in APPPATH\Controllers\Data.php on line 23.
 1 SYSTEMPATH\CodeIgniter.php(903): App\Controllers\Data->__construct()
 2 SYSTEMPATH\CodeIgniter.php(500): CodeIgniter\CodeIgniter->createController()
 3 SYSTEMPATH\CodeIgniter.php(355): CodeIgniter\CodeIgniter->handleRequest(null, Object(Config\Cache), false)
 4 SYSTEMPATH\Boot.php(312): CodeIgniter\CodeIgniter->run()
 5 SYSTEMPATH\Boot.php(67): CodeIgniter\Boot::runCodeIgniter(Object(CodeIgniter\CodeIgniter))
 6 FCPATH\index.php(56): CodeIgniter\Boot::bootWeb(Object(Config\Paths))
 7 SYSTEMPATH\Commands\Server\rewrite.php(49): require_once('C:\\xampp\\htdocs\\prospera\\public\\index.php')
WARNING - 2024-08-29 08:09:46 --> [DEPRECATED] Creation of dynamic property App\Controllers\Data::$kecamatanModel is deprecated in APPPATH\Controllers\Data.php on line 24.
 1 SYSTEMPATH\CodeIgniter.php(903): App\Controllers\Data->__construct()
 2 SYSTEMPATH\CodeIgniter.php(500): CodeIgniter\CodeIgniter->createController()
 3 SYSTEMPATH\CodeIgniter.php(355): CodeIgniter\CodeIgniter->handleRequest(null, Object(Config\Cache), false)
 4 SYSTEMPATH\Boot.php(312): CodeIgniter\CodeIgniter->run()
 5 SYSTEMPATH\Boot.php(67): CodeIgniter\Boot::runCodeIgniter(Object(CodeIgniter\CodeIgniter))
 6 FCPATH\index.php(56): CodeIgniter\Boot::bootWeb(Object(Config\Paths))
 7 SYSTEMPATH\Commands\Server\rewrite.php(49): require_once('C:\\xampp\\htdocs\\prospera\\public\\index.php')
WARNING - 2024-08-29 08:09:46 --> [DEPRECATED] Creation of dynamic property App\Controllers\Data::$quesModel is deprecated in APPPATH\Controllers\Data.php on line 25.
 1 SYSTEMPATH\CodeIgniter.php(903): App\Controllers\Data->__construct()
 2 SYSTEMPATH\CodeIgniter.php(500): CodeIgniter\CodeIgniter->createController()
 3 SYSTEMPATH\CodeIgniter.php(355): CodeIgniter\CodeIgniter->handleRequest(null, Object(Config\Cache), false)
 4 SYSTEMPATH\Boot.php(312): CodeIgniter\CodeIgniter->run()
 5 SYSTEMPATH\Boot.php(67): CodeIgniter\Boot::runCodeIgniter(Object(CodeIgniter\CodeIgniter))
 6 FCPATH\index.php(56): CodeIgniter\Boot::bootWeb(Object(Config\Paths))
 7 SYSTEMPATH\Commands\Server\rewrite.php(49): require_once('C:\\xampp\\htdocs\\prospera\\public\\index.php')
WARNING - 2024-08-29 08:09:46 --> [DEPRECATED] Creation of dynamic property App\Controllers\Data::$slsModel is deprecated in APPPATH\Controllers\Data.php on line 26.
 1 SYSTEMPATH\CodeIgniter.php(903): App\Controllers\Data->__construct()
 2 SYSTEMPATH\CodeIgniter.php(500): CodeIgniter\CodeIgniter->createController()
 3 SYSTEMPATH\CodeIgniter.php(355): CodeIgniter\CodeIgniter->handleRequest(null, Object(Config\Cache), false)
 4 SYSTEMPATH\Boot.php(312): CodeIgniter\CodeIgniter->run()
 5 SYSTEMPATH\Boot.php(67): CodeIgniter\Boot::runCodeIgniter(Object(CodeIgniter\CodeIgniter))
 6 FCPATH\index.php(56): CodeIgniter\Boot::bootWeb(Object(Config\Paths))
 7 SYSTEMPATH\Commands\Server\rewrite.php(49): require_once('C:\\xampp\\htdocs\\prospera\\public\\index.php')
WARNING - 2024-08-29 08:09:46 --> [DEPRECATED] Creation of dynamic property App\Controllers\Data::$uri is deprecated in APPPATH\Controllers\Data.php on line 27.
 1 SYSTEMPATH\CodeIgniter.php(903): App\Controllers\Data->__construct()
 2 SYSTEMPATH\CodeIgniter.php(500): CodeIgniter\CodeIgniter->createController()
 3 SYSTEMPATH\CodeIgniter.php(355): CodeIgniter\CodeIgniter->handleRequest(null, Object(Config\Cache), false)
 4 SYSTEMPATH\Boot.php(312): CodeIgniter\CodeIgniter->run()
 5 SYSTEMPATH\Boot.php(67): CodeIgniter\Boot::runCodeIgniter(Object(CodeIgniter\CodeIgniter))
 6 FCPATH\index.php(56): CodeIgniter\Boot::bootWeb(Object(Config\Paths))
 7 SYSTEMPATH\Commands\Server\rewrite.php(49): require_once('C:\\xampp\\htdocs\\prospera\\public\\index.php')
INFO - 2024-08-29 08:09:46 --> Session: Class initialized using 'CodeIgniter\Session\Handlers\FileHandler' driver.
WARNING - 2024-08-29 08:09:46 --> [DEPRECATED] Creation of dynamic property App\Controllers\Data::$dataModel is deprecated in APPPATH\Controllers\Data.php on line 22.
 1 SYSTEMPATH\CodeIgniter.php(903): App\Controllers\Data->__construct()
 2 SYSTEMPATH\CodeIgniter.php(500): CodeIgniter\CodeIgniter->createController()
 3 SYSTEMPATH\CodeIgniter.php(355): CodeIgniter\CodeIgniter->handleRequest(null, Object(Config\Cache), false)
 4 SYSTEMPATH\Boot.php(312): CodeIgniter\CodeIgniter->run()
 5 SYSTEMPATH\Boot.php(67): CodeIgniter\Boot::runCodeIgniter(Object(CodeIgniter\CodeIgniter))
 6 FCPATH\index.php(56): CodeIgniter\Boot::bootWeb(Object(Config\Paths))
 7 SYSTEMPATH\Commands\Server\rewrite.php(49): require_once('C:\\xampp\\htdocs\\prospera\\public\\index.php')
WARNING - 2024-08-29 08:09:46 --> [DEPRECATED] Creation of dynamic property App\Controllers\Data::$desaModel is deprecated in APPPATH\Controllers\Data.php on line 23.
 1 SYSTEMPATH\CodeIgniter.php(903): App\Controllers\Data->__construct()
 2 SYSTEMPATH\CodeIgniter.php(500): CodeIgniter\CodeIgniter->createController()
 3 SYSTEMPATH\CodeIgniter.php(355): CodeIgniter\CodeIgniter->handleRequest(null, Object(Config\Cache), false)
 4 SYSTEMPATH\Boot.php(312): CodeIgniter\CodeIgniter->run()
 5 SYSTEMPATH\Boot.php(67): CodeIgniter\Boot::runCodeIgniter(Object(CodeIgniter\CodeIgniter))
 6 FCPATH\index.php(56): CodeIgniter\Boot::bootWeb(Object(Config\Paths))
 7 SYSTEMPATH\Commands\Server\rewrite.php(49): require_once('C:\\xampp\\htdocs\\prospera\\public\\index.php')
WARNING - 2024-08-29 08:09:46 --> [DEPRECATED] Creation of dynamic property App\Controllers\Data::$kecamatanModel is deprecated in APPPATH\Controllers\Data.php on line 24.
 1 SYSTEMPATH\CodeIgniter.php(903): App\Controllers\Data->__construct()
 2 SYSTEMPATH\CodeIgniter.php(500): CodeIgniter\CodeIgniter->createController()
 3 SYSTEMPATH\CodeIgniter.php(355): CodeIgniter\CodeIgniter->handleRequest(null, Object(Config\Cache), false)
 4 SYSTEMPATH\Boot.php(312): CodeIgniter\CodeIgniter->run()
 5 SYSTEMPATH\Boot.php(67): CodeIgniter\Boot::runCodeIgniter(Object(CodeIgniter\CodeIgniter))
 6 FCPATH\index.php(56): CodeIgniter\Boot::bootWeb(Object(Config\Paths))
 7 SYSTEMPATH\Commands\Server\rewrite.php(49): require_once('C:\\xampp\\htdocs\\prospera\\public\\index.php')
WARNING - 2024-08-29 08:09:46 --> [DEPRECATED] Creation of dynamic property App\Controllers\Data::$quesModel is deprecated in APPPATH\Controllers\Data.php on line 25.
 1 SYSTEMPATH\CodeIgniter.php(903): App\Controllers\Data->__construct()
 2 SYSTEMPATH\CodeIgniter.php(500): CodeIgniter\CodeIgniter->createController()
 3 SYSTEMPATH\CodeIgniter.php(355): CodeIgniter\CodeIgniter->handleRequest(null, Object(Config\Cache), false)
 4 SYSTEMPATH\Boot.php(312): CodeIgniter\CodeIgniter->run()
 5 SYSTEMPATH\Boot.php(67): CodeIgniter\Boot::runCodeIgniter(Object(CodeIgniter\CodeIgniter))
 6 FCPATH\index.php(56): CodeIgniter\Boot::bootWeb(Object(Config\Paths))
 7 SYSTEMPATH\Commands\Server\rewrite.php(49): require_once('C:\\xampp\\htdocs\\prospera\\public\\index.php')
WARNING - 2024-08-29 08:09:46 --> [DEPRECATED] Creation of dynamic property App\Controllers\Data::$slsModel is deprecated in APPPATH\Controllers\Data.php on line 26.
 1 SYSTEMPATH\CodeIgniter.php(903): App\Controllers\Data->__construct()
 2 SYSTEMPATH\CodeIgniter.php(500): CodeIgniter\CodeIgniter->createController()
 3 SYSTEMPATH\CodeIgniter.php(355): CodeIgniter\CodeIgniter->handleRequest(null, Object(Config\Cache), false)
 4 SYSTEMPATH\Boot.php(312): CodeIgniter\CodeIgniter->run()
 5 SYSTEMPATH\Boot.php(67): CodeIgniter\Boot::runCodeIgniter(Object(CodeIgniter\CodeIgniter))
 6 FCPATH\index.php(56): CodeIgniter\Boot::bootWeb(Object(Config\Paths))
 7 SYSTEMPATH\Commands\Server\rewrite.php(49): require_once('C:\\xampp\\htdocs\\prospera\\public\\index.php')
WARNING - 2024-08-29 08:09:46 --> [DEPRECATED] Creation of dynamic property App\Controllers\Data::$uri is deprecated in APPPATH\Controllers\Data.php on line 27.
 1 SYSTEMPATH\CodeIgniter.php(903): App\Controllers\Data->__construct()
 2 SYSTEMPATH\CodeIgniter.php(500): CodeIgniter\CodeIgniter->createController()
 3 SYSTEMPATH\CodeIgniter.php(355): CodeIgniter\CodeIgniter->handleRequest(null, Object(Config\Cache), false)
 4 SYSTEMPATH\Boot.php(312): CodeIgniter\CodeIgniter->run()
 5 SYSTEMPATH\Boot.php(67): CodeIgniter\Boot::runCodeIgniter(Object(CodeIgniter\CodeIgniter))
 6 FCPATH\index.php(56): CodeIgniter\Boot::bootWeb(Object(Config\Paths))
 7 SYSTEMPATH\Commands\Server\rewrite.php(49): require_once('C:\\xampp\\htdocs\\prospera\\public\\index.php')
INFO - 2024-08-29 08:09:46 --> Session: Class initialized using 'CodeIgniter\Session\Handlers\FileHandler' driver.
WARNING - 2024-08-29 08:09:50 --> [DEPRECATED] Creation of dynamic property App\Controllers\Data::$dataModel is deprecated in APPPATH\Controllers\Data.php on line 22.
 1 SYSTEMPATH\CodeIgniter.php(903): App\Controllers\Data->__construct()
 2 SYSTEMPATH\CodeIgniter.php(500): CodeIgniter\CodeIgniter->createController()
 3 SYSTEMPATH\CodeIgniter.php(355): CodeIgniter\CodeIgniter->handleRequest(null, Object(Config\Cache), false)
 4 SYSTEMPATH\Boot.php(312): CodeIgniter\CodeIgniter->run()
 5 SYSTEMPATH\Boot.php(67): CodeIgniter\Boot::runCodeIgniter(Object(CodeIgniter\CodeIgniter))
 6 FCPATH\index.php(56): CodeIgniter\Boot::bootWeb(Object(Config\Paths))
 7 SYSTEMPATH\Commands\Server\rewrite.php(49): require_once('C:\\xampp\\htdocs\\prospera\\public\\index.php')
WARNING - 2024-08-29 08:09:50 --> [DEPRECATED] Creation of dynamic property App\Controllers\Data::$desaModel is deprecated in APPPATH\Controllers\Data.php on line 23.
 1 SYSTEMPATH\CodeIgniter.php(903): App\Controllers\Data->__construct()
 2 SYSTEMPATH\CodeIgniter.php(500): CodeIgniter\CodeIgniter->createController()
 3 SYSTEMPATH\CodeIgniter.php(355): CodeIgniter\CodeIgniter->handleRequest(null, Object(Config\Cache), false)
 4 SYSTEMPATH\Boot.php(312): CodeIgniter\CodeIgniter->run()
 5 SYSTEMPATH\Boot.php(67): CodeIgniter\Boot::runCodeIgniter(Object(CodeIgniter\CodeIgniter))
 6 FCPATH\index.php(56): CodeIgniter\Boot::bootWeb(Object(Config\Paths))
 7 SYSTEMPATH\Commands\Server\rewrite.php(49): require_once('C:\\xampp\\htdocs\\prospera\\public\\index.php')
WARNING - 2024-08-29 08:09:50 --> [DEPRECATED] Creation of dynamic property App\Controllers\Data::$kecamatanModel is deprecated in APPPATH\Controllers\Data.php on line 24.
 1 SYSTEMPATH\CodeIgniter.php(903): App\Controllers\Data->__construct()
 2 SYSTEMPATH\CodeIgniter.php(500): CodeIgniter\CodeIgniter->createController()
 3 SYSTEMPATH\CodeIgniter.php(355): CodeIgniter\CodeIgniter->handleRequest(null, Object(Config\Cache), false)
 4 SYSTEMPATH\Boot.php(312): CodeIgniter\CodeIgniter->run()
 5 SYSTEMPATH\Boot.php(67): CodeIgniter\Boot::runCodeIgniter(Object(CodeIgniter\CodeIgniter))
 6 FCPATH\index.php(56): CodeIgniter\Boot::bootWeb(Object(Config\Paths))
 7 SYSTEMPATH\Commands\Server\rewrite.php(49): require_once('C:\\xampp\\htdocs\\prospera\\public\\index.php')
WARNING - 2024-08-29 08:09:50 --> [DEPRECATED] Creation of dynamic property App\Controllers\Data::$quesModel is deprecated in APPPATH\Controllers\Data.php on line 25.
 1 SYSTEMPATH\CodeIgniter.php(903): App\Controllers\Data->__construct()
 2 SYSTEMPATH\CodeIgniter.php(500): CodeIgniter\CodeIgniter->createController()
 3 SYSTEMPATH\CodeIgniter.php(355): CodeIgniter\CodeIgniter->handleRequest(null, Object(Config\Cache), false)
 4 SYSTEMPATH\Boot.php(312): CodeIgniter\CodeIgniter->run()
 5 SYSTEMPATH\Boot.php(67): CodeIgniter\Boot::runCodeIgniter(Object(CodeIgniter\CodeIgniter))
 6 FCPATH\index.php(56): CodeIgniter\Boot::bootWeb(Object(Config\Paths))
 7 SYSTEMPATH\Commands\Server\rewrite.php(49): require_once('C:\\xampp\\htdocs\\prospera\\public\\index.php')
WARNING - 2024-08-29 08:09:50 --> [DEPRECATED] Creation of dynamic property App\Controllers\Data::$slsModel is deprecated in APPPATH\Controllers\Data.php on line 26.
 1 SYSTEMPATH\CodeIgniter.php(903): App\Controllers\Data->__construct()
 2 SYSTEMPATH\CodeIgniter.php(500): CodeIgniter\CodeIgniter->createController()
 3 SYSTEMPATH\CodeIgniter.php(355): CodeIgniter\CodeIgniter->handleRequest(null, Object(Config\Cache), false)
 4 SYSTEMPATH\Boot.php(312): CodeIgniter\CodeIgniter->run()
 5 SYSTEMPATH\Boot.php(67): CodeIgniter\Boot::runCodeIgniter(Object(CodeIgniter\CodeIgniter))
 6 FCPATH\index.php(56): CodeIgniter\Boot::bootWeb(Object(Config\Paths))
 7 SYSTEMPATH\Commands\Server\rewrite.php(49): require_once('C:\\xampp\\htdocs\\prospera\\public\\index.php')
WARNING - 2024-08-29 08:09:50 --> [DEPRECATED] Creation of dynamic property App\Controllers\Data::$uri is deprecated in APPPATH\Controllers\Data.php on line 27.
 1 SYSTEMPATH\CodeIgniter.php(903): App\Controllers\Data->__construct()
 2 SYSTEMPATH\CodeIgniter.php(500): CodeIgniter\CodeIgniter->createController()
 3 SYSTEMPATH\CodeIgniter.php(355): CodeIgniter\CodeIgniter->handleRequest(null, Object(Config\Cache), false)
 4 SYSTEMPATH\Boot.php(312): CodeIgniter\CodeIgniter->run()
 5 SYSTEMPATH\Boot.php(67): CodeIgniter\Boot::runCodeIgniter(Object(CodeIgniter\CodeIgniter))
 6 FCPATH\index.php(56): CodeIgniter\Boot::bootWeb(Object(Config\Paths))
 7 SYSTEMPATH\Commands\Server\rewrite.php(49): require_once('C:\\xampp\\htdocs\\prospera\\public\\index.php')
WARNING - 2024-08-29 08:13:17 --> [DEPRECATED] Creation of dynamic property App\Controllers\Data::$dataModel is deprecated in APPPATH\Controllers\Data.php on line 22.
 1 SYSTEMPATH\CodeIgniter.php(903): App\Controllers\Data->__construct()
 2 SYSTEMPATH\CodeIgniter.php(500): CodeIgniter\CodeIgniter->createController()
 3 SYSTEMPATH\CodeIgniter.php(355): CodeIgniter\CodeIgniter->handleRequest(null, Object(Config\Cache), false)
 4 SYSTEMPATH\Boot.php(312): CodeIgniter\CodeIgniter->run()
 5 SYSTEMPATH\Boot.php(67): CodeIgniter\Boot::runCodeIgniter(Object(CodeIgniter\CodeIgniter))
 6 FCPATH\index.php(56): CodeIgniter\Boot::bootWeb(Object(Config\Paths))
 7 SYSTEMPATH\Commands\Server\rewrite.php(49): require_once('C:\\xampp\\htdocs\\prospera\\public\\index.php')
WARNING - 2024-08-29 08:13:17 --> [DEPRECATED] Creation of dynamic property App\Controllers\Data::$desaModel is deprecated in APPPATH\Controllers\Data.php on line 23.
 1 SYSTEMPATH\CodeIgniter.php(903): App\Controllers\Data->__construct()
 2 SYSTEMPATH\CodeIgniter.php(500): CodeIgniter\CodeIgniter->createController()
 3 SYSTEMPATH\CodeIgniter.php(355): CodeIgniter\CodeIgniter->handleRequest(null, Object(Config\Cache), false)
 4 SYSTEMPATH\Boot.php(312): CodeIgniter\CodeIgniter->run()
 5 SYSTEMPATH\Boot.php(67): CodeIgniter\Boot::runCodeIgniter(Object(CodeIgniter\CodeIgniter))
 6 FCPATH\index.php(56): CodeIgniter\Boot::bootWeb(Object(Config\Paths))
 7 SYSTEMPATH\Commands\Server\rewrite.php(49): require_once('C:\\xampp\\htdocs\\prospera\\public\\index.php')
WARNING - 2024-08-29 08:13:17 --> [DEPRECATED] Creation of dynamic property App\Controllers\Data::$kecamatanModel is deprecated in APPPATH\Controllers\Data.php on line 24.
 1 SYSTEMPATH\CodeIgniter.php(903): App\Controllers\Data->__construct()
 2 SYSTEMPATH\CodeIgniter.php(500): CodeIgniter\CodeIgniter->createController()
 3 SYSTEMPATH\CodeIgniter.php(355): CodeIgniter\CodeIgniter->handleRequest(null, Object(Config\Cache), false)
 4 SYSTEMPATH\Boot.php(312): CodeIgniter\CodeIgniter->run()
 5 SYSTEMPATH\Boot.php(67): CodeIgniter\Boot::runCodeIgniter(Object(CodeIgniter\CodeIgniter))
 6 FCPATH\index.php(56): CodeIgniter\Boot::bootWeb(Object(Config\Paths))
 7 SYSTEMPATH\Commands\Server\rewrite.php(49): require_once('C:\\xampp\\htdocs\\prospera\\public\\index.php')
WARNING - 2024-08-29 08:13:17 --> [DEPRECATED] Creation of dynamic property App\Controllers\Data::$quesModel is deprecated in APPPATH\Controllers\Data.php on line 25.
 1 SYSTEMPATH\CodeIgniter.php(903): App\Controllers\Data->__construct()
 2 SYSTEMPATH\CodeIgniter.php(500): CodeIgniter\CodeIgniter->createController()
 3 SYSTEMPATH\CodeIgniter.php(355): CodeIgniter\CodeIgniter->handleRequest(null, Object(Config\Cache), false)
 4 SYSTEMPATH\Boot.php(312): CodeIgniter\CodeIgniter->run()
 5 SYSTEMPATH\Boot.php(67): CodeIgniter\Boot::runCodeIgniter(Object(CodeIgniter\CodeIgniter))
 6 FCPATH\index.php(56): CodeIgniter\Boot::bootWeb(Object(Config\Paths))
 7 SYSTEMPATH\Commands\Server\rewrite.php(49): require_once('C:\\xampp\\htdocs\\prospera\\public\\index.php')
WARNING - 2024-08-29 08:13:17 --> [DEPRECATED] Creation of dynamic property App\Controllers\Data::$slsModel is deprecated in APPPATH\Controllers\Data.php on line 26.
 1 SYSTEMPATH\CodeIgniter.php(903): App\Controllers\Data->__construct()
 2 SYSTEMPATH\CodeIgniter.php(500): CodeIgniter\CodeIgniter->createController()
 3 SYSTEMPATH\CodeIgniter.php(355): CodeIgniter\CodeIgniter->handleRequest(null, Object(Config\Cache), false)
 4 SYSTEMPATH\Boot.php(312): CodeIgniter\CodeIgniter->run()
 5 SYSTEMPATH\Boot.php(67): CodeIgniter\Boot::runCodeIgniter(Object(CodeIgniter\CodeIgniter))
 6 FCPATH\index.php(56): CodeIgniter\Boot::bootWeb(Object(Config\Paths))
 7 SYSTEMPATH\Commands\Server\rewrite.php(49): require_once('C:\\xampp\\htdocs\\prospera\\public\\index.php')
WARNING - 2024-08-29 08:13:17 --> [DEPRECATED] Creation of dynamic property App\Controllers\Data::$uri is deprecated in APPPATH\Controllers\Data.php on line 27.
 1 SYSTEMPATH\CodeIgniter.php(903): App\Controllers\Data->__construct()
 2 SYSTEMPATH\CodeIgniter.php(500): CodeIgniter\CodeIgniter->createController()
 3 SYSTEMPATH\CodeIgniter.php(355): CodeIgniter\CodeIgniter->handleRequest(null, Object(Config\Cache), false)
 4 SYSTEMPATH\Boot.php(312): CodeIgniter\CodeIgniter->run()
 5 SYSTEMPATH\Boot.php(67): CodeIgniter\Boot::runCodeIgniter(Object(CodeIgniter\CodeIgniter))
 6 FCPATH\index.php(56): CodeIgniter\Boot::bootWeb(Object(Config\Paths))
 7 SYSTEMPATH\Commands\Server\rewrite.php(49): require_once('C:\\xampp\\htdocs\\prospera\\public\\index.php')
INFO - 2024-08-29 08:13:17 --> Session: Class initialized using 'CodeIgniter\Session\Handlers\FileHandler' driver.
WARNING - 2024-08-29 08:17:02 --> [DEPRECATED] Creation of dynamic property App\Controllers\Data::$dataModel is deprecated in APPPATH\Controllers\Data.php on line 22.
 1 SYSTEMPATH\CodeIgniter.php(903): App\Controllers\Data->__construct()
 2 SYSTEMPATH\CodeIgniter.php(500): CodeIgniter\CodeIgniter->createController()
 3 SYSTEMPATH\CodeIgniter.php(355): CodeIgniter\CodeIgniter->handleRequest(null, Object(Config\Cache), false)
 4 SYSTEMPATH\Boot.php(312): CodeIgniter\CodeIgniter->run()
 5 SYSTEMPATH\Boot.php(67): CodeIgniter\Boot::runCodeIgniter(Object(CodeIgniter\CodeIgniter))
 6 FCPATH\index.php(56): CodeIgniter\Boot::bootWeb(Object(Config\Paths))
 7 SYSTEMPATH\Commands\Server\rewrite.php(49): require_once('C:\\xampp\\htdocs\\prospera\\public\\index.php')
WARNING - 2024-08-29 08:17:02 --> [DEPRECATED] Creation of dynamic property App\Controllers\Data::$desaModel is deprecated in APPPATH\Controllers\Data.php on line 23.
 1 SYSTEMPATH\CodeIgniter.php(903): App\Controllers\Data->__construct()
 2 SYSTEMPATH\CodeIgniter.php(500): CodeIgniter\CodeIgniter->createController()
 3 SYSTEMPATH\CodeIgniter.php(355): CodeIgniter\CodeIgniter->handleRequest(null, Object(Config\Cache), false)
 4 SYSTEMPATH\Boot.php(312): CodeIgniter\CodeIgniter->run()
 5 SYSTEMPATH\Boot.php(67): CodeIgniter\Boot::runCodeIgniter(Object(CodeIgniter\CodeIgniter))
 6 FCPATH\index.php(56): CodeIgniter\Boot::bootWeb(Object(Config\Paths))
 7 SYSTEMPATH\Commands\Server\rewrite.php(49): require_once('C:\\xampp\\htdocs\\prospera\\public\\index.php')
WARNING - 2024-08-29 08:17:02 --> [DEPRECATED] Creation of dynamic property App\Controllers\Data::$kecamatanModel is deprecated in APPPATH\Controllers\Data.php on line 24.
 1 SYSTEMPATH\CodeIgniter.php(903): App\Controllers\Data->__construct()
 2 SYSTEMPATH\CodeIgniter.php(500): CodeIgniter\CodeIgniter->createController()
 3 SYSTEMPATH\CodeIgniter.php(355): CodeIgniter\CodeIgniter->handleRequest(null, Object(Config\Cache), false)
 4 SYSTEMPATH\Boot.php(312): CodeIgniter\CodeIgniter->run()
 5 SYSTEMPATH\Boot.php(67): CodeIgniter\Boot::runCodeIgniter(Object(CodeIgniter\CodeIgniter))
 6 FCPATH\index.php(56): CodeIgniter\Boot::bootWeb(Object(Config\Paths))
 7 SYSTEMPATH\Commands\Server\rewrite.php(49): require_once('C:\\xampp\\htdocs\\prospera\\public\\index.php')
WARNING - 2024-08-29 08:17:02 --> [DEPRECATED] Creation of dynamic property App\Controllers\Data::$quesModel is deprecated in APPPATH\Controllers\Data.php on line 25.
 1 SYSTEMPATH\CodeIgniter.php(903): App\Controllers\Data->__construct()
 2 SYSTEMPATH\CodeIgniter.php(500): CodeIgniter\CodeIgniter->createController()
 3 SYSTEMPATH\CodeIgniter.php(355): CodeIgniter\CodeIgniter->handleRequest(null, Object(Config\Cache), false)
 4 SYSTEMPATH\Boot.php(312): CodeIgniter\CodeIgniter->run()
 5 SYSTEMPATH\Boot.php(67): CodeIgniter\Boot::runCodeIgniter(Object(CodeIgniter\CodeIgniter))
 6 FCPATH\index.php(56): CodeIgniter\Boot::bootWeb(Object(Config\Paths))
 7 SYSTEMPATH\Commands\Server\rewrite.php(49): require_once('C:\\xampp\\htdocs\\prospera\\public\\index.php')
WARNING - 2024-08-29 08:17:02 --> [DEPRECATED] Creation of dynamic property App\Controllers\Data::$slsModel is deprecated in APPPATH\Controllers\Data.php on line 26.
 1 SYSTEMPATH\CodeIgniter.php(903): App\Controllers\Data->__construct()
 2 SYSTEMPATH\CodeIgniter.php(500): CodeIgniter\CodeIgniter->createController()
 3 SYSTEMPATH\CodeIgniter.php(355): CodeIgniter\CodeIgniter->handleRequest(null, Object(Config\Cache), false)
 4 SYSTEMPATH\Boot.php(312): CodeIgniter\CodeIgniter->run()
 5 SYSTEMPATH\Boot.php(67): CodeIgniter\Boot::runCodeIgniter(Object(CodeIgniter\CodeIgniter))
 6 FCPATH\index.php(56): CodeIgniter\Boot::bootWeb(Object(Config\Paths))
 7 SYSTEMPATH\Commands\Server\rewrite.php(49): require_once('C:\\xampp\\htdocs\\prospera\\public\\index.php')
WARNING - 2024-08-29 08:17:02 --> [DEPRECATED] Creation of dynamic property App\Controllers\Data::$uri is deprecated in APPPATH\Controllers\Data.php on line 27.
 1 SYSTEMPATH\CodeIgniter.php(903): App\Controllers\Data->__construct()
 2 SYSTEMPATH\CodeIgniter.php(500): CodeIgniter\CodeIgniter->createController()
 3 SYSTEMPATH\CodeIgniter.php(355): CodeIgniter\CodeIgniter->handleRequest(null, Object(Config\Cache), false)
 4 SYSTEMPATH\Boot.php(312): CodeIgniter\CodeIgniter->run()
 5 SYSTEMPATH\Boot.php(67): CodeIgniter\Boot::runCodeIgniter(Object(CodeIgniter\CodeIgniter))
 6 FCPATH\index.php(56): CodeIgniter\Boot::bootWeb(Object(Config\Paths))
 7 SYSTEMPATH\Commands\Server\rewrite.php(49): require_once('C:\\xampp\\htdocs\\prospera\\public\\index.php')
INFO - 2024-08-29 08:17:02 --> Session: Class initialized using 'CodeIgniter\Session\Handlers\FileHandler' driver.
WARNING - 2024-08-29 08:17:40 --> [DEPRECATED] Creation of dynamic property App\Controllers\Data::$dataModel is deprecated in APPPATH\Controllers\Data.php on line 22.
 1 SYSTEMPATH\CodeIgniter.php(903): App\Controllers\Data->__construct()
 2 SYSTEMPATH\CodeIgniter.php(500): CodeIgniter\CodeIgniter->createController()
 3 SYSTEMPATH\CodeIgniter.php(355): CodeIgniter\CodeIgniter->handleRequest(null, Object(Config\Cache), false)
 4 SYSTEMPATH\Boot.php(312): CodeIgniter\CodeIgniter->run()
 5 SYSTEMPATH\Boot.php(67): CodeIgniter\Boot::runCodeIgniter(Object(CodeIgniter\CodeIgniter))
 6 FCPATH\index.php(56): CodeIgniter\Boot::bootWeb(Object(Config\Paths))
 7 SYSTEMPATH\Commands\Server\rewrite.php(49): require_once('C:\\xampp\\htdocs\\prospera\\public\\index.php')
WARNING - 2024-08-29 08:17:40 --> [DEPRECATED] Creation of dynamic property App\Controllers\Data::$desaModel is deprecated in APPPATH\Controllers\Data.php on line 23.
 1 SYSTEMPATH\CodeIgniter.php(903): App\Controllers\Data->__construct()
 2 SYSTEMPATH\CodeIgniter.php(500): CodeIgniter\CodeIgniter->createController()
 3 SYSTEMPATH\CodeIgniter.php(355): CodeIgniter\CodeIgniter->handleRequest(null, Object(Config\Cache), false)
 4 SYSTEMPATH\Boot.php(312): CodeIgniter\CodeIgniter->run()
 5 SYSTEMPATH\Boot.php(67): CodeIgniter\Boot::runCodeIgniter(Object(CodeIgniter\CodeIgniter))
 6 FCPATH\index.php(56): CodeIgniter\Boot::bootWeb(Object(Config\Paths))
 7 SYSTEMPATH\Commands\Server\rewrite.php(49): require_once('C:\\xampp\\htdocs\\prospera\\public\\index.php')
WARNING - 2024-08-29 08:17:40 --> [DEPRECATED] Creation of dynamic property App\Controllers\Data::$kecamatanModel is deprecated in APPPATH\Controllers\Data.php on line 24.
 1 SYSTEMPATH\CodeIgniter.php(903): App\Controllers\Data->__construct()
 2 SYSTEMPATH\CodeIgniter.php(500): CodeIgniter\CodeIgniter->createController()
 3 SYSTEMPATH\CodeIgniter.php(355): CodeIgniter\CodeIgniter->handleRequest(null, Object(Config\Cache), false)
 4 SYSTEMPATH\Boot.php(312): CodeIgniter\CodeIgniter->run()
 5 SYSTEMPATH\Boot.php(67): CodeIgniter\Boot::runCodeIgniter(Object(CodeIgniter\CodeIgniter))
 6 FCPATH\index.php(56): CodeIgniter\Boot::bootWeb(Object(Config\Paths))
 7 SYSTEMPATH\Commands\Server\rewrite.php(49): require_once('C:\\xampp\\htdocs\\prospera\\public\\index.php')
WARNING - 2024-08-29 08:17:40 --> [DEPRECATED] Creation of dynamic property App\Controllers\Data::$quesModel is deprecated in APPPATH\Controllers\Data.php on line 25.
 1 SYSTEMPATH\CodeIgniter.php(903): App\Controllers\Data->__construct()
 2 SYSTEMPATH\CodeIgniter.php(500): CodeIgniter\CodeIgniter->createController()
 3 SYSTEMPATH\CodeIgniter.php(355): CodeIgniter\CodeIgniter->handleRequest(null, Object(Config\Cache), false)
 4 SYSTEMPATH\Boot.php(312): CodeIgniter\CodeIgniter->run()
 5 SYSTEMPATH\Boot.php(67): CodeIgniter\Boot::runCodeIgniter(Object(CodeIgniter\CodeIgniter))
 6 FCPATH\index.php(56): CodeIgniter\Boot::bootWeb(Object(Config\Paths))
 7 SYSTEMPATH\Commands\Server\rewrite.php(49): require_once('C:\\xampp\\htdocs\\prospera\\public\\index.php')
WARNING - 2024-08-29 08:17:40 --> [DEPRECATED] Creation of dynamic property App\Controllers\Data::$slsModel is deprecated in APPPATH\Controllers\Data.php on line 26.
 1 SYSTEMPATH\CodeIgniter.php(903): App\Controllers\Data->__construct()
 2 SYSTEMPATH\CodeIgniter.php(500): CodeIgniter\CodeIgniter->createController()
 3 SYSTEMPATH\CodeIgniter.php(355): CodeIgniter\CodeIgniter->handleRequest(null, Object(Config\Cache), false)
 4 SYSTEMPATH\Boot.php(312): CodeIgniter\CodeIgniter->run()
 5 SYSTEMPATH\Boot.php(67): CodeIgniter\Boot::runCodeIgniter(Object(CodeIgniter\CodeIgniter))
 6 FCPATH\index.php(56): CodeIgniter\Boot::bootWeb(Object(Config\Paths))
 7 SYSTEMPATH\Commands\Server\rewrite.php(49): require_once('C:\\xampp\\htdocs\\prospera\\public\\index.php')
WARNING - 2024-08-29 08:17:40 --> [DEPRECATED] Creation of dynamic property App\Controllers\Data::$uri is deprecated in APPPATH\Controllers\Data.php on line 27.
 1 SYSTEMPATH\CodeIgniter.php(903): App\Controllers\Data->__construct()
 2 SYSTEMPATH\CodeIgniter.php(500): CodeIgniter\CodeIgniter->createController()
 3 SYSTEMPATH\CodeIgniter.php(355): CodeIgniter\CodeIgniter->handleRequest(null, Object(Config\Cache), false)
 4 SYSTEMPATH\Boot.php(312): CodeIgniter\CodeIgniter->run()
 5 SYSTEMPATH\Boot.php(67): CodeIgniter\Boot::runCodeIgniter(Object(CodeIgniter\CodeIgniter))
 6 FCPATH\index.php(56): CodeIgniter\Boot::bootWeb(Object(Config\Paths))
 7 SYSTEMPATH\Commands\Server\rewrite.php(49): require_once('C:\\xampp\\htdocs\\prospera\\public\\index.php')
INFO - 2024-08-29 08:17:40 --> Session: Class initialized using 'CodeIgniter\Session\Handlers\FileHandler' driver.
WARNING - 2024-08-29 08:18:10 --> [DEPRECATED] Creation of dynamic property App\Controllers\Data::$dataModel is deprecated in APPPATH\Controllers\Data.php on line 22.
 1 SYSTEMPATH\CodeIgniter.php(903): App\Controllers\Data->__construct()
 2 SYSTEMPATH\CodeIgniter.php(500): CodeIgniter\CodeIgniter->createController()
 3 SYSTEMPATH\CodeIgniter.php(355): CodeIgniter\CodeIgniter->handleRequest(null, Object(Config\Cache), false)
 4 SYSTEMPATH\Boot.php(312): CodeIgniter\CodeIgniter->run()
 5 SYSTEMPATH\Boot.php(67): CodeIgniter\Boot::runCodeIgniter(Object(CodeIgniter\CodeIgniter))
 6 FCPATH\index.php(56): CodeIgniter\Boot::bootWeb(Object(Config\Paths))
 7 SYSTEMPATH\Commands\Server\rewrite.php(49): require_once('C:\\xampp\\htdocs\\prospera\\public\\index.php')
WARNING - 2024-08-29 08:18:10 --> [DEPRECATED] Creation of dynamic property App\Controllers\Data::$desaModel is deprecated in APPPATH\Controllers\Data.php on line 23.
 1 SYSTEMPATH\CodeIgniter.php(903): App\Controllers\Data->__construct()
 2 SYSTEMPATH\CodeIgniter.php(500): CodeIgniter\CodeIgniter->createController()
 3 SYSTEMPATH\CodeIgniter.php(355): CodeIgniter\CodeIgniter->handleRequest(null, Object(Config\Cache), false)
 4 SYSTEMPATH\Boot.php(312): CodeIgniter\CodeIgniter->run()
 5 SYSTEMPATH\Boot.php(67): CodeIgniter\Boot::runCodeIgniter(Object(CodeIgniter\CodeIgniter))
 6 FCPATH\index.php(56): CodeIgniter\Boot::bootWeb(Object(Config\Paths))
 7 SYSTEMPATH\Commands\Server\rewrite.php(49): require_once('C:\\xampp\\htdocs\\prospera\\public\\index.php')
WARNING - 2024-08-29 08:18:10 --> [DEPRECATED] Creation of dynamic property App\Controllers\Data::$kecamatanModel is deprecated in APPPATH\Controllers\Data.php on line 24.
 1 SYSTEMPATH\CodeIgniter.php(903): App\Controllers\Data->__construct()
 2 SYSTEMPATH\CodeIgniter.php(500): CodeIgniter\CodeIgniter->createController()
 3 SYSTEMPATH\CodeIgniter.php(355): CodeIgniter\CodeIgniter->handleRequest(null, Object(Config\Cache), false)
 4 SYSTEMPATH\Boot.php(312): CodeIgniter\CodeIgniter->run()
 5 SYSTEMPATH\Boot.php(67): CodeIgniter\Boot::runCodeIgniter(Object(CodeIgniter\CodeIgniter))
 6 FCPATH\index.php(56): CodeIgniter\Boot::bootWeb(Object(Config\Paths))
 7 SYSTEMPATH\Commands\Server\rewrite.php(49): require_once('C:\\xampp\\htdocs\\prospera\\public\\index.php')
WARNING - 2024-08-29 08:18:10 --> [DEPRECATED] Creation of dynamic property App\Controllers\Data::$quesModel is deprecated in APPPATH\Controllers\Data.php on line 25.
 1 SYSTEMPATH\CodeIgniter.php(903): App\Controllers\Data->__construct()
 2 SYSTEMPATH\CodeIgniter.php(500): CodeIgniter\CodeIgniter->createController()
 3 SYSTEMPATH\CodeIgniter.php(355): CodeIgniter\CodeIgniter->handleRequest(null, Object(Config\Cache), false)
 4 SYSTEMPATH\Boot.php(312): CodeIgniter\CodeIgniter->run()
 5 SYSTEMPATH\Boot.php(67): CodeIgniter\Boot::runCodeIgniter(Object(CodeIgniter\CodeIgniter))
 6 FCPATH\index.php(56): CodeIgniter\Boot::bootWeb(Object(Config\Paths))
 7 SYSTEMPATH\Commands\Server\rewrite.php(49): require_once('C:\\xampp\\htdocs\\prospera\\public\\index.php')
WARNING - 2024-08-29 08:18:10 --> [DEPRECATED] Creation of dynamic property App\Controllers\Data::$slsModel is deprecated in APPPATH\Controllers\Data.php on line 26.
 1 SYSTEMPATH\CodeIgniter.php(903): App\Controllers\Data->__construct()
 2 SYSTEMPATH\CodeIgniter.php(500): CodeIgniter\CodeIgniter->createController()
 3 SYSTEMPATH\CodeIgniter.php(355): CodeIgniter\CodeIgniter->handleRequest(null, Object(Config\Cache), false)
 4 SYSTEMPATH\Boot.php(312): CodeIgniter\CodeIgniter->run()
 5 SYSTEMPATH\Boot.php(67): CodeIgniter\Boot::runCodeIgniter(Object(CodeIgniter\CodeIgniter))
 6 FCPATH\index.php(56): CodeIgniter\Boot::bootWeb(Object(Config\Paths))
 7 SYSTEMPATH\Commands\Server\rewrite.php(49): require_once('C:\\xampp\\htdocs\\prospera\\public\\index.php')
WARNING - 2024-08-29 08:18:10 --> [DEPRECATED] Creation of dynamic property App\Controllers\Data::$uri is deprecated in APPPATH\Controllers\Data.php on line 27.
 1 SYSTEMPATH\CodeIgniter.php(903): App\Controllers\Data->__construct()
 2 SYSTEMPATH\CodeIgniter.php(500): CodeIgniter\CodeIgniter->createController()
 3 SYSTEMPATH\CodeIgniter.php(355): CodeIgniter\CodeIgniter->handleRequest(null, Object(Config\Cache), false)
 4 SYSTEMPATH\Boot.php(312): CodeIgniter\CodeIgniter->run()
 5 SYSTEMPATH\Boot.php(67): CodeIgniter\Boot::runCodeIgniter(Object(CodeIgniter\CodeIgniter))
 6 FCPATH\index.php(56): CodeIgniter\Boot::bootWeb(Object(Config\Paths))
 7 SYSTEMPATH\Commands\Server\rewrite.php(49): require_once('C:\\xampp\\htdocs\\prospera\\public\\index.php')
INFO - 2024-08-29 08:18:10 --> Session: Class initialized using 'CodeIgniter\Session\Handlers\FileHandler' driver.
WARNING - 2024-08-29 08:52:58 --> [DEPRECATED] Creation of dynamic property App\Controllers\Data::$dataModel is deprecated in APPPATH\Controllers\Data.php on line 22.
 1 SYSTEMPATH\CodeIgniter.php(903): App\Controllers\Data->__construct()
 2 SYSTEMPATH\CodeIgniter.php(500): CodeIgniter\CodeIgniter->createController()
 3 SYSTEMPATH\CodeIgniter.php(355): CodeIgniter\CodeIgniter->handleRequest(null, Object(Config\Cache), false)
 4 SYSTEMPATH\Boot.php(312): CodeIgniter\CodeIgniter->run()
 5 SYSTEMPATH\Boot.php(67): CodeIgniter\Boot::runCodeIgniter(Object(CodeIgniter\CodeIgniter))
 6 FCPATH\index.php(56): CodeIgniter\Boot::bootWeb(Object(Config\Paths))
 7 SYSTEMPATH\Commands\Server\rewrite.php(49): require_once('C:\\xampp\\htdocs\\prospera\\public\\index.php')
WARNING - 2024-08-29 08:52:58 --> [DEPRECATED] Creation of dynamic property App\Controllers\Data::$desaModel is deprecated in APPPATH\Controllers\Data.php on line 23.
 1 SYSTEMPATH\CodeIgniter.php(903): App\Controllers\Data->__construct()
 2 SYSTEMPATH\CodeIgniter.php(500): CodeIgniter\CodeIgniter->createController()
 3 SYSTEMPATH\CodeIgniter.php(355): CodeIgniter\CodeIgniter->handleRequest(null, Object(Config\Cache), false)
 4 SYSTEMPATH\Boot.php(312): CodeIgniter\CodeIgniter->run()
 5 SYSTEMPATH\Boot.php(67): CodeIgniter\Boot::runCodeIgniter(Object(CodeIgniter\CodeIgniter))
 6 FCPATH\index.php(56): CodeIgniter\Boot::bootWeb(Object(Config\Paths))
 7 SYSTEMPATH\Commands\Server\rewrite.php(49): require_once('C:\\xampp\\htdocs\\prospera\\public\\index.php')
WARNING - 2024-08-29 08:52:58 --> [DEPRECATED] Creation of dynamic property App\Controllers\Data::$kecamatanModel is deprecated in APPPATH\Controllers\Data.php on line 24.
 1 SYSTEMPATH\CodeIgniter.php(903): App\Controllers\Data->__construct()
 2 SYSTEMPATH\CodeIgniter.php(500): CodeIgniter\CodeIgniter->createController()
 3 SYSTEMPATH\CodeIgniter.php(355): CodeIgniter\CodeIgniter->handleRequest(null, Object(Config\Cache), false)
 4 SYSTEMPATH\Boot.php(312): CodeIgniter\CodeIgniter->run()
 5 SYSTEMPATH\Boot.php(67): CodeIgniter\Boot::runCodeIgniter(Object(CodeIgniter\CodeIgniter))
 6 FCPATH\index.php(56): CodeIgniter\Boot::bootWeb(Object(Config\Paths))
 7 SYSTEMPATH\Commands\Server\rewrite.php(49): require_once('C:\\xampp\\htdocs\\prospera\\public\\index.php')
WARNING - 2024-08-29 08:52:58 --> [DEPRECATED] Creation of dynamic property App\Controllers\Data::$quesModel is deprecated in APPPATH\Controllers\Data.php on line 25.
 1 SYSTEMPATH\CodeIgniter.php(903): App\Controllers\Data->__construct()
 2 SYSTEMPATH\CodeIgniter.php(500): CodeIgniter\CodeIgniter->createController()
 3 SYSTEMPATH\CodeIgniter.php(355): CodeIgniter\CodeIgniter->handleRequest(null, Object(Config\Cache), false)
 4 SYSTEMPATH\Boot.php(312): CodeIgniter\CodeIgniter->run()
 5 SYSTEMPATH\Boot.php(67): CodeIgniter\Boot::runCodeIgniter(Object(CodeIgniter\CodeIgniter))
 6 FCPATH\index.php(56): CodeIgniter\Boot::bootWeb(Object(Config\Paths))
 7 SYSTEMPATH\Commands\Server\rewrite.php(49): require_once('C:\\xampp\\htdocs\\prospera\\public\\index.php')
WARNING - 2024-08-29 08:52:58 --> [DEPRECATED] Creation of dynamic property App\Controllers\Data::$slsModel is deprecated in APPPATH\Controllers\Data.php on line 26.
 1 SYSTEMPATH\CodeIgniter.php(903): App\Controllers\Data->__construct()
 2 SYSTEMPATH\CodeIgniter.php(500): CodeIgniter\CodeIgniter->createController()
 3 SYSTEMPATH\CodeIgniter.php(355): CodeIgniter\CodeIgniter->handleRequest(null, Object(Config\Cache), false)
 4 SYSTEMPATH\Boot.php(312): CodeIgniter\CodeIgniter->run()
 5 SYSTEMPATH\Boot.php(67): CodeIgniter\Boot::runCodeIgniter(Object(CodeIgniter\CodeIgniter))
 6 FCPATH\index.php(56): CodeIgniter\Boot::bootWeb(Object(Config\Paths))
 7 SYSTEMPATH\Commands\Server\rewrite.php(49): require_once('C:\\xampp\\htdocs\\prospera\\public\\index.php')
WARNING - 2024-08-29 08:52:58 --> [DEPRECATED] Creation of dynamic property App\Controllers\Data::$uri is deprecated in APPPATH\Controllers\Data.php on line 27.
 1 SYSTEMPATH\CodeIgniter.php(903): App\Controllers\Data->__construct()
 2 SYSTEMPATH\CodeIgniter.php(500): CodeIgniter\CodeIgniter->createController()
 3 SYSTEMPATH\CodeIgniter.php(355): CodeIgniter\CodeIgniter->handleRequest(null, Object(Config\Cache), false)
 4 SYSTEMPATH\Boot.php(312): CodeIgniter\CodeIgniter->run()
 5 SYSTEMPATH\Boot.php(67): CodeIgniter\Boot::runCodeIgniter(Object(CodeIgniter\CodeIgniter))
 6 FCPATH\index.php(56): CodeIgniter\Boot::bootWeb(Object(Config\Paths))
 7 SYSTEMPATH\Commands\Server\rewrite.php(49): require_once('C:\\xampp\\htdocs\\prospera\\public\\index.php')
INFO - 2024-08-29 08:52:58 --> Session: Class initialized using 'CodeIgniter\Session\Handlers\FileHandler' driver.
