CRITICAL - 2024-07-22 02:16:06 --> Error: Class "Locale" not found
[Method: GET, Route: /]
in SYSTEMPATH\I18n\TimeTrait.php on line 76.
 1 SYSTEMPATH\I18n\TimeTrait.php(117): CodeIgniter\I18n\Time->__construct(null, null, null)
 2 SYSTEMPATH\Debug\Toolbar\Collectors\Database.php(196): CodeIgniter\I18n\Time::now()
 3 [internal function]: CodeIgniter\Debug\Toolbar\Collectors\Database::CodeIgniter\Debug\Toolbar\Collectors\{closure}([...])
 4 SYSTEMPATH\Debug\Toolbar\Collectors\Database.php(151): array_map(Object(Closure), [...])
 5 SYSTEMPATH\Debug\Toolbar\Collectors\BaseCollector.php(228): CodeIgniter\Debug\Toolbar\Collectors\Database->display()
 6 SYSTEMPATH\Debug\Toolbar.php(96): CodeIgniter\Debug\Toolbar\Collectors\BaseCollector->getAsArray()
 7 SYSTEMPATH\Debug\Toolbar.php(391): CodeIgniter\Debug\Toolbar->run(1721614566.308126, 0.4477, Object(CodeIgniter\HTTP\IncomingRequest), Object(CodeIgniter\HTTP\Response))
 8 SYSTEMPATH\Filters\DebugToolbar.php(43): CodeIgniter\Debug\Toolbar->prepare(Object(CodeIgniter\HTTP\IncomingRequest), Object(CodeIgniter\HTTP\Response))
 9 SYSTEMPATH\Filters\Filters.php(241): CodeIgniter\Filters\DebugToolbar->after(Object(CodeIgniter\HTTP\IncomingRequest), Object(CodeIgniter\HTTP\Response), null)
10 SYSTEMPATH\Filters\Filters.php(291): CodeIgniter\Filters\Filters->runAfter([...])
11 SYSTEMPATH\CodeIgniter.php(409): CodeIgniter\Filters\Filters->runRequired('after')
12 SYSTEMPATH\CodeIgniter.php(372): CodeIgniter\CodeIgniter->runRequiredAfterFilters(Object(CodeIgniter\Filters\Filters))
13 SYSTEMPATH\Boot.php(312): CodeIgniter\CodeIgniter->run()
14 SYSTEMPATH\Boot.php(67): CodeIgniter\Boot::runCodeIgniter(Object(CodeIgniter\CodeIgniter))
15 FCPATH\index.php(56): CodeIgniter\Boot::bootWeb(Object(Config\Paths))
16 SYSTEMPATH\Commands\Server\rewrite.php(49): require_once('C:\\xampp\\htdocs\\prospera\\public\\index.php')
CRITICAL - 2024-07-22 02:16:07 --> ErrorException: Uncaught Error: Class "Locale" not found in C:\xampp\htdocs\prospera\system\Helpers\number_helper.php:139
Stack trace:
#0 C:\xampp\htdocs\prospera\system\Helpers\number_helper.php(58): format_number(10.0, 2, NULL, Array)
#1 C:\xampp\htdocs\prospera\system\Debug\BaseExceptionHandler.php(154): number_to_size(10.0, 2)
#2 C:\xampp\htdocs\prospera\app\Views\errors\html\error_exception.php(409): CodeIgniter\Debug\BaseExceptionHandler::describeMemory(10485760)
#3 C:\xampp\htdocs\prospera\system\Debug\BaseExceptionHandler.php(266): include('C:\\xampp\\htdocs...')
#4 C:\xampp\htdocs\prospera\system\Debug\BaseExceptionHandler.php(269): CodeIgniter\Debug\BaseExceptionHandler->CodeIgniter\Debug\{closure}()
#5 C:\xampp\htdocs\prospera\system\Debug\ExceptionHandler.php(114): CodeIgniter\Debug\BaseExceptionHandler->render(Object(Error), 500, 'C:\\xampp\\htdocs...')
#6 C:\xampp\htdocs\prospera\system\Debug\Exceptions.php(163): CodeIgniter\Debug\ExceptionHandler->handle(Object(Error), Object(CodeIgniter\HTTP\IncomingRequest), Object(CodeIgniter\HTTP\Response), 500, 1)
#7 [internal function]: CodeIgniter\Debug\Exceptions->exceptionHandler(Object(Error))
#8 {main}
  thrown
【Previous Exception】
Error
Class "Locale" not found
#0 C:\xampp\htdocs\prospera\system\I18n\TimeTrait.php(117): CodeIgniter\I18n\Time->__construct(NULL, NULL, NULL)
#1 C:\xampp\htdocs\prospera\system\Debug\Toolbar\Collectors\Database.php(196): CodeIgniter\I18n\Time::now()
#2 [internal function]: CodeIgniter\Debug\Toolbar\Collectors\Database::CodeIgniter\Debug\Toolbar\Collectors\{closure}(Array)
#3 C:\xampp\htdocs\prospera\system\Debug\Toolbar\Collectors\Database.php(151): array_map(Object(Closure), Array)
#4 C:\xampp\htdocs\prospera\system\Debug\Toolbar\Collectors\BaseCollector.php(228): CodeIgniter\Debug\Toolbar\Collectors\Database->display()
#5 C:\xampp\htdocs\prospera\system\Debug\Toolbar.php(96): CodeIgniter\Debug\Toolbar\Collectors\BaseCollector->getAsArray()
#6 C:\xampp\htdocs\prospera\system\Debug\Toolbar.php(391): CodeIgniter\Debug\Toolbar->run(1721614566.3081, 0.4477, Object(CodeIgniter\HTTP\IncomingRequest), Object(CodeIgniter\HTTP\Response))
#7 C:\xampp\htdocs\prospera\system\Filters\DebugToolbar.php(43): CodeIgniter\Debug\Toolbar->prepare(Object(CodeIgniter\HTTP\IncomingRequest), Object(CodeIgniter\HTTP\Response))
#8 C:\xampp\htdocs\prospera\system\Filters\Filters.php(241): CodeIgniter\Filters\DebugToolbar->after(Object(CodeIgniter\HTTP\IncomingRequest), Object(CodeIgniter\HTTP\Response), NULL)
#9 C:\xampp\htdocs\prospera\system\Filters\Filters.php(291): CodeIgniter\Filters\Filters->runAfter(Array)
#10 C:\xampp\htdocs\prospera\system\CodeIgniter.php(409): CodeIgniter\Filters\Filters->runRequired('after')
#11 C:\xampp\htdocs\prospera\system\CodeIgniter.php(372): CodeIgniter\CodeIgniter->runRequiredAfterFilters(Object(CodeIgniter\Filters\Filters))
#12 C:\xampp\htdocs\prospera\system\Boot.php(312): CodeIgniter\CodeIgniter->run()
#13 C:\xampp\htdocs\prospera\system\Boot.php(67): CodeIgniter\Boot::runCodeIgniter(Object(CodeIgniter\CodeIgniter))
#14 C:\xampp\htdocs\prospera\public\index.php(56): CodeIgniter\Boot::bootWeb(Object(Config\Paths))
#15 C:\xampp\htdocs\prospera\system\Commands\Server\rewrite.php(49): require_once('C:\\xampp\\htdocs...')
#16 {main}
[Method: GET, Route: /]
in SYSTEMPATH\Helpers\number_helper.php on line 139.
 1 [internal function]: CodeIgniter\Debug\Exceptions->shutdownHandler()
CRITICAL - 2024-07-22 02:17:15 --> Error: Class "Locale" not found
[Method: GET, Route: /]
in SYSTEMPATH\I18n\TimeTrait.php on line 76.
 1 SYSTEMPATH\I18n\TimeTrait.php(117): CodeIgniter\I18n\Time->__construct(null, null, null)
 2 SYSTEMPATH\Debug\Toolbar\Collectors\Database.php(196): CodeIgniter\I18n\Time::now()
 3 [internal function]: CodeIgniter\Debug\Toolbar\Collectors\Database::CodeIgniter\Debug\Toolbar\Collectors\{closure}([...])
 4 SYSTEMPATH\Debug\Toolbar\Collectors\Database.php(151): array_map(Object(Closure), [...])
 5 SYSTEMPATH\Debug\Toolbar\Collectors\BaseCollector.php(228): CodeIgniter\Debug\Toolbar\Collectors\Database->display()
 6 SYSTEMPATH\Debug\Toolbar.php(96): CodeIgniter\Debug\Toolbar\Collectors\BaseCollector->getAsArray()
 7 SYSTEMPATH\Debug\Toolbar.php(391): CodeIgniter\Debug\Toolbar->run(1721614635.077937, 0.1083, Object(CodeIgniter\HTTP\IncomingRequest), Object(CodeIgniter\HTTP\Response))
 8 SYSTEMPATH\Filters\DebugToolbar.php(43): CodeIgniter\Debug\Toolbar->prepare(Object(CodeIgniter\HTTP\IncomingRequest), Object(CodeIgniter\HTTP\Response))
 9 SYSTEMPATH\Filters\Filters.php(241): CodeIgniter\Filters\DebugToolbar->after(Object(CodeIgniter\HTTP\IncomingRequest), Object(CodeIgniter\HTTP\Response), null)
10 SYSTEMPATH\Filters\Filters.php(291): CodeIgniter\Filters\Filters->runAfter([...])
11 SYSTEMPATH\CodeIgniter.php(409): CodeIgniter\Filters\Filters->runRequired('after')
12 SYSTEMPATH\CodeIgniter.php(372): CodeIgniter\CodeIgniter->runRequiredAfterFilters(Object(CodeIgniter\Filters\Filters))
13 SYSTEMPATH\Boot.php(312): CodeIgniter\CodeIgniter->run()
14 SYSTEMPATH\Boot.php(67): CodeIgniter\Boot::runCodeIgniter(Object(CodeIgniter\CodeIgniter))
15 FCPATH\index.php(56): CodeIgniter\Boot::bootWeb(Object(Config\Paths))
16 SYSTEMPATH\Commands\Server\rewrite.php(49): require_once('C:\\xampp\\htdocs\\prospera\\public\\index.php')
CRITICAL - 2024-07-22 02:17:15 --> ErrorException: Uncaught Error: Class "Locale" not found in C:\xampp\htdocs\prospera\system\Helpers\number_helper.php:139
Stack trace:
#0 C:\xampp\htdocs\prospera\system\Helpers\number_helper.php(58): format_number(10.0, 2, NULL, Array)
#1 C:\xampp\htdocs\prospera\system\Debug\BaseExceptionHandler.php(154): number_to_size(10.0, 2)
#2 C:\xampp\htdocs\prospera\app\Views\errors\html\error_exception.php(409): CodeIgniter\Debug\BaseExceptionHandler::describeMemory(10485760)
#3 C:\xampp\htdocs\prospera\system\Debug\BaseExceptionHandler.php(266): include('C:\\xampp\\htdocs...')
#4 C:\xampp\htdocs\prospera\system\Debug\BaseExceptionHandler.php(269): CodeIgniter\Debug\BaseExceptionHandler->CodeIgniter\Debug\{closure}()
#5 C:\xampp\htdocs\prospera\system\Debug\ExceptionHandler.php(114): CodeIgniter\Debug\BaseExceptionHandler->render(Object(Error), 500, 'C:\\xampp\\htdocs...')
#6 C:\xampp\htdocs\prospera\system\Debug\Exceptions.php(163): CodeIgniter\Debug\ExceptionHandler->handle(Object(Error), Object(CodeIgniter\HTTP\IncomingRequest), Object(CodeIgniter\HTTP\Response), 500, 1)
#7 [internal function]: CodeIgniter\Debug\Exceptions->exceptionHandler(Object(Error))
#8 {main}
  thrown
【Previous Exception】
Error
Class "Locale" not found
#0 C:\xampp\htdocs\prospera\system\I18n\TimeTrait.php(117): CodeIgniter\I18n\Time->__construct(NULL, NULL, NULL)
#1 C:\xampp\htdocs\prospera\system\Debug\Toolbar\Collectors\Database.php(196): CodeIgniter\I18n\Time::now()
#2 [internal function]: CodeIgniter\Debug\Toolbar\Collectors\Database::CodeIgniter\Debug\Toolbar\Collectors\{closure}(Array)
#3 C:\xampp\htdocs\prospera\system\Debug\Toolbar\Collectors\Database.php(151): array_map(Object(Closure), Array)
#4 C:\xampp\htdocs\prospera\system\Debug\Toolbar\Collectors\BaseCollector.php(228): CodeIgniter\Debug\Toolbar\Collectors\Database->display()
#5 C:\xampp\htdocs\prospera\system\Debug\Toolbar.php(96): CodeIgniter\Debug\Toolbar\Collectors\BaseCollector->getAsArray()
#6 C:\xampp\htdocs\prospera\system\Debug\Toolbar.php(391): CodeIgniter\Debug\Toolbar->run(1721614635.0779, 0.1083, Object(CodeIgniter\HTTP\IncomingRequest), Object(CodeIgniter\HTTP\Response))
#7 C:\xampp\htdocs\prospera\system\Filters\DebugToolbar.php(43): CodeIgniter\Debug\Toolbar->prepare(Object(CodeIgniter\HTTP\IncomingRequest), Object(CodeIgniter\HTTP\Response))
#8 C:\xampp\htdocs\prospera\system\Filters\Filters.php(241): CodeIgniter\Filters\DebugToolbar->after(Object(CodeIgniter\HTTP\IncomingRequest), Object(CodeIgniter\HTTP\Response), NULL)
#9 C:\xampp\htdocs\prospera\system\Filters\Filters.php(291): CodeIgniter\Filters\Filters->runAfter(Array)
#10 C:\xampp\htdocs\prospera\system\CodeIgniter.php(409): CodeIgniter\Filters\Filters->runRequired('after')
#11 C:\xampp\htdocs\prospera\system\CodeIgniter.php(372): CodeIgniter\CodeIgniter->runRequiredAfterFilters(Object(CodeIgniter\Filters\Filters))
#12 C:\xampp\htdocs\prospera\system\Boot.php(312): CodeIgniter\CodeIgniter->run()
#13 C:\xampp\htdocs\prospera\system\Boot.php(67): CodeIgniter\Boot::runCodeIgniter(Object(CodeIgniter\CodeIgniter))
#14 C:\xampp\htdocs\prospera\public\index.php(56): CodeIgniter\Boot::bootWeb(Object(Config\Paths))
#15 C:\xampp\htdocs\prospera\system\Commands\Server\rewrite.php(49): require_once('C:\\xampp\\htdocs...')
#16 {main}
[Method: GET, Route: /]
in SYSTEMPATH\Helpers\number_helper.php on line 139.
 1 [internal function]: CodeIgniter\Debug\Exceptions->shutdownHandler()
CRITICAL - 2024-07-22 02:17:16 --> Error: Class "Locale" not found
[Method: GET, Route: /]
in SYSTEMPATH\I18n\TimeTrait.php on line 76.
 1 SYSTEMPATH\I18n\TimeTrait.php(117): CodeIgniter\I18n\Time->__construct(null, null, null)
 2 SYSTEMPATH\Debug\Toolbar\Collectors\Database.php(196): CodeIgniter\I18n\Time::now()
 3 [internal function]: CodeIgniter\Debug\Toolbar\Collectors\Database::CodeIgniter\Debug\Toolbar\Collectors\{closure}([...])
 4 SYSTEMPATH\Debug\Toolbar\Collectors\Database.php(151): array_map(Object(Closure), [...])
 5 SYSTEMPATH\Debug\Toolbar\Collectors\BaseCollector.php(228): CodeIgniter\Debug\Toolbar\Collectors\Database->display()
 6 SYSTEMPATH\Debug\Toolbar.php(96): CodeIgniter\Debug\Toolbar\Collectors\BaseCollector->getAsArray()
 7 SYSTEMPATH\Debug\Toolbar.php(391): CodeIgniter\Debug\Toolbar->run(1721614636.544798, 0.0936, Object(CodeIgniter\HTTP\IncomingRequest), Object(CodeIgniter\HTTP\Response))
 8 SYSTEMPATH\Filters\DebugToolbar.php(43): CodeIgniter\Debug\Toolbar->prepare(Object(CodeIgniter\HTTP\IncomingRequest), Object(CodeIgniter\HTTP\Response))
 9 SYSTEMPATH\Filters\Filters.php(241): CodeIgniter\Filters\DebugToolbar->after(Object(CodeIgniter\HTTP\IncomingRequest), Object(CodeIgniter\HTTP\Response), null)
10 SYSTEMPATH\Filters\Filters.php(291): CodeIgniter\Filters\Filters->runAfter([...])
11 SYSTEMPATH\CodeIgniter.php(409): CodeIgniter\Filters\Filters->runRequired('after')
12 SYSTEMPATH\CodeIgniter.php(372): CodeIgniter\CodeIgniter->runRequiredAfterFilters(Object(CodeIgniter\Filters\Filters))
13 SYSTEMPATH\Boot.php(312): CodeIgniter\CodeIgniter->run()
14 SYSTEMPATH\Boot.php(67): CodeIgniter\Boot::runCodeIgniter(Object(CodeIgniter\CodeIgniter))
15 FCPATH\index.php(56): CodeIgniter\Boot::bootWeb(Object(Config\Paths))
16 SYSTEMPATH\Commands\Server\rewrite.php(49): require_once('C:\\xampp\\htdocs\\prospera\\public\\index.php')
CRITICAL - 2024-07-22 02:17:16 --> ErrorException: Uncaught Error: Class "Locale" not found in C:\xampp\htdocs\prospera\system\Helpers\number_helper.php:139
Stack trace:
#0 C:\xampp\htdocs\prospera\system\Helpers\number_helper.php(58): format_number(10.0, 2, NULL, Array)
#1 C:\xampp\htdocs\prospera\system\Debug\BaseExceptionHandler.php(154): number_to_size(10.0, 2)
#2 C:\xampp\htdocs\prospera\app\Views\errors\html\error_exception.php(409): CodeIgniter\Debug\BaseExceptionHandler::describeMemory(10485760)
#3 C:\xampp\htdocs\prospera\system\Debug\BaseExceptionHandler.php(266): include('C:\\xampp\\htdocs...')
#4 C:\xampp\htdocs\prospera\system\Debug\BaseExceptionHandler.php(269): CodeIgniter\Debug\BaseExceptionHandler->CodeIgniter\Debug\{closure}()
#5 C:\xampp\htdocs\prospera\system\Debug\ExceptionHandler.php(114): CodeIgniter\Debug\BaseExceptionHandler->render(Object(Error), 500, 'C:\\xampp\\htdocs...')
#6 C:\xampp\htdocs\prospera\system\Debug\Exceptions.php(163): CodeIgniter\Debug\ExceptionHandler->handle(Object(Error), Object(CodeIgniter\HTTP\IncomingRequest), Object(CodeIgniter\HTTP\Response), 500, 1)
#7 [internal function]: CodeIgniter\Debug\Exceptions->exceptionHandler(Object(Error))
#8 {main}
  thrown
【Previous Exception】
Error
Class "Locale" not found
#0 C:\xampp\htdocs\prospera\system\I18n\TimeTrait.php(117): CodeIgniter\I18n\Time->__construct(NULL, NULL, NULL)
#1 C:\xampp\htdocs\prospera\system\Debug\Toolbar\Collectors\Database.php(196): CodeIgniter\I18n\Time::now()
#2 [internal function]: CodeIgniter\Debug\Toolbar\Collectors\Database::CodeIgniter\Debug\Toolbar\Collectors\{closure}(Array)
#3 C:\xampp\htdocs\prospera\system\Debug\Toolbar\Collectors\Database.php(151): array_map(Object(Closure), Array)
#4 C:\xampp\htdocs\prospera\system\Debug\Toolbar\Collectors\BaseCollector.php(228): CodeIgniter\Debug\Toolbar\Collectors\Database->display()
#5 C:\xampp\htdocs\prospera\system\Debug\Toolbar.php(96): CodeIgniter\Debug\Toolbar\Collectors\BaseCollector->getAsArray()
#6 C:\xampp\htdocs\prospera\system\Debug\Toolbar.php(391): CodeIgniter\Debug\Toolbar->run(1721614636.5448, 0.0936, Object(CodeIgniter\HTTP\IncomingRequest), Object(CodeIgniter\HTTP\Response))
#7 C:\xampp\htdocs\prospera\system\Filters\DebugToolbar.php(43): CodeIgniter\Debug\Toolbar->prepare(Object(CodeIgniter\HTTP\IncomingRequest), Object(CodeIgniter\HTTP\Response))
#8 C:\xampp\htdocs\prospera\system\Filters\Filters.php(241): CodeIgniter\Filters\DebugToolbar->after(Object(CodeIgniter\HTTP\IncomingRequest), Object(CodeIgniter\HTTP\Response), NULL)
#9 C:\xampp\htdocs\prospera\system\Filters\Filters.php(291): CodeIgniter\Filters\Filters->runAfter(Array)
#10 C:\xampp\htdocs\prospera\system\CodeIgniter.php(409): CodeIgniter\Filters\Filters->runRequired('after')
#11 C:\xampp\htdocs\prospera\system\CodeIgniter.php(372): CodeIgniter\CodeIgniter->runRequiredAfterFilters(Object(CodeIgniter\Filters\Filters))
#12 C:\xampp\htdocs\prospera\system\Boot.php(312): CodeIgniter\CodeIgniter->run()
#13 C:\xampp\htdocs\prospera\system\Boot.php(67): CodeIgniter\Boot::runCodeIgniter(Object(CodeIgniter\CodeIgniter))
#14 C:\xampp\htdocs\prospera\public\index.php(56): CodeIgniter\Boot::bootWeb(Object(Config\Paths))
#15 C:\xampp\htdocs\prospera\system\Commands\Server\rewrite.php(49): require_once('C:\\xampp\\htdocs...')
#16 {main}
[Method: GET, Route: /]
in SYSTEMPATH\Helpers\number_helper.php on line 139.
 1 [internal function]: CodeIgniter\Debug\Exceptions->shutdownHandler()
CRITICAL - 2024-07-22 02:17:17 --> Error: Class "Locale" not found
[Method: GET, Route: /]
in SYSTEMPATH\I18n\TimeTrait.php on line 76.
 1 SYSTEMPATH\I18n\TimeTrait.php(117): CodeIgniter\I18n\Time->__construct(null, null, null)
 2 SYSTEMPATH\Debug\Toolbar\Collectors\Database.php(196): CodeIgniter\I18n\Time::now()
 3 [internal function]: CodeIgniter\Debug\Toolbar\Collectors\Database::CodeIgniter\Debug\Toolbar\Collectors\{closure}([...])
 4 SYSTEMPATH\Debug\Toolbar\Collectors\Database.php(151): array_map(Object(Closure), [...])
 5 SYSTEMPATH\Debug\Toolbar\Collectors\BaseCollector.php(228): CodeIgniter\Debug\Toolbar\Collectors\Database->display()
 6 SYSTEMPATH\Debug\Toolbar.php(96): CodeIgniter\Debug\Toolbar\Collectors\BaseCollector->getAsArray()
 7 SYSTEMPATH\Debug\Toolbar.php(391): CodeIgniter\Debug\Toolbar->run(1721614637.737626, 0.0899, Object(CodeIgniter\HTTP\IncomingRequest), Object(CodeIgniter\HTTP\Response))
 8 SYSTEMPATH\Filters\DebugToolbar.php(43): CodeIgniter\Debug\Toolbar->prepare(Object(CodeIgniter\HTTP\IncomingRequest), Object(CodeIgniter\HTTP\Response))
 9 SYSTEMPATH\Filters\Filters.php(241): CodeIgniter\Filters\DebugToolbar->after(Object(CodeIgniter\HTTP\IncomingRequest), Object(CodeIgniter\HTTP\Response), null)
10 SYSTEMPATH\Filters\Filters.php(291): CodeIgniter\Filters\Filters->runAfter([...])
11 SYSTEMPATH\CodeIgniter.php(409): CodeIgniter\Filters\Filters->runRequired('after')
12 SYSTEMPATH\CodeIgniter.php(372): CodeIgniter\CodeIgniter->runRequiredAfterFilters(Object(CodeIgniter\Filters\Filters))
13 SYSTEMPATH\Boot.php(312): CodeIgniter\CodeIgniter->run()
14 SYSTEMPATH\Boot.php(67): CodeIgniter\Boot::runCodeIgniter(Object(CodeIgniter\CodeIgniter))
15 FCPATH\index.php(56): CodeIgniter\Boot::bootWeb(Object(Config\Paths))
16 SYSTEMPATH\Commands\Server\rewrite.php(49): require_once('C:\\xampp\\htdocs\\prospera\\public\\index.php')
CRITICAL - 2024-07-22 02:17:17 --> ErrorException: Uncaught Error: Class "Locale" not found in C:\xampp\htdocs\prospera\system\Helpers\number_helper.php:139
Stack trace:
#0 C:\xampp\htdocs\prospera\system\Helpers\number_helper.php(58): format_number(10.0, 2, NULL, Array)
#1 C:\xampp\htdocs\prospera\system\Debug\BaseExceptionHandler.php(154): number_to_size(10.0, 2)
#2 C:\xampp\htdocs\prospera\app\Views\errors\html\error_exception.php(409): CodeIgniter\Debug\BaseExceptionHandler::describeMemory(10485760)
#3 C:\xampp\htdocs\prospera\system\Debug\BaseExceptionHandler.php(266): include('C:\\xampp\\htdocs...')
#4 C:\xampp\htdocs\prospera\system\Debug\BaseExceptionHandler.php(269): CodeIgniter\Debug\BaseExceptionHandler->CodeIgniter\Debug\{closure}()
#5 C:\xampp\htdocs\prospera\system\Debug\ExceptionHandler.php(114): CodeIgniter\Debug\BaseExceptionHandler->render(Object(Error), 500, 'C:\\xampp\\htdocs...')
#6 C:\xampp\htdocs\prospera\system\Debug\Exceptions.php(163): CodeIgniter\Debug\ExceptionHandler->handle(Object(Error), Object(CodeIgniter\HTTP\IncomingRequest), Object(CodeIgniter\HTTP\Response), 500, 1)
#7 [internal function]: CodeIgniter\Debug\Exceptions->exceptionHandler(Object(Error))
#8 {main}
  thrown
【Previous Exception】
Error
Class "Locale" not found
#0 C:\xampp\htdocs\prospera\system\I18n\TimeTrait.php(117): CodeIgniter\I18n\Time->__construct(NULL, NULL, NULL)
#1 C:\xampp\htdocs\prospera\system\Debug\Toolbar\Collectors\Database.php(196): CodeIgniter\I18n\Time::now()
#2 [internal function]: CodeIgniter\Debug\Toolbar\Collectors\Database::CodeIgniter\Debug\Toolbar\Collectors\{closure}(Array)
#3 C:\xampp\htdocs\prospera\system\Debug\Toolbar\Collectors\Database.php(151): array_map(Object(Closure), Array)
#4 C:\xampp\htdocs\prospera\system\Debug\Toolbar\Collectors\BaseCollector.php(228): CodeIgniter\Debug\Toolbar\Collectors\Database->display()
#5 C:\xampp\htdocs\prospera\system\Debug\Toolbar.php(96): CodeIgniter\Debug\Toolbar\Collectors\BaseCollector->getAsArray()
#6 C:\xampp\htdocs\prospera\system\Debug\Toolbar.php(391): CodeIgniter\Debug\Toolbar->run(1721614637.7376, 0.0899, Object(CodeIgniter\HTTP\IncomingRequest), Object(CodeIgniter\HTTP\Response))
#7 C:\xampp\htdocs\prospera\system\Filters\DebugToolbar.php(43): CodeIgniter\Debug\Toolbar->prepare(Object(CodeIgniter\HTTP\IncomingRequest), Object(CodeIgniter\HTTP\Response))
#8 C:\xampp\htdocs\prospera\system\Filters\Filters.php(241): CodeIgniter\Filters\DebugToolbar->after(Object(CodeIgniter\HTTP\IncomingRequest), Object(CodeIgniter\HTTP\Response), NULL)
#9 C:\xampp\htdocs\prospera\system\Filters\Filters.php(291): CodeIgniter\Filters\Filters->runAfter(Array)
#10 C:\xampp\htdocs\prospera\system\CodeIgniter.php(409): CodeIgniter\Filters\Filters->runRequired('after')
#11 C:\xampp\htdocs\prospera\system\CodeIgniter.php(372): CodeIgniter\CodeIgniter->runRequiredAfterFilters(Object(CodeIgniter\Filters\Filters))
#12 C:\xampp\htdocs\prospera\system\Boot.php(312): CodeIgniter\CodeIgniter->run()
#13 C:\xampp\htdocs\prospera\system\Boot.php(67): CodeIgniter\Boot::runCodeIgniter(Object(CodeIgniter\CodeIgniter))
#14 C:\xampp\htdocs\prospera\public\index.php(56): CodeIgniter\Boot::bootWeb(Object(Config\Paths))
#15 C:\xampp\htdocs\prospera\system\Commands\Server\rewrite.php(49): require_once('C:\\xampp\\htdocs...')
#16 {main}
[Method: GET, Route: /]
in SYSTEMPATH\Helpers\number_helper.php on line 139.
 1 [internal function]: CodeIgniter\Debug\Exceptions->shutdownHandler()
CRITICAL - 2024-07-22 02:18:04 --> Error: Class "Locale" not found
[Method: GET, Route: /]
in SYSTEMPATH\I18n\TimeTrait.php on line 76.
 1 SYSTEMPATH\I18n\TimeTrait.php(117): CodeIgniter\I18n\Time->__construct(null, null, null)
 2 SYSTEMPATH\Debug\Toolbar\Collectors\Database.php(196): CodeIgniter\I18n\Time::now()
 3 [internal function]: CodeIgniter\Debug\Toolbar\Collectors\Database::CodeIgniter\Debug\Toolbar\Collectors\{closure}([...])
 4 SYSTEMPATH\Debug\Toolbar\Collectors\Database.php(151): array_map(Object(Closure), [...])
 5 SYSTEMPATH\Debug\Toolbar\Collectors\BaseCollector.php(228): CodeIgniter\Debug\Toolbar\Collectors\Database->display()
 6 SYSTEMPATH\Debug\Toolbar.php(96): CodeIgniter\Debug\Toolbar\Collectors\BaseCollector->getAsArray()
 7 SYSTEMPATH\Debug\Toolbar.php(391): CodeIgniter\Debug\Toolbar->run(1721614684.574098, 0.1092, Object(CodeIgniter\HTTP\IncomingRequest), Object(CodeIgniter\HTTP\Response))
 8 SYSTEMPATH\Filters\DebugToolbar.php(43): CodeIgniter\Debug\Toolbar->prepare(Object(CodeIgniter\HTTP\IncomingRequest), Object(CodeIgniter\HTTP\Response))
 9 SYSTEMPATH\Filters\Filters.php(241): CodeIgniter\Filters\DebugToolbar->after(Object(CodeIgniter\HTTP\IncomingRequest), Object(CodeIgniter\HTTP\Response), null)
10 SYSTEMPATH\Filters\Filters.php(291): CodeIgniter\Filters\Filters->runAfter([...])
11 SYSTEMPATH\CodeIgniter.php(409): CodeIgniter\Filters\Filters->runRequired('after')
12 SYSTEMPATH\CodeIgniter.php(372): CodeIgniter\CodeIgniter->runRequiredAfterFilters(Object(CodeIgniter\Filters\Filters))
13 SYSTEMPATH\Boot.php(312): CodeIgniter\CodeIgniter->run()
14 SYSTEMPATH\Boot.php(67): CodeIgniter\Boot::runCodeIgniter(Object(CodeIgniter\CodeIgniter))
15 FCPATH\index.php(56): CodeIgniter\Boot::bootWeb(Object(Config\Paths))
16 SYSTEMPATH\Commands\Server\rewrite.php(49): require_once('C:\\xampp\\htdocs\\prospera\\public\\index.php')
CRITICAL - 2024-07-22 02:18:04 --> ErrorException: Uncaught Error: Class "Locale" not found in C:\xampp\htdocs\prospera\system\Helpers\number_helper.php:139
Stack trace:
#0 C:\xampp\htdocs\prospera\system\Helpers\number_helper.php(58): format_number(10.0, 2, NULL, Array)
#1 C:\xampp\htdocs\prospera\system\Debug\BaseExceptionHandler.php(154): number_to_size(10.0, 2)
#2 C:\xampp\htdocs\prospera\app\Views\errors\html\error_exception.php(409): CodeIgniter\Debug\BaseExceptionHandler::describeMemory(10485760)
#3 C:\xampp\htdocs\prospera\system\Debug\BaseExceptionHandler.php(266): include('C:\\xampp\\htdocs...')
#4 C:\xampp\htdocs\prospera\system\Debug\BaseExceptionHandler.php(269): CodeIgniter\Debug\BaseExceptionHandler->CodeIgniter\Debug\{closure}()
#5 C:\xampp\htdocs\prospera\system\Debug\ExceptionHandler.php(114): CodeIgniter\Debug\BaseExceptionHandler->render(Object(Error), 500, 'C:\\xampp\\htdocs...')
#6 C:\xampp\htdocs\prospera\system\Debug\Exceptions.php(163): CodeIgniter\Debug\ExceptionHandler->handle(Object(Error), Object(CodeIgniter\HTTP\IncomingRequest), Object(CodeIgniter\HTTP\Response), 500, 1)
#7 [internal function]: CodeIgniter\Debug\Exceptions->exceptionHandler(Object(Error))
#8 {main}
  thrown
【Previous Exception】
Error
Class "Locale" not found
#0 C:\xampp\htdocs\prospera\system\I18n\TimeTrait.php(117): CodeIgniter\I18n\Time->__construct(NULL, NULL, NULL)
#1 C:\xampp\htdocs\prospera\system\Debug\Toolbar\Collectors\Database.php(196): CodeIgniter\I18n\Time::now()
#2 [internal function]: CodeIgniter\Debug\Toolbar\Collectors\Database::CodeIgniter\Debug\Toolbar\Collectors\{closure}(Array)
#3 C:\xampp\htdocs\prospera\system\Debug\Toolbar\Collectors\Database.php(151): array_map(Object(Closure), Array)
#4 C:\xampp\htdocs\prospera\system\Debug\Toolbar\Collectors\BaseCollector.php(228): CodeIgniter\Debug\Toolbar\Collectors\Database->display()
#5 C:\xampp\htdocs\prospera\system\Debug\Toolbar.php(96): CodeIgniter\Debug\Toolbar\Collectors\BaseCollector->getAsArray()
#6 C:\xampp\htdocs\prospera\system\Debug\Toolbar.php(391): CodeIgniter\Debug\Toolbar->run(1721614684.5741, 0.1092, Object(CodeIgniter\HTTP\IncomingRequest), Object(CodeIgniter\HTTP\Response))
#7 C:\xampp\htdocs\prospera\system\Filters\DebugToolbar.php(43): CodeIgniter\Debug\Toolbar->prepare(Object(CodeIgniter\HTTP\IncomingRequest), Object(CodeIgniter\HTTP\Response))
#8 C:\xampp\htdocs\prospera\system\Filters\Filters.php(241): CodeIgniter\Filters\DebugToolbar->after(Object(CodeIgniter\HTTP\IncomingRequest), Object(CodeIgniter\HTTP\Response), NULL)
#9 C:\xampp\htdocs\prospera\system\Filters\Filters.php(291): CodeIgniter\Filters\Filters->runAfter(Array)
#10 C:\xampp\htdocs\prospera\system\CodeIgniter.php(409): CodeIgniter\Filters\Filters->runRequired('after')
#11 C:\xampp\htdocs\prospera\system\CodeIgniter.php(372): CodeIgniter\CodeIgniter->runRequiredAfterFilters(Object(CodeIgniter\Filters\Filters))
#12 C:\xampp\htdocs\prospera\system\Boot.php(312): CodeIgniter\CodeIgniter->run()
#13 C:\xampp\htdocs\prospera\system\Boot.php(67): CodeIgniter\Boot::runCodeIgniter(Object(CodeIgniter\CodeIgniter))
#14 C:\xampp\htdocs\prospera\public\index.php(56): CodeIgniter\Boot::bootWeb(Object(Config\Paths))
#15 C:\xampp\htdocs\prospera\system\Commands\Server\rewrite.php(49): require_once('C:\\xampp\\htdocs...')
#16 {main}
[Method: GET, Route: /]
in SYSTEMPATH\Helpers\number_helper.php on line 139.
 1 [internal function]: CodeIgniter\Debug\Exceptions->shutdownHandler()
CRITICAL - 2024-07-22 02:18:19 --> Error: Class "Locale" not found
[Method: GET, Route: /]
in SYSTEMPATH\I18n\TimeTrait.php on line 76.
 1 SYSTEMPATH\I18n\TimeTrait.php(117): CodeIgniter\I18n\Time->__construct(null, null, null)
 2 SYSTEMPATH\Debug\Toolbar\Collectors\Database.php(196): CodeIgniter\I18n\Time::now()
 3 [internal function]: CodeIgniter\Debug\Toolbar\Collectors\Database::CodeIgniter\Debug\Toolbar\Collectors\{closure}([...])
 4 SYSTEMPATH\Debug\Toolbar\Collectors\Database.php(151): array_map(Object(Closure), [...])
 5 SYSTEMPATH\Debug\Toolbar\Collectors\BaseCollector.php(228): CodeIgniter\Debug\Toolbar\Collectors\Database->display()
 6 SYSTEMPATH\Debug\Toolbar.php(96): CodeIgniter\Debug\Toolbar\Collectors\BaseCollector->getAsArray()
 7 SYSTEMPATH\Debug\Toolbar.php(391): CodeIgniter\Debug\Toolbar->run(1721614699.638906, 0.0722, Object(CodeIgniter\HTTP\IncomingRequest), Object(CodeIgniter\HTTP\Response))
 8 SYSTEMPATH\Filters\DebugToolbar.php(43): CodeIgniter\Debug\Toolbar->prepare(Object(CodeIgniter\HTTP\IncomingRequest), Object(CodeIgniter\HTTP\Response))
 9 SYSTEMPATH\Filters\Filters.php(241): CodeIgniter\Filters\DebugToolbar->after(Object(CodeIgniter\HTTP\IncomingRequest), Object(CodeIgniter\HTTP\Response), null)
10 SYSTEMPATH\Filters\Filters.php(291): CodeIgniter\Filters\Filters->runAfter([...])
11 SYSTEMPATH\CodeIgniter.php(409): CodeIgniter\Filters\Filters->runRequired('after')
12 SYSTEMPATH\CodeIgniter.php(372): CodeIgniter\CodeIgniter->runRequiredAfterFilters(Object(CodeIgniter\Filters\Filters))
13 SYSTEMPATH\Boot.php(312): CodeIgniter\CodeIgniter->run()
14 SYSTEMPATH\Boot.php(67): CodeIgniter\Boot::runCodeIgniter(Object(CodeIgniter\CodeIgniter))
15 FCPATH\index.php(56): CodeIgniter\Boot::bootWeb(Object(Config\Paths))
16 SYSTEMPATH\Commands\Server\rewrite.php(49): require_once('C:\\xampp\\htdocs\\prospera\\public\\index.php')
CRITICAL - 2024-07-22 02:18:19 --> ErrorException: Uncaught Error: Class "Locale" not found in C:\xampp\htdocs\prospera\system\Helpers\number_helper.php:139
Stack trace:
#0 C:\xampp\htdocs\prospera\system\Helpers\number_helper.php(58): format_number(10.0, 2, NULL, Array)
#1 C:\xampp\htdocs\prospera\system\Debug\BaseExceptionHandler.php(154): number_to_size(10.0, 2)
#2 C:\xampp\htdocs\prospera\app\Views\errors\html\error_exception.php(409): CodeIgniter\Debug\BaseExceptionHandler::describeMemory(10485760)
#3 C:\xampp\htdocs\prospera\system\Debug\BaseExceptionHandler.php(266): include('C:\\xampp\\htdocs...')
#4 C:\xampp\htdocs\prospera\system\Debug\BaseExceptionHandler.php(269): CodeIgniter\Debug\BaseExceptionHandler->CodeIgniter\Debug\{closure}()
#5 C:\xampp\htdocs\prospera\system\Debug\ExceptionHandler.php(114): CodeIgniter\Debug\BaseExceptionHandler->render(Object(Error), 500, 'C:\\xampp\\htdocs...')
#6 C:\xampp\htdocs\prospera\system\Debug\Exceptions.php(163): CodeIgniter\Debug\ExceptionHandler->handle(Object(Error), Object(CodeIgniter\HTTP\IncomingRequest), Object(CodeIgniter\HTTP\Response), 500, 1)
#7 [internal function]: CodeIgniter\Debug\Exceptions->exceptionHandler(Object(Error))
#8 {main}
  thrown
【Previous Exception】
Error
Class "Locale" not found
#0 C:\xampp\htdocs\prospera\system\I18n\TimeTrait.php(117): CodeIgniter\I18n\Time->__construct(NULL, NULL, NULL)
#1 C:\xampp\htdocs\prospera\system\Debug\Toolbar\Collectors\Database.php(196): CodeIgniter\I18n\Time::now()
#2 [internal function]: CodeIgniter\Debug\Toolbar\Collectors\Database::CodeIgniter\Debug\Toolbar\Collectors\{closure}(Array)
#3 C:\xampp\htdocs\prospera\system\Debug\Toolbar\Collectors\Database.php(151): array_map(Object(Closure), Array)
#4 C:\xampp\htdocs\prospera\system\Debug\Toolbar\Collectors\BaseCollector.php(228): CodeIgniter\Debug\Toolbar\Collectors\Database->display()
#5 C:\xampp\htdocs\prospera\system\Debug\Toolbar.php(96): CodeIgniter\Debug\Toolbar\Collectors\BaseCollector->getAsArray()
#6 C:\xampp\htdocs\prospera\system\Debug\Toolbar.php(391): CodeIgniter\Debug\Toolbar->run(1721614699.6389, 0.0722, Object(CodeIgniter\HTTP\IncomingRequest), Object(CodeIgniter\HTTP\Response))
#7 C:\xampp\htdocs\prospera\system\Filters\DebugToolbar.php(43): CodeIgniter\Debug\Toolbar->prepare(Object(CodeIgniter\HTTP\IncomingRequest), Object(CodeIgniter\HTTP\Response))
#8 C:\xampp\htdocs\prospera\system\Filters\Filters.php(241): CodeIgniter\Filters\DebugToolbar->after(Object(CodeIgniter\HTTP\IncomingRequest), Object(CodeIgniter\HTTP\Response), NULL)
#9 C:\xampp\htdocs\prospera\system\Filters\Filters.php(291): CodeIgniter\Filters\Filters->runAfter(Array)
#10 C:\xampp\htdocs\prospera\system\CodeIgniter.php(409): CodeIgniter\Filters\Filters->runRequired('after')
#11 C:\xampp\htdocs\prospera\system\CodeIgniter.php(372): CodeIgniter\CodeIgniter->runRequiredAfterFilters(Object(CodeIgniter\Filters\Filters))
#12 C:\xampp\htdocs\prospera\system\Boot.php(312): CodeIgniter\CodeIgniter->run()
#13 C:\xampp\htdocs\prospera\system\Boot.php(67): CodeIgniter\Boot::runCodeIgniter(Object(CodeIgniter\CodeIgniter))
#14 C:\xampp\htdocs\prospera\public\index.php(56): CodeIgniter\Boot::bootWeb(Object(Config\Paths))
#15 C:\xampp\htdocs\prospera\system\Commands\Server\rewrite.php(49): require_once('C:\\xampp\\htdocs...')
#16 {main}
[Method: GET, Route: /]
in SYSTEMPATH\Helpers\number_helper.php on line 139.
 1 [internal function]: CodeIgniter\Debug\Exceptions->shutdownHandler()
CRITICAL - 2024-07-22 02:19:10 --> Error: Class "Locale" not found
[Method: GET, Route: /]
in SYSTEMPATH\I18n\TimeTrait.php on line 76.
 1 SYSTEMPATH\I18n\TimeTrait.php(117): CodeIgniter\I18n\Time->__construct(null, null, null)
 2 SYSTEMPATH\Debug\Toolbar\Collectors\Database.php(196): CodeIgniter\I18n\Time::now()
 3 [internal function]: CodeIgniter\Debug\Toolbar\Collectors\Database::CodeIgniter\Debug\Toolbar\Collectors\{closure}([...])
 4 SYSTEMPATH\Debug\Toolbar\Collectors\Database.php(151): array_map(Object(Closure), [...])
 5 SYSTEMPATH\Debug\Toolbar\Collectors\BaseCollector.php(228): CodeIgniter\Debug\Toolbar\Collectors\Database->display()
 6 SYSTEMPATH\Debug\Toolbar.php(96): CodeIgniter\Debug\Toolbar\Collectors\BaseCollector->getAsArray()
 7 SYSTEMPATH\Debug\Toolbar.php(391): CodeIgniter\Debug\Toolbar->run(1721614750.085446, 0.5902, Object(CodeIgniter\HTTP\IncomingRequest), Object(CodeIgniter\HTTP\Response))
 8 SYSTEMPATH\Filters\DebugToolbar.php(43): CodeIgniter\Debug\Toolbar->prepare(Object(CodeIgniter\HTTP\IncomingRequest), Object(CodeIgniter\HTTP\Response))
 9 SYSTEMPATH\Filters\Filters.php(241): CodeIgniter\Filters\DebugToolbar->after(Object(CodeIgniter\HTTP\IncomingRequest), Object(CodeIgniter\HTTP\Response), null)
10 SYSTEMPATH\Filters\Filters.php(291): CodeIgniter\Filters\Filters->runAfter([...])
11 SYSTEMPATH\CodeIgniter.php(409): CodeIgniter\Filters\Filters->runRequired('after')
12 SYSTEMPATH\CodeIgniter.php(372): CodeIgniter\CodeIgniter->runRequiredAfterFilters(Object(CodeIgniter\Filters\Filters))
13 SYSTEMPATH\Boot.php(312): CodeIgniter\CodeIgniter->run()
14 SYSTEMPATH\Boot.php(67): CodeIgniter\Boot::runCodeIgniter(Object(CodeIgniter\CodeIgniter))
15 FCPATH\index.php(56): CodeIgniter\Boot::bootWeb(Object(Config\Paths))
16 SYSTEMPATH\Commands\Server\rewrite.php(49): require_once('C:\\xampp\\htdocs\\prospera\\public\\index.php')
CRITICAL - 2024-07-22 02:19:10 --> ErrorException: Uncaught Error: Class "Locale" not found in C:\xampp\htdocs\prospera\system\Helpers\number_helper.php:139
Stack trace:
#0 C:\xampp\htdocs\prospera\system\Helpers\number_helper.php(58): format_number(10.0, 2, NULL, Array)
#1 C:\xampp\htdocs\prospera\system\Debug\BaseExceptionHandler.php(154): number_to_size(10.0, 2)
#2 C:\xampp\htdocs\prospera\app\Views\errors\html\error_exception.php(409): CodeIgniter\Debug\BaseExceptionHandler::describeMemory(10485760)
#3 C:\xampp\htdocs\prospera\system\Debug\BaseExceptionHandler.php(266): include('C:\\xampp\\htdocs...')
#4 C:\xampp\htdocs\prospera\system\Debug\BaseExceptionHandler.php(269): CodeIgniter\Debug\BaseExceptionHandler->CodeIgniter\Debug\{closure}()
#5 C:\xampp\htdocs\prospera\system\Debug\ExceptionHandler.php(114): CodeIgniter\Debug\BaseExceptionHandler->render(Object(Error), 500, 'C:\\xampp\\htdocs...')
#6 C:\xampp\htdocs\prospera\system\Debug\Exceptions.php(163): CodeIgniter\Debug\ExceptionHandler->handle(Object(Error), Object(CodeIgniter\HTTP\IncomingRequest), Object(CodeIgniter\HTTP\Response), 500, 1)
#7 [internal function]: CodeIgniter\Debug\Exceptions->exceptionHandler(Object(Error))
#8 {main}
  thrown
【Previous Exception】
Error
Class "Locale" not found
#0 C:\xampp\htdocs\prospera\system\I18n\TimeTrait.php(117): CodeIgniter\I18n\Time->__construct(NULL, NULL, NULL)
#1 C:\xampp\htdocs\prospera\system\Debug\Toolbar\Collectors\Database.php(196): CodeIgniter\I18n\Time::now()
#2 [internal function]: CodeIgniter\Debug\Toolbar\Collectors\Database::CodeIgniter\Debug\Toolbar\Collectors\{closure}(Array)
#3 C:\xampp\htdocs\prospera\system\Debug\Toolbar\Collectors\Database.php(151): array_map(Object(Closure), Array)
#4 C:\xampp\htdocs\prospera\system\Debug\Toolbar\Collectors\BaseCollector.php(228): CodeIgniter\Debug\Toolbar\Collectors\Database->display()
#5 C:\xampp\htdocs\prospera\system\Debug\Toolbar.php(96): CodeIgniter\Debug\Toolbar\Collectors\BaseCollector->getAsArray()
#6 C:\xampp\htdocs\prospera\system\Debug\Toolbar.php(391): CodeIgniter\Debug\Toolbar->run(1721614750.0854, 0.5902, Object(CodeIgniter\HTTP\IncomingRequest), Object(CodeIgniter\HTTP\Response))
#7 C:\xampp\htdocs\prospera\system\Filters\DebugToolbar.php(43): CodeIgniter\Debug\Toolbar->prepare(Object(CodeIgniter\HTTP\IncomingRequest), Object(CodeIgniter\HTTP\Response))
#8 C:\xampp\htdocs\prospera\system\Filters\Filters.php(241): CodeIgniter\Filters\DebugToolbar->after(Object(CodeIgniter\HTTP\IncomingRequest), Object(CodeIgniter\HTTP\Response), NULL)
#9 C:\xampp\htdocs\prospera\system\Filters\Filters.php(291): CodeIgniter\Filters\Filters->runAfter(Array)
#10 C:\xampp\htdocs\prospera\system\CodeIgniter.php(409): CodeIgniter\Filters\Filters->runRequired('after')
#11 C:\xampp\htdocs\prospera\system\CodeIgniter.php(372): CodeIgniter\CodeIgniter->runRequiredAfterFilters(Object(CodeIgniter\Filters\Filters))
#12 C:\xampp\htdocs\prospera\system\Boot.php(312): CodeIgniter\CodeIgniter->run()
#13 C:\xampp\htdocs\prospera\system\Boot.php(67): CodeIgniter\Boot::runCodeIgniter(Object(CodeIgniter\CodeIgniter))
#14 C:\xampp\htdocs\prospera\public\index.php(56): CodeIgniter\Boot::bootWeb(Object(Config\Paths))
#15 C:\xampp\htdocs\prospera\system\Commands\Server\rewrite.php(49): require_once('C:\\xampp\\htdocs...')
#16 {main}
[Method: GET, Route: /]
in SYSTEMPATH\Helpers\number_helper.php on line 139.
 1 [internal function]: CodeIgniter\Debug\Exceptions->shutdownHandler()
CRITICAL - 2024-07-22 02:19:34 --> Error: Class "Locale" not found
[Method: GET, Route: /]
in SYSTEMPATH\I18n\TimeTrait.php on line 76.
 1 SYSTEMPATH\I18n\TimeTrait.php(117): CodeIgniter\I18n\Time->__construct(null, null, null)
 2 SYSTEMPATH\Debug\Toolbar\Collectors\Database.php(196): CodeIgniter\I18n\Time::now()
 3 [internal function]: CodeIgniter\Debug\Toolbar\Collectors\Database::CodeIgniter\Debug\Toolbar\Collectors\{closure}([...])
 4 SYSTEMPATH\Debug\Toolbar\Collectors\Database.php(151): array_map(Object(Closure), [...])
 5 SYSTEMPATH\Debug\Toolbar\Collectors\BaseCollector.php(228): CodeIgniter\Debug\Toolbar\Collectors\Database->display()
 6 SYSTEMPATH\Debug\Toolbar.php(96): CodeIgniter\Debug\Toolbar\Collectors\BaseCollector->getAsArray()
 7 SYSTEMPATH\Debug\Toolbar.php(391): CodeIgniter\Debug\Toolbar->run(1721614774.654888, 0.0882, Object(CodeIgniter\HTTP\IncomingRequest), Object(CodeIgniter\HTTP\Response))
 8 SYSTEMPATH\Filters\DebugToolbar.php(43): CodeIgniter\Debug\Toolbar->prepare(Object(CodeIgniter\HTTP\IncomingRequest), Object(CodeIgniter\HTTP\Response))
 9 SYSTEMPATH\Filters\Filters.php(241): CodeIgniter\Filters\DebugToolbar->after(Object(CodeIgniter\HTTP\IncomingRequest), Object(CodeIgniter\HTTP\Response), null)
10 SYSTEMPATH\Filters\Filters.php(291): CodeIgniter\Filters\Filters->runAfter([...])
11 SYSTEMPATH\CodeIgniter.php(409): CodeIgniter\Filters\Filters->runRequired('after')
12 SYSTEMPATH\CodeIgniter.php(372): CodeIgniter\CodeIgniter->runRequiredAfterFilters(Object(CodeIgniter\Filters\Filters))
13 SYSTEMPATH\Boot.php(312): CodeIgniter\CodeIgniter->run()
14 SYSTEMPATH\Boot.php(67): CodeIgniter\Boot::runCodeIgniter(Object(CodeIgniter\CodeIgniter))
15 FCPATH\index.php(56): CodeIgniter\Boot::bootWeb(Object(Config\Paths))
16 SYSTEMPATH\Commands\Server\rewrite.php(49): require_once('C:\\xampp\\htdocs\\prospera\\public\\index.php')
CRITICAL - 2024-07-22 02:19:34 --> ErrorException: Uncaught Error: Class "Locale" not found in C:\xampp\htdocs\prospera\system\Helpers\number_helper.php:139
Stack trace:
#0 C:\xampp\htdocs\prospera\system\Helpers\number_helper.php(58): format_number(10.0, 2, NULL, Array)
#1 C:\xampp\htdocs\prospera\system\Debug\BaseExceptionHandler.php(154): number_to_size(10.0, 2)
#2 C:\xampp\htdocs\prospera\app\Views\errors\html\error_exception.php(409): CodeIgniter\Debug\BaseExceptionHandler::describeMemory(10485760)
#3 C:\xampp\htdocs\prospera\system\Debug\BaseExceptionHandler.php(266): include('C:\\xampp\\htdocs...')
#4 C:\xampp\htdocs\prospera\system\Debug\BaseExceptionHandler.php(269): CodeIgniter\Debug\BaseExceptionHandler->CodeIgniter\Debug\{closure}()
#5 C:\xampp\htdocs\prospera\system\Debug\ExceptionHandler.php(114): CodeIgniter\Debug\BaseExceptionHandler->render(Object(Error), 500, 'C:\\xampp\\htdocs...')
#6 C:\xampp\htdocs\prospera\system\Debug\Exceptions.php(163): CodeIgniter\Debug\ExceptionHandler->handle(Object(Error), Object(CodeIgniter\HTTP\IncomingRequest), Object(CodeIgniter\HTTP\Response), 500, 1)
#7 [internal function]: CodeIgniter\Debug\Exceptions->exceptionHandler(Object(Error))
#8 {main}
  thrown
【Previous Exception】
Error
Class "Locale" not found
#0 C:\xampp\htdocs\prospera\system\I18n\TimeTrait.php(117): CodeIgniter\I18n\Time->__construct(NULL, NULL, NULL)
#1 C:\xampp\htdocs\prospera\system\Debug\Toolbar\Collectors\Database.php(196): CodeIgniter\I18n\Time::now()
#2 [internal function]: CodeIgniter\Debug\Toolbar\Collectors\Database::CodeIgniter\Debug\Toolbar\Collectors\{closure}(Array)
#3 C:\xampp\htdocs\prospera\system\Debug\Toolbar\Collectors\Database.php(151): array_map(Object(Closure), Array)
#4 C:\xampp\htdocs\prospera\system\Debug\Toolbar\Collectors\BaseCollector.php(228): CodeIgniter\Debug\Toolbar\Collectors\Database->display()
#5 C:\xampp\htdocs\prospera\system\Debug\Toolbar.php(96): CodeIgniter\Debug\Toolbar\Collectors\BaseCollector->getAsArray()
#6 C:\xampp\htdocs\prospera\system\Debug\Toolbar.php(391): CodeIgniter\Debug\Toolbar->run(1721614774.6549, 0.0882, Object(CodeIgniter\HTTP\IncomingRequest), Object(CodeIgniter\HTTP\Response))
#7 C:\xampp\htdocs\prospera\system\Filters\DebugToolbar.php(43): CodeIgniter\Debug\Toolbar->prepare(Object(CodeIgniter\HTTP\IncomingRequest), Object(CodeIgniter\HTTP\Response))
#8 C:\xampp\htdocs\prospera\system\Filters\Filters.php(241): CodeIgniter\Filters\DebugToolbar->after(Object(CodeIgniter\HTTP\IncomingRequest), Object(CodeIgniter\HTTP\Response), NULL)
#9 C:\xampp\htdocs\prospera\system\Filters\Filters.php(291): CodeIgniter\Filters\Filters->runAfter(Array)
#10 C:\xampp\htdocs\prospera\system\CodeIgniter.php(409): CodeIgniter\Filters\Filters->runRequired('after')
#11 C:\xampp\htdocs\prospera\system\CodeIgniter.php(372): CodeIgniter\CodeIgniter->runRequiredAfterFilters(Object(CodeIgniter\Filters\Filters))
#12 C:\xampp\htdocs\prospera\system\Boot.php(312): CodeIgniter\CodeIgniter->run()
#13 C:\xampp\htdocs\prospera\system\Boot.php(67): CodeIgniter\Boot::runCodeIgniter(Object(CodeIgniter\CodeIgniter))
#14 C:\xampp\htdocs\prospera\public\index.php(56): CodeIgniter\Boot::bootWeb(Object(Config\Paths))
#15 C:\xampp\htdocs\prospera\system\Commands\Server\rewrite.php(49): require_once('C:\\xampp\\htdocs...')
#16 {main}
[Method: GET, Route: /]
in SYSTEMPATH\Helpers\number_helper.php on line 139.
 1 [internal function]: CodeIgniter\Debug\Exceptions->shutdownHandler()
CRITICAL - 2024-07-22 02:19:35 --> Error: Class "Locale" not found
[Method: GET, Route: /]
in SYSTEMPATH\I18n\TimeTrait.php on line 76.
 1 SYSTEMPATH\I18n\TimeTrait.php(117): CodeIgniter\I18n\Time->__construct(null, null, null)
 2 SYSTEMPATH\Debug\Toolbar\Collectors\Database.php(196): CodeIgniter\I18n\Time::now()
 3 [internal function]: CodeIgniter\Debug\Toolbar\Collectors\Database::CodeIgniter\Debug\Toolbar\Collectors\{closure}([...])
 4 SYSTEMPATH\Debug\Toolbar\Collectors\Database.php(151): array_map(Object(Closure), [...])
 5 SYSTEMPATH\Debug\Toolbar\Collectors\BaseCollector.php(228): CodeIgniter\Debug\Toolbar\Collectors\Database->display()
 6 SYSTEMPATH\Debug\Toolbar.php(96): CodeIgniter\Debug\Toolbar\Collectors\BaseCollector->getAsArray()
 7 SYSTEMPATH\Debug\Toolbar.php(391): CodeIgniter\Debug\Toolbar->run(1721614775.577898, 0.0807, Object(CodeIgniter\HTTP\IncomingRequest), Object(CodeIgniter\HTTP\Response))
 8 SYSTEMPATH\Filters\DebugToolbar.php(43): CodeIgniter\Debug\Toolbar->prepare(Object(CodeIgniter\HTTP\IncomingRequest), Object(CodeIgniter\HTTP\Response))
 9 SYSTEMPATH\Filters\Filters.php(241): CodeIgniter\Filters\DebugToolbar->after(Object(CodeIgniter\HTTP\IncomingRequest), Object(CodeIgniter\HTTP\Response), null)
10 SYSTEMPATH\Filters\Filters.php(291): CodeIgniter\Filters\Filters->runAfter([...])
11 SYSTEMPATH\CodeIgniter.php(409): CodeIgniter\Filters\Filters->runRequired('after')
12 SYSTEMPATH\CodeIgniter.php(372): CodeIgniter\CodeIgniter->runRequiredAfterFilters(Object(CodeIgniter\Filters\Filters))
13 SYSTEMPATH\Boot.php(312): CodeIgniter\CodeIgniter->run()
14 SYSTEMPATH\Boot.php(67): CodeIgniter\Boot::runCodeIgniter(Object(CodeIgniter\CodeIgniter))
15 FCPATH\index.php(56): CodeIgniter\Boot::bootWeb(Object(Config\Paths))
16 SYSTEMPATH\Commands\Server\rewrite.php(49): require_once('C:\\xampp\\htdocs\\prospera\\public\\index.php')
CRITICAL - 2024-07-22 02:19:35 --> ErrorException: Uncaught Error: Class "Locale" not found in C:\xampp\htdocs\prospera\system\Helpers\number_helper.php:139
Stack trace:
#0 C:\xampp\htdocs\prospera\system\Helpers\number_helper.php(58): format_number(10.0, 2, NULL, Array)
#1 C:\xampp\htdocs\prospera\system\Debug\BaseExceptionHandler.php(154): number_to_size(10.0, 2)
#2 C:\xampp\htdocs\prospera\app\Views\errors\html\error_exception.php(409): CodeIgniter\Debug\BaseExceptionHandler::describeMemory(10485760)
#3 C:\xampp\htdocs\prospera\system\Debug\BaseExceptionHandler.php(266): include('C:\\xampp\\htdocs...')
#4 C:\xampp\htdocs\prospera\system\Debug\BaseExceptionHandler.php(269): CodeIgniter\Debug\BaseExceptionHandler->CodeIgniter\Debug\{closure}()
#5 C:\xampp\htdocs\prospera\system\Debug\ExceptionHandler.php(114): CodeIgniter\Debug\BaseExceptionHandler->render(Object(Error), 500, 'C:\\xampp\\htdocs...')
#6 C:\xampp\htdocs\prospera\system\Debug\Exceptions.php(163): CodeIgniter\Debug\ExceptionHandler->handle(Object(Error), Object(CodeIgniter\HTTP\IncomingRequest), Object(CodeIgniter\HTTP\Response), 500, 1)
#7 [internal function]: CodeIgniter\Debug\Exceptions->exceptionHandler(Object(Error))
#8 {main}
  thrown
【Previous Exception】
Error
Class "Locale" not found
#0 C:\xampp\htdocs\prospera\system\I18n\TimeTrait.php(117): CodeIgniter\I18n\Time->__construct(NULL, NULL, NULL)
#1 C:\xampp\htdocs\prospera\system\Debug\Toolbar\Collectors\Database.php(196): CodeIgniter\I18n\Time::now()
#2 [internal function]: CodeIgniter\Debug\Toolbar\Collectors\Database::CodeIgniter\Debug\Toolbar\Collectors\{closure}(Array)
#3 C:\xampp\htdocs\prospera\system\Debug\Toolbar\Collectors\Database.php(151): array_map(Object(Closure), Array)
#4 C:\xampp\htdocs\prospera\system\Debug\Toolbar\Collectors\BaseCollector.php(228): CodeIgniter\Debug\Toolbar\Collectors\Database->display()
#5 C:\xampp\htdocs\prospera\system\Debug\Toolbar.php(96): CodeIgniter\Debug\Toolbar\Collectors\BaseCollector->getAsArray()
#6 C:\xampp\htdocs\prospera\system\Debug\Toolbar.php(391): CodeIgniter\Debug\Toolbar->run(1721614775.5779, 0.0807, Object(CodeIgniter\HTTP\IncomingRequest), Object(CodeIgniter\HTTP\Response))
#7 C:\xampp\htdocs\prospera\system\Filters\DebugToolbar.php(43): CodeIgniter\Debug\Toolbar->prepare(Object(CodeIgniter\HTTP\IncomingRequest), Object(CodeIgniter\HTTP\Response))
#8 C:\xampp\htdocs\prospera\system\Filters\Filters.php(241): CodeIgniter\Filters\DebugToolbar->after(Object(CodeIgniter\HTTP\IncomingRequest), Object(CodeIgniter\HTTP\Response), NULL)
#9 C:\xampp\htdocs\prospera\system\Filters\Filters.php(291): CodeIgniter\Filters\Filters->runAfter(Array)
#10 C:\xampp\htdocs\prospera\system\CodeIgniter.php(409): CodeIgniter\Filters\Filters->runRequired('after')
#11 C:\xampp\htdocs\prospera\system\CodeIgniter.php(372): CodeIgniter\CodeIgniter->runRequiredAfterFilters(Object(CodeIgniter\Filters\Filters))
#12 C:\xampp\htdocs\prospera\system\Boot.php(312): CodeIgniter\CodeIgniter->run()
#13 C:\xampp\htdocs\prospera\system\Boot.php(67): CodeIgniter\Boot::runCodeIgniter(Object(CodeIgniter\CodeIgniter))
#14 C:\xampp\htdocs\prospera\public\index.php(56): CodeIgniter\Boot::bootWeb(Object(Config\Paths))
#15 C:\xampp\htdocs\prospera\system\Commands\Server\rewrite.php(49): require_once('C:\\xampp\\htdocs...')
#16 {main}
[Method: GET, Route: /]
in SYSTEMPATH\Helpers\number_helper.php on line 139.
 1 [internal function]: CodeIgniter\Debug\Exceptions->shutdownHandler()
CRITICAL - 2024-07-22 02:19:38 --> Error: Class "Locale" not found
[Method: GET, Route: /]
in SYSTEMPATH\I18n\TimeTrait.php on line 76.
 1 SYSTEMPATH\I18n\TimeTrait.php(117): CodeIgniter\I18n\Time->__construct(null, null, null)
 2 SYSTEMPATH\Debug\Toolbar\Collectors\Database.php(196): CodeIgniter\I18n\Time::now()
 3 [internal function]: CodeIgniter\Debug\Toolbar\Collectors\Database::CodeIgniter\Debug\Toolbar\Collectors\{closure}([...])
 4 SYSTEMPATH\Debug\Toolbar\Collectors\Database.php(151): array_map(Object(Closure), [...])
 5 SYSTEMPATH\Debug\Toolbar\Collectors\BaseCollector.php(228): CodeIgniter\Debug\Toolbar\Collectors\Database->display()
 6 SYSTEMPATH\Debug\Toolbar.php(96): CodeIgniter\Debug\Toolbar\Collectors\BaseCollector->getAsArray()
 7 SYSTEMPATH\Debug\Toolbar.php(391): CodeIgniter\Debug\Toolbar->run(1721614778.761384, 0.0818, Object(CodeIgniter\HTTP\IncomingRequest), Object(CodeIgniter\HTTP\Response))
 8 SYSTEMPATH\Filters\DebugToolbar.php(43): CodeIgniter\Debug\Toolbar->prepare(Object(CodeIgniter\HTTP\IncomingRequest), Object(CodeIgniter\HTTP\Response))
 9 SYSTEMPATH\Filters\Filters.php(241): CodeIgniter\Filters\DebugToolbar->after(Object(CodeIgniter\HTTP\IncomingRequest), Object(CodeIgniter\HTTP\Response), null)
10 SYSTEMPATH\Filters\Filters.php(291): CodeIgniter\Filters\Filters->runAfter([...])
11 SYSTEMPATH\CodeIgniter.php(409): CodeIgniter\Filters\Filters->runRequired('after')
12 SYSTEMPATH\CodeIgniter.php(372): CodeIgniter\CodeIgniter->runRequiredAfterFilters(Object(CodeIgniter\Filters\Filters))
13 SYSTEMPATH\Boot.php(312): CodeIgniter\CodeIgniter->run()
14 SYSTEMPATH\Boot.php(67): CodeIgniter\Boot::runCodeIgniter(Object(CodeIgniter\CodeIgniter))
15 FCPATH\index.php(56): CodeIgniter\Boot::bootWeb(Object(Config\Paths))
16 SYSTEMPATH\Commands\Server\rewrite.php(49): require_once('C:\\xampp\\htdocs\\prospera\\public\\index.php')
CRITICAL - 2024-07-22 02:19:38 --> ErrorException: Uncaught Error: Class "Locale" not found in C:\xampp\htdocs\prospera\system\Helpers\number_helper.php:139
Stack trace:
#0 C:\xampp\htdocs\prospera\system\Helpers\number_helper.php(58): format_number(10.0, 2, NULL, Array)
#1 C:\xampp\htdocs\prospera\system\Debug\BaseExceptionHandler.php(154): number_to_size(10.0, 2)
#2 C:\xampp\htdocs\prospera\app\Views\errors\html\error_exception.php(409): CodeIgniter\Debug\BaseExceptionHandler::describeMemory(10485760)
#3 C:\xampp\htdocs\prospera\system\Debug\BaseExceptionHandler.php(266): include('C:\\xampp\\htdocs...')
#4 C:\xampp\htdocs\prospera\system\Debug\BaseExceptionHandler.php(269): CodeIgniter\Debug\BaseExceptionHandler->CodeIgniter\Debug\{closure}()
#5 C:\xampp\htdocs\prospera\system\Debug\ExceptionHandler.php(114): CodeIgniter\Debug\BaseExceptionHandler->render(Object(Error), 500, 'C:\\xampp\\htdocs...')
#6 C:\xampp\htdocs\prospera\system\Debug\Exceptions.php(163): CodeIgniter\Debug\ExceptionHandler->handle(Object(Error), Object(CodeIgniter\HTTP\IncomingRequest), Object(CodeIgniter\HTTP\Response), 500, 1)
#7 [internal function]: CodeIgniter\Debug\Exceptions->exceptionHandler(Object(Error))
#8 {main}
  thrown
【Previous Exception】
Error
Class "Locale" not found
#0 C:\xampp\htdocs\prospera\system\I18n\TimeTrait.php(117): CodeIgniter\I18n\Time->__construct(NULL, NULL, NULL)
#1 C:\xampp\htdocs\prospera\system\Debug\Toolbar\Collectors\Database.php(196): CodeIgniter\I18n\Time::now()
#2 [internal function]: CodeIgniter\Debug\Toolbar\Collectors\Database::CodeIgniter\Debug\Toolbar\Collectors\{closure}(Array)
#3 C:\xampp\htdocs\prospera\system\Debug\Toolbar\Collectors\Database.php(151): array_map(Object(Closure), Array)
#4 C:\xampp\htdocs\prospera\system\Debug\Toolbar\Collectors\BaseCollector.php(228): CodeIgniter\Debug\Toolbar\Collectors\Database->display()
#5 C:\xampp\htdocs\prospera\system\Debug\Toolbar.php(96): CodeIgniter\Debug\Toolbar\Collectors\BaseCollector->getAsArray()
#6 C:\xampp\htdocs\prospera\system\Debug\Toolbar.php(391): CodeIgniter\Debug\Toolbar->run(1721614778.7614, 0.0818, Object(CodeIgniter\HTTP\IncomingRequest), Object(CodeIgniter\HTTP\Response))
#7 C:\xampp\htdocs\prospera\system\Filters\DebugToolbar.php(43): CodeIgniter\Debug\Toolbar->prepare(Object(CodeIgniter\HTTP\IncomingRequest), Object(CodeIgniter\HTTP\Response))
#8 C:\xampp\htdocs\prospera\system\Filters\Filters.php(241): CodeIgniter\Filters\DebugToolbar->after(Object(CodeIgniter\HTTP\IncomingRequest), Object(CodeIgniter\HTTP\Response), NULL)
#9 C:\xampp\htdocs\prospera\system\Filters\Filters.php(291): CodeIgniter\Filters\Filters->runAfter(Array)
#10 C:\xampp\htdocs\prospera\system\CodeIgniter.php(409): CodeIgniter\Filters\Filters->runRequired('after')
#11 C:\xampp\htdocs\prospera\system\CodeIgniter.php(372): CodeIgniter\CodeIgniter->runRequiredAfterFilters(Object(CodeIgniter\Filters\Filters))
#12 C:\xampp\htdocs\prospera\system\Boot.php(312): CodeIgniter\CodeIgniter->run()
#13 C:\xampp\htdocs\prospera\system\Boot.php(67): CodeIgniter\Boot::runCodeIgniter(Object(CodeIgniter\CodeIgniter))
#14 C:\xampp\htdocs\prospera\public\index.php(56): CodeIgniter\Boot::bootWeb(Object(Config\Paths))
#15 C:\xampp\htdocs\prospera\system\Commands\Server\rewrite.php(49): require_once('C:\\xampp\\htdocs...')
#16 {main}
[Method: GET, Route: /]
in SYSTEMPATH\Helpers\number_helper.php on line 139.
 1 [internal function]: CodeIgniter\Debug\Exceptions->shutdownHandler()
INFO - 2024-07-22 02:52:24 --> Session: Class initialized using 'CodeIgniter\Session\Handlers\FileHandler' driver.
INFO - 2024-07-22 02:52:36 --> Session: Class initialized using 'CodeIgniter\Session\Handlers\FileHandler' driver.
WARNING - 2024-07-22 02:52:37 --> [DEPRECATED] Creation of dynamic property App\Controllers\Data::$dataModel is deprecated in APPPATH\Controllers\Data.php on line 19.
 1 SYSTEMPATH\CodeIgniter.php(903): App\Controllers\Data->__construct()
 2 SYSTEMPATH\CodeIgniter.php(500): CodeIgniter\CodeIgniter->createController()
 3 SYSTEMPATH\CodeIgniter.php(355): CodeIgniter\CodeIgniter->handleRequest(null, Object(Config\Cache), false)
 4 SYSTEMPATH\Boot.php(312): CodeIgniter\CodeIgniter->run()
 5 SYSTEMPATH\Boot.php(67): CodeIgniter\Boot::runCodeIgniter(Object(CodeIgniter\CodeIgniter))
 6 FCPATH\index.php(56): CodeIgniter\Boot::bootWeb(Object(Config\Paths))
 7 SYSTEMPATH\Commands\Server\rewrite.php(49): require_once('C:\\xampp\\htdocs\\prospera\\public\\index.php')
WARNING - 2024-07-22 02:52:37 --> [DEPRECATED] Creation of dynamic property App\Controllers\Data::$desaModel is deprecated in APPPATH\Controllers\Data.php on line 20.
 1 SYSTEMPATH\CodeIgniter.php(903): App\Controllers\Data->__construct()
 2 SYSTEMPATH\CodeIgniter.php(500): CodeIgniter\CodeIgniter->createController()
 3 SYSTEMPATH\CodeIgniter.php(355): CodeIgniter\CodeIgniter->handleRequest(null, Object(Config\Cache), false)
 4 SYSTEMPATH\Boot.php(312): CodeIgniter\CodeIgniter->run()
 5 SYSTEMPATH\Boot.php(67): CodeIgniter\Boot::runCodeIgniter(Object(CodeIgniter\CodeIgniter))
 6 FCPATH\index.php(56): CodeIgniter\Boot::bootWeb(Object(Config\Paths))
 7 SYSTEMPATH\Commands\Server\rewrite.php(49): require_once('C:\\xampp\\htdocs\\prospera\\public\\index.php')
WARNING - 2024-07-22 02:52:37 --> [DEPRECATED] Creation of dynamic property App\Controllers\Data::$kecamatanModel is deprecated in APPPATH\Controllers\Data.php on line 21.
 1 SYSTEMPATH\CodeIgniter.php(903): App\Controllers\Data->__construct()
 2 SYSTEMPATH\CodeIgniter.php(500): CodeIgniter\CodeIgniter->createController()
 3 SYSTEMPATH\CodeIgniter.php(355): CodeIgniter\CodeIgniter->handleRequest(null, Object(Config\Cache), false)
 4 SYSTEMPATH\Boot.php(312): CodeIgniter\CodeIgniter->run()
 5 SYSTEMPATH\Boot.php(67): CodeIgniter\Boot::runCodeIgniter(Object(CodeIgniter\CodeIgniter))
 6 FCPATH\index.php(56): CodeIgniter\Boot::bootWeb(Object(Config\Paths))
 7 SYSTEMPATH\Commands\Server\rewrite.php(49): require_once('C:\\xampp\\htdocs\\prospera\\public\\index.php')
WARNING - 2024-07-22 02:52:37 --> [DEPRECATED] Creation of dynamic property App\Controllers\Data::$quesModel is deprecated in APPPATH\Controllers\Data.php on line 22.
 1 SYSTEMPATH\CodeIgniter.php(903): App\Controllers\Data->__construct()
 2 SYSTEMPATH\CodeIgniter.php(500): CodeIgniter\CodeIgniter->createController()
 3 SYSTEMPATH\CodeIgniter.php(355): CodeIgniter\CodeIgniter->handleRequest(null, Object(Config\Cache), false)
 4 SYSTEMPATH\Boot.php(312): CodeIgniter\CodeIgniter->run()
 5 SYSTEMPATH\Boot.php(67): CodeIgniter\Boot::runCodeIgniter(Object(CodeIgniter\CodeIgniter))
 6 FCPATH\index.php(56): CodeIgniter\Boot::bootWeb(Object(Config\Paths))
 7 SYSTEMPATH\Commands\Server\rewrite.php(49): require_once('C:\\xampp\\htdocs\\prospera\\public\\index.php')
WARNING - 2024-07-22 02:52:37 --> [DEPRECATED] Creation of dynamic property App\Controllers\Data::$slsModel is deprecated in APPPATH\Controllers\Data.php on line 23.
 1 SYSTEMPATH\CodeIgniter.php(903): App\Controllers\Data->__construct()
 2 SYSTEMPATH\CodeIgniter.php(500): CodeIgniter\CodeIgniter->createController()
 3 SYSTEMPATH\CodeIgniter.php(355): CodeIgniter\CodeIgniter->handleRequest(null, Object(Config\Cache), false)
 4 SYSTEMPATH\Boot.php(312): CodeIgniter\CodeIgniter->run()
 5 SYSTEMPATH\Boot.php(67): CodeIgniter\Boot::runCodeIgniter(Object(CodeIgniter\CodeIgniter))
 6 FCPATH\index.php(56): CodeIgniter\Boot::bootWeb(Object(Config\Paths))
 7 SYSTEMPATH\Commands\Server\rewrite.php(49): require_once('C:\\xampp\\htdocs\\prospera\\public\\index.php')
WARNING - 2024-07-22 02:52:37 --> [DEPRECATED] Creation of dynamic property App\Controllers\Data::$uri is deprecated in APPPATH\Controllers\Data.php on line 24.
 1 SYSTEMPATH\CodeIgniter.php(903): App\Controllers\Data->__construct()
 2 SYSTEMPATH\CodeIgniter.php(500): CodeIgniter\CodeIgniter->createController()
 3 SYSTEMPATH\CodeIgniter.php(355): CodeIgniter\CodeIgniter->handleRequest(null, Object(Config\Cache), false)
 4 SYSTEMPATH\Boot.php(312): CodeIgniter\CodeIgniter->run()
 5 SYSTEMPATH\Boot.php(67): CodeIgniter\Boot::runCodeIgniter(Object(CodeIgniter\CodeIgniter))
 6 FCPATH\index.php(56): CodeIgniter\Boot::bootWeb(Object(Config\Paths))
 7 SYSTEMPATH\Commands\Server\rewrite.php(49): require_once('C:\\xampp\\htdocs\\prospera\\public\\index.php')
INFO - 2024-07-22 02:52:37 --> Session: Class initialized using 'CodeIgniter\Session\Handlers\FileHandler' driver.
WARNING - 2024-07-22 02:53:14 --> [DEPRECATED] Creation of dynamic property App\Controllers\Data::$dataModel is deprecated in APPPATH\Controllers\Data.php on line 19.
 1 SYSTEMPATH\CodeIgniter.php(903): App\Controllers\Data->__construct()
 2 SYSTEMPATH\CodeIgniter.php(500): CodeIgniter\CodeIgniter->createController()
 3 SYSTEMPATH\CodeIgniter.php(355): CodeIgniter\CodeIgniter->handleRequest(null, Object(Config\Cache), false)
 4 SYSTEMPATH\Boot.php(312): CodeIgniter\CodeIgniter->run()
 5 SYSTEMPATH\Boot.php(67): CodeIgniter\Boot::runCodeIgniter(Object(CodeIgniter\CodeIgniter))
 6 FCPATH\index.php(56): CodeIgniter\Boot::bootWeb(Object(Config\Paths))
 7 SYSTEMPATH\Commands\Server\rewrite.php(49): require_once('C:\\xampp\\htdocs\\prospera\\public\\index.php')
WARNING - 2024-07-22 02:53:14 --> [DEPRECATED] Creation of dynamic property App\Controllers\Data::$desaModel is deprecated in APPPATH\Controllers\Data.php on line 20.
 1 SYSTEMPATH\CodeIgniter.php(903): App\Controllers\Data->__construct()
 2 SYSTEMPATH\CodeIgniter.php(500): CodeIgniter\CodeIgniter->createController()
 3 SYSTEMPATH\CodeIgniter.php(355): CodeIgniter\CodeIgniter->handleRequest(null, Object(Config\Cache), false)
 4 SYSTEMPATH\Boot.php(312): CodeIgniter\CodeIgniter->run()
 5 SYSTEMPATH\Boot.php(67): CodeIgniter\Boot::runCodeIgniter(Object(CodeIgniter\CodeIgniter))
 6 FCPATH\index.php(56): CodeIgniter\Boot::bootWeb(Object(Config\Paths))
 7 SYSTEMPATH\Commands\Server\rewrite.php(49): require_once('C:\\xampp\\htdocs\\prospera\\public\\index.php')
WARNING - 2024-07-22 02:53:14 --> [DEPRECATED] Creation of dynamic property App\Controllers\Data::$kecamatanModel is deprecated in APPPATH\Controllers\Data.php on line 21.
 1 SYSTEMPATH\CodeIgniter.php(903): App\Controllers\Data->__construct()
 2 SYSTEMPATH\CodeIgniter.php(500): CodeIgniter\CodeIgniter->createController()
 3 SYSTEMPATH\CodeIgniter.php(355): CodeIgniter\CodeIgniter->handleRequest(null, Object(Config\Cache), false)
 4 SYSTEMPATH\Boot.php(312): CodeIgniter\CodeIgniter->run()
 5 SYSTEMPATH\Boot.php(67): CodeIgniter\Boot::runCodeIgniter(Object(CodeIgniter\CodeIgniter))
 6 FCPATH\index.php(56): CodeIgniter\Boot::bootWeb(Object(Config\Paths))
 7 SYSTEMPATH\Commands\Server\rewrite.php(49): require_once('C:\\xampp\\htdocs\\prospera\\public\\index.php')
WARNING - 2024-07-22 02:53:14 --> [DEPRECATED] Creation of dynamic property App\Controllers\Data::$quesModel is deprecated in APPPATH\Controllers\Data.php on line 22.
 1 SYSTEMPATH\CodeIgniter.php(903): App\Controllers\Data->__construct()
 2 SYSTEMPATH\CodeIgniter.php(500): CodeIgniter\CodeIgniter->createController()
 3 SYSTEMPATH\CodeIgniter.php(355): CodeIgniter\CodeIgniter->handleRequest(null, Object(Config\Cache), false)
 4 SYSTEMPATH\Boot.php(312): CodeIgniter\CodeIgniter->run()
 5 SYSTEMPATH\Boot.php(67): CodeIgniter\Boot::runCodeIgniter(Object(CodeIgniter\CodeIgniter))
 6 FCPATH\index.php(56): CodeIgniter\Boot::bootWeb(Object(Config\Paths))
 7 SYSTEMPATH\Commands\Server\rewrite.php(49): require_once('C:\\xampp\\htdocs\\prospera\\public\\index.php')
WARNING - 2024-07-22 02:53:14 --> [DEPRECATED] Creation of dynamic property App\Controllers\Data::$slsModel is deprecated in APPPATH\Controllers\Data.php on line 23.
 1 SYSTEMPATH\CodeIgniter.php(903): App\Controllers\Data->__construct()
 2 SYSTEMPATH\CodeIgniter.php(500): CodeIgniter\CodeIgniter->createController()
 3 SYSTEMPATH\CodeIgniter.php(355): CodeIgniter\CodeIgniter->handleRequest(null, Object(Config\Cache), false)
 4 SYSTEMPATH\Boot.php(312): CodeIgniter\CodeIgniter->run()
 5 SYSTEMPATH\Boot.php(67): CodeIgniter\Boot::runCodeIgniter(Object(CodeIgniter\CodeIgniter))
 6 FCPATH\index.php(56): CodeIgniter\Boot::bootWeb(Object(Config\Paths))
 7 SYSTEMPATH\Commands\Server\rewrite.php(49): require_once('C:\\xampp\\htdocs\\prospera\\public\\index.php')
WARNING - 2024-07-22 02:53:14 --> [DEPRECATED] Creation of dynamic property App\Controllers\Data::$uri is deprecated in APPPATH\Controllers\Data.php on line 24.
 1 SYSTEMPATH\CodeIgniter.php(903): App\Controllers\Data->__construct()
 2 SYSTEMPATH\CodeIgniter.php(500): CodeIgniter\CodeIgniter->createController()
 3 SYSTEMPATH\CodeIgniter.php(355): CodeIgniter\CodeIgniter->handleRequest(null, Object(Config\Cache), false)
 4 SYSTEMPATH\Boot.php(312): CodeIgniter\CodeIgniter->run()
 5 SYSTEMPATH\Boot.php(67): CodeIgniter\Boot::runCodeIgniter(Object(CodeIgniter\CodeIgniter))
 6 FCPATH\index.php(56): CodeIgniter\Boot::bootWeb(Object(Config\Paths))
 7 SYSTEMPATH\Commands\Server\rewrite.php(49): require_once('C:\\xampp\\htdocs\\prospera\\public\\index.php')
INFO - 2024-07-22 02:53:14 --> Session: Class initialized using 'CodeIgniter\Session\Handlers\FileHandler' driver.
WARNING - 2024-07-22 02:53:14 --> [DEPRECATED] Creation of dynamic property App\Controllers\Data::$dataModel is deprecated in APPPATH\Controllers\Data.php on line 19.
 1 SYSTEMPATH\CodeIgniter.php(903): App\Controllers\Data->__construct()
 2 SYSTEMPATH\CodeIgniter.php(500): CodeIgniter\CodeIgniter->createController()
 3 SYSTEMPATH\CodeIgniter.php(355): CodeIgniter\CodeIgniter->handleRequest(null, Object(Config\Cache), false)
 4 SYSTEMPATH\Boot.php(312): CodeIgniter\CodeIgniter->run()
 5 SYSTEMPATH\Boot.php(67): CodeIgniter\Boot::runCodeIgniter(Object(CodeIgniter\CodeIgniter))
 6 FCPATH\index.php(56): CodeIgniter\Boot::bootWeb(Object(Config\Paths))
 7 SYSTEMPATH\Commands\Server\rewrite.php(49): require_once('C:\\xampp\\htdocs\\prospera\\public\\index.php')
WARNING - 2024-07-22 02:53:14 --> [DEPRECATED] Creation of dynamic property App\Controllers\Data::$desaModel is deprecated in APPPATH\Controllers\Data.php on line 20.
 1 SYSTEMPATH\CodeIgniter.php(903): App\Controllers\Data->__construct()
 2 SYSTEMPATH\CodeIgniter.php(500): CodeIgniter\CodeIgniter->createController()
 3 SYSTEMPATH\CodeIgniter.php(355): CodeIgniter\CodeIgniter->handleRequest(null, Object(Config\Cache), false)
 4 SYSTEMPATH\Boot.php(312): CodeIgniter\CodeIgniter->run()
 5 SYSTEMPATH\Boot.php(67): CodeIgniter\Boot::runCodeIgniter(Object(CodeIgniter\CodeIgniter))
 6 FCPATH\index.php(56): CodeIgniter\Boot::bootWeb(Object(Config\Paths))
 7 SYSTEMPATH\Commands\Server\rewrite.php(49): require_once('C:\\xampp\\htdocs\\prospera\\public\\index.php')
WARNING - 2024-07-22 02:53:14 --> [DEPRECATED] Creation of dynamic property App\Controllers\Data::$kecamatanModel is deprecated in APPPATH\Controllers\Data.php on line 21.
 1 SYSTEMPATH\CodeIgniter.php(903): App\Controllers\Data->__construct()
 2 SYSTEMPATH\CodeIgniter.php(500): CodeIgniter\CodeIgniter->createController()
 3 SYSTEMPATH\CodeIgniter.php(355): CodeIgniter\CodeIgniter->handleRequest(null, Object(Config\Cache), false)
 4 SYSTEMPATH\Boot.php(312): CodeIgniter\CodeIgniter->run()
 5 SYSTEMPATH\Boot.php(67): CodeIgniter\Boot::runCodeIgniter(Object(CodeIgniter\CodeIgniter))
 6 FCPATH\index.php(56): CodeIgniter\Boot::bootWeb(Object(Config\Paths))
 7 SYSTEMPATH\Commands\Server\rewrite.php(49): require_once('C:\\xampp\\htdocs\\prospera\\public\\index.php')
WARNING - 2024-07-22 02:53:14 --> [DEPRECATED] Creation of dynamic property App\Controllers\Data::$quesModel is deprecated in APPPATH\Controllers\Data.php on line 22.
 1 SYSTEMPATH\CodeIgniter.php(903): App\Controllers\Data->__construct()
 2 SYSTEMPATH\CodeIgniter.php(500): CodeIgniter\CodeIgniter->createController()
 3 SYSTEMPATH\CodeIgniter.php(355): CodeIgniter\CodeIgniter->handleRequest(null, Object(Config\Cache), false)
 4 SYSTEMPATH\Boot.php(312): CodeIgniter\CodeIgniter->run()
 5 SYSTEMPATH\Boot.php(67): CodeIgniter\Boot::runCodeIgniter(Object(CodeIgniter\CodeIgniter))
 6 FCPATH\index.php(56): CodeIgniter\Boot::bootWeb(Object(Config\Paths))
 7 SYSTEMPATH\Commands\Server\rewrite.php(49): require_once('C:\\xampp\\htdocs\\prospera\\public\\index.php')
WARNING - 2024-07-22 02:53:14 --> [DEPRECATED] Creation of dynamic property App\Controllers\Data::$slsModel is deprecated in APPPATH\Controllers\Data.php on line 23.
 1 SYSTEMPATH\CodeIgniter.php(903): App\Controllers\Data->__construct()
 2 SYSTEMPATH\CodeIgniter.php(500): CodeIgniter\CodeIgniter->createController()
 3 SYSTEMPATH\CodeIgniter.php(355): CodeIgniter\CodeIgniter->handleRequest(null, Object(Config\Cache), false)
 4 SYSTEMPATH\Boot.php(312): CodeIgniter\CodeIgniter->run()
 5 SYSTEMPATH\Boot.php(67): CodeIgniter\Boot::runCodeIgniter(Object(CodeIgniter\CodeIgniter))
 6 FCPATH\index.php(56): CodeIgniter\Boot::bootWeb(Object(Config\Paths))
 7 SYSTEMPATH\Commands\Server\rewrite.php(49): require_once('C:\\xampp\\htdocs\\prospera\\public\\index.php')
WARNING - 2024-07-22 02:53:14 --> [DEPRECATED] Creation of dynamic property App\Controllers\Data::$uri is deprecated in APPPATH\Controllers\Data.php on line 24.
 1 SYSTEMPATH\CodeIgniter.php(903): App\Controllers\Data->__construct()
 2 SYSTEMPATH\CodeIgniter.php(500): CodeIgniter\CodeIgniter->createController()
 3 SYSTEMPATH\CodeIgniter.php(355): CodeIgniter\CodeIgniter->handleRequest(null, Object(Config\Cache), false)
 4 SYSTEMPATH\Boot.php(312): CodeIgniter\CodeIgniter->run()
 5 SYSTEMPATH\Boot.php(67): CodeIgniter\Boot::runCodeIgniter(Object(CodeIgniter\CodeIgniter))
 6 FCPATH\index.php(56): CodeIgniter\Boot::bootWeb(Object(Config\Paths))
 7 SYSTEMPATH\Commands\Server\rewrite.php(49): require_once('C:\\xampp\\htdocs\\prospera\\public\\index.php')
INFO - 2024-07-22 02:53:14 --> Session: Class initialized using 'CodeIgniter\Session\Handlers\FileHandler' driver.
WARNING - 2024-07-22 02:53:53 --> [DEPRECATED] Creation of dynamic property App\Controllers\Data::$dataModel is deprecated in APPPATH\Controllers\Data.php on line 19.
 1 SYSTEMPATH\CodeIgniter.php(903): App\Controllers\Data->__construct()
 2 SYSTEMPATH\CodeIgniter.php(500): CodeIgniter\CodeIgniter->createController()
 3 SYSTEMPATH\CodeIgniter.php(355): CodeIgniter\CodeIgniter->handleRequest(null, Object(Config\Cache), false)
 4 SYSTEMPATH\Boot.php(312): CodeIgniter\CodeIgniter->run()
 5 SYSTEMPATH\Boot.php(67): CodeIgniter\Boot::runCodeIgniter(Object(CodeIgniter\CodeIgniter))
 6 FCPATH\index.php(56): CodeIgniter\Boot::bootWeb(Object(Config\Paths))
 7 SYSTEMPATH\Commands\Server\rewrite.php(49): require_once('C:\\xampp\\htdocs\\prospera\\public\\index.php')
WARNING - 2024-07-22 02:53:53 --> [DEPRECATED] Creation of dynamic property App\Controllers\Data::$desaModel is deprecated in APPPATH\Controllers\Data.php on line 20.
 1 SYSTEMPATH\CodeIgniter.php(903): App\Controllers\Data->__construct()
 2 SYSTEMPATH\CodeIgniter.php(500): CodeIgniter\CodeIgniter->createController()
 3 SYSTEMPATH\CodeIgniter.php(355): CodeIgniter\CodeIgniter->handleRequest(null, Object(Config\Cache), false)
 4 SYSTEMPATH\Boot.php(312): CodeIgniter\CodeIgniter->run()
 5 SYSTEMPATH\Boot.php(67): CodeIgniter\Boot::runCodeIgniter(Object(CodeIgniter\CodeIgniter))
 6 FCPATH\index.php(56): CodeIgniter\Boot::bootWeb(Object(Config\Paths))
 7 SYSTEMPATH\Commands\Server\rewrite.php(49): require_once('C:\\xampp\\htdocs\\prospera\\public\\index.php')
WARNING - 2024-07-22 02:53:53 --> [DEPRECATED] Creation of dynamic property App\Controllers\Data::$kecamatanModel is deprecated in APPPATH\Controllers\Data.php on line 21.
 1 SYSTEMPATH\CodeIgniter.php(903): App\Controllers\Data->__construct()
 2 SYSTEMPATH\CodeIgniter.php(500): CodeIgniter\CodeIgniter->createController()
 3 SYSTEMPATH\CodeIgniter.php(355): CodeIgniter\CodeIgniter->handleRequest(null, Object(Config\Cache), false)
 4 SYSTEMPATH\Boot.php(312): CodeIgniter\CodeIgniter->run()
 5 SYSTEMPATH\Boot.php(67): CodeIgniter\Boot::runCodeIgniter(Object(CodeIgniter\CodeIgniter))
 6 FCPATH\index.php(56): CodeIgniter\Boot::bootWeb(Object(Config\Paths))
 7 SYSTEMPATH\Commands\Server\rewrite.php(49): require_once('C:\\xampp\\htdocs\\prospera\\public\\index.php')
WARNING - 2024-07-22 02:53:53 --> [DEPRECATED] Creation of dynamic property App\Controllers\Data::$quesModel is deprecated in APPPATH\Controllers\Data.php on line 22.
 1 SYSTEMPATH\CodeIgniter.php(903): App\Controllers\Data->__construct()
 2 SYSTEMPATH\CodeIgniter.php(500): CodeIgniter\CodeIgniter->createController()
 3 SYSTEMPATH\CodeIgniter.php(355): CodeIgniter\CodeIgniter->handleRequest(null, Object(Config\Cache), false)
 4 SYSTEMPATH\Boot.php(312): CodeIgniter\CodeIgniter->run()
 5 SYSTEMPATH\Boot.php(67): CodeIgniter\Boot::runCodeIgniter(Object(CodeIgniter\CodeIgniter))
 6 FCPATH\index.php(56): CodeIgniter\Boot::bootWeb(Object(Config\Paths))
 7 SYSTEMPATH\Commands\Server\rewrite.php(49): require_once('C:\\xampp\\htdocs\\prospera\\public\\index.php')
WARNING - 2024-07-22 02:53:53 --> [DEPRECATED] Creation of dynamic property App\Controllers\Data::$slsModel is deprecated in APPPATH\Controllers\Data.php on line 23.
 1 SYSTEMPATH\CodeIgniter.php(903): App\Controllers\Data->__construct()
 2 SYSTEMPATH\CodeIgniter.php(500): CodeIgniter\CodeIgniter->createController()
 3 SYSTEMPATH\CodeIgniter.php(355): CodeIgniter\CodeIgniter->handleRequest(null, Object(Config\Cache), false)
 4 SYSTEMPATH\Boot.php(312): CodeIgniter\CodeIgniter->run()
 5 SYSTEMPATH\Boot.php(67): CodeIgniter\Boot::runCodeIgniter(Object(CodeIgniter\CodeIgniter))
 6 FCPATH\index.php(56): CodeIgniter\Boot::bootWeb(Object(Config\Paths))
 7 SYSTEMPATH\Commands\Server\rewrite.php(49): require_once('C:\\xampp\\htdocs\\prospera\\public\\index.php')
WARNING - 2024-07-22 02:53:53 --> [DEPRECATED] Creation of dynamic property App\Controllers\Data::$uri is deprecated in APPPATH\Controllers\Data.php on line 24.
 1 SYSTEMPATH\CodeIgniter.php(903): App\Controllers\Data->__construct()
 2 SYSTEMPATH\CodeIgniter.php(500): CodeIgniter\CodeIgniter->createController()
 3 SYSTEMPATH\CodeIgniter.php(355): CodeIgniter\CodeIgniter->handleRequest(null, Object(Config\Cache), false)
 4 SYSTEMPATH\Boot.php(312): CodeIgniter\CodeIgniter->run()
 5 SYSTEMPATH\Boot.php(67): CodeIgniter\Boot::runCodeIgniter(Object(CodeIgniter\CodeIgniter))
 6 FCPATH\index.php(56): CodeIgniter\Boot::bootWeb(Object(Config\Paths))
 7 SYSTEMPATH\Commands\Server\rewrite.php(49): require_once('C:\\xampp\\htdocs\\prospera\\public\\index.php')
INFO - 2024-07-22 02:53:53 --> Session: Class initialized using 'CodeIgniter\Session\Handlers\FileHandler' driver.
WARNING - 2024-07-22 02:54:00 --> [DEPRECATED] Creation of dynamic property App\Controllers\Data::$dataModel is deprecated in APPPATH\Controllers\Data.php on line 19.
 1 SYSTEMPATH\CodeIgniter.php(903): App\Controllers\Data->__construct()
 2 SYSTEMPATH\CodeIgniter.php(500): CodeIgniter\CodeIgniter->createController()
 3 SYSTEMPATH\CodeIgniter.php(355): CodeIgniter\CodeIgniter->handleRequest(null, Object(Config\Cache), false)
 4 SYSTEMPATH\Boot.php(312): CodeIgniter\CodeIgniter->run()
 5 SYSTEMPATH\Boot.php(67): CodeIgniter\Boot::runCodeIgniter(Object(CodeIgniter\CodeIgniter))
 6 FCPATH\index.php(56): CodeIgniter\Boot::bootWeb(Object(Config\Paths))
 7 SYSTEMPATH\Commands\Server\rewrite.php(49): require_once('C:\\xampp\\htdocs\\prospera\\public\\index.php')
WARNING - 2024-07-22 02:54:00 --> [DEPRECATED] Creation of dynamic property App\Controllers\Data::$desaModel is deprecated in APPPATH\Controllers\Data.php on line 20.
 1 SYSTEMPATH\CodeIgniter.php(903): App\Controllers\Data->__construct()
 2 SYSTEMPATH\CodeIgniter.php(500): CodeIgniter\CodeIgniter->createController()
 3 SYSTEMPATH\CodeIgniter.php(355): CodeIgniter\CodeIgniter->handleRequest(null, Object(Config\Cache), false)
 4 SYSTEMPATH\Boot.php(312): CodeIgniter\CodeIgniter->run()
 5 SYSTEMPATH\Boot.php(67): CodeIgniter\Boot::runCodeIgniter(Object(CodeIgniter\CodeIgniter))
 6 FCPATH\index.php(56): CodeIgniter\Boot::bootWeb(Object(Config\Paths))
 7 SYSTEMPATH\Commands\Server\rewrite.php(49): require_once('C:\\xampp\\htdocs\\prospera\\public\\index.php')
WARNING - 2024-07-22 02:54:00 --> [DEPRECATED] Creation of dynamic property App\Controllers\Data::$kecamatanModel is deprecated in APPPATH\Controllers\Data.php on line 21.
 1 SYSTEMPATH\CodeIgniter.php(903): App\Controllers\Data->__construct()
 2 SYSTEMPATH\CodeIgniter.php(500): CodeIgniter\CodeIgniter->createController()
 3 SYSTEMPATH\CodeIgniter.php(355): CodeIgniter\CodeIgniter->handleRequest(null, Object(Config\Cache), false)
 4 SYSTEMPATH\Boot.php(312): CodeIgniter\CodeIgniter->run()
 5 SYSTEMPATH\Boot.php(67): CodeIgniter\Boot::runCodeIgniter(Object(CodeIgniter\CodeIgniter))
 6 FCPATH\index.php(56): CodeIgniter\Boot::bootWeb(Object(Config\Paths))
 7 SYSTEMPATH\Commands\Server\rewrite.php(49): require_once('C:\\xampp\\htdocs\\prospera\\public\\index.php')
WARNING - 2024-07-22 02:54:00 --> [DEPRECATED] Creation of dynamic property App\Controllers\Data::$quesModel is deprecated in APPPATH\Controllers\Data.php on line 22.
 1 SYSTEMPATH\CodeIgniter.php(903): App\Controllers\Data->__construct()
 2 SYSTEMPATH\CodeIgniter.php(500): CodeIgniter\CodeIgniter->createController()
 3 SYSTEMPATH\CodeIgniter.php(355): CodeIgniter\CodeIgniter->handleRequest(null, Object(Config\Cache), false)
 4 SYSTEMPATH\Boot.php(312): CodeIgniter\CodeIgniter->run()
 5 SYSTEMPATH\Boot.php(67): CodeIgniter\Boot::runCodeIgniter(Object(CodeIgniter\CodeIgniter))
 6 FCPATH\index.php(56): CodeIgniter\Boot::bootWeb(Object(Config\Paths))
 7 SYSTEMPATH\Commands\Server\rewrite.php(49): require_once('C:\\xampp\\htdocs\\prospera\\public\\index.php')
WARNING - 2024-07-22 02:54:00 --> [DEPRECATED] Creation of dynamic property App\Controllers\Data::$slsModel is deprecated in APPPATH\Controllers\Data.php on line 23.
 1 SYSTEMPATH\CodeIgniter.php(903): App\Controllers\Data->__construct()
 2 SYSTEMPATH\CodeIgniter.php(500): CodeIgniter\CodeIgniter->createController()
 3 SYSTEMPATH\CodeIgniter.php(355): CodeIgniter\CodeIgniter->handleRequest(null, Object(Config\Cache), false)
 4 SYSTEMPATH\Boot.php(312): CodeIgniter\CodeIgniter->run()
 5 SYSTEMPATH\Boot.php(67): CodeIgniter\Boot::runCodeIgniter(Object(CodeIgniter\CodeIgniter))
 6 FCPATH\index.php(56): CodeIgniter\Boot::bootWeb(Object(Config\Paths))
 7 SYSTEMPATH\Commands\Server\rewrite.php(49): require_once('C:\\xampp\\htdocs\\prospera\\public\\index.php')
WARNING - 2024-07-22 02:54:00 --> [DEPRECATED] Creation of dynamic property App\Controllers\Data::$uri is deprecated in APPPATH\Controllers\Data.php on line 24.
 1 SYSTEMPATH\CodeIgniter.php(903): App\Controllers\Data->__construct()
 2 SYSTEMPATH\CodeIgniter.php(500): CodeIgniter\CodeIgniter->createController()
 3 SYSTEMPATH\CodeIgniter.php(355): CodeIgniter\CodeIgniter->handleRequest(null, Object(Config\Cache), false)
 4 SYSTEMPATH\Boot.php(312): CodeIgniter\CodeIgniter->run()
 5 SYSTEMPATH\Boot.php(67): CodeIgniter\Boot::runCodeIgniter(Object(CodeIgniter\CodeIgniter))
 6 FCPATH\index.php(56): CodeIgniter\Boot::bootWeb(Object(Config\Paths))
 7 SYSTEMPATH\Commands\Server\rewrite.php(49): require_once('C:\\xampp\\htdocs\\prospera\\public\\index.php')
INFO - 2024-07-22 02:54:00 --> Session: Class initialized using 'CodeIgniter\Session\Handlers\FileHandler' driver.
WARNING - 2024-07-22 02:54:09 --> [DEPRECATED] Creation of dynamic property App\Controllers\Data::$dataModel is deprecated in APPPATH\Controllers\Data.php on line 19.
 1 SYSTEMPATH\CodeIgniter.php(903): App\Controllers\Data->__construct()
 2 SYSTEMPATH\CodeIgniter.php(500): CodeIgniter\CodeIgniter->createController()
 3 SYSTEMPATH\CodeIgniter.php(355): CodeIgniter\CodeIgniter->handleRequest(null, Object(Config\Cache), false)
 4 SYSTEMPATH\Boot.php(312): CodeIgniter\CodeIgniter->run()
 5 SYSTEMPATH\Boot.php(67): CodeIgniter\Boot::runCodeIgniter(Object(CodeIgniter\CodeIgniter))
 6 FCPATH\index.php(56): CodeIgniter\Boot::bootWeb(Object(Config\Paths))
 7 SYSTEMPATH\Commands\Server\rewrite.php(49): require_once('C:\\xampp\\htdocs\\prospera\\public\\index.php')
WARNING - 2024-07-22 02:54:09 --> [DEPRECATED] Creation of dynamic property App\Controllers\Data::$desaModel is deprecated in APPPATH\Controllers\Data.php on line 20.
 1 SYSTEMPATH\CodeIgniter.php(903): App\Controllers\Data->__construct()
 2 SYSTEMPATH\CodeIgniter.php(500): CodeIgniter\CodeIgniter->createController()
 3 SYSTEMPATH\CodeIgniter.php(355): CodeIgniter\CodeIgniter->handleRequest(null, Object(Config\Cache), false)
 4 SYSTEMPATH\Boot.php(312): CodeIgniter\CodeIgniter->run()
 5 SYSTEMPATH\Boot.php(67): CodeIgniter\Boot::runCodeIgniter(Object(CodeIgniter\CodeIgniter))
 6 FCPATH\index.php(56): CodeIgniter\Boot::bootWeb(Object(Config\Paths))
 7 SYSTEMPATH\Commands\Server\rewrite.php(49): require_once('C:\\xampp\\htdocs\\prospera\\public\\index.php')
WARNING - 2024-07-22 02:54:09 --> [DEPRECATED] Creation of dynamic property App\Controllers\Data::$kecamatanModel is deprecated in APPPATH\Controllers\Data.php on line 21.
 1 SYSTEMPATH\CodeIgniter.php(903): App\Controllers\Data->__construct()
 2 SYSTEMPATH\CodeIgniter.php(500): CodeIgniter\CodeIgniter->createController()
 3 SYSTEMPATH\CodeIgniter.php(355): CodeIgniter\CodeIgniter->handleRequest(null, Object(Config\Cache), false)
 4 SYSTEMPATH\Boot.php(312): CodeIgniter\CodeIgniter->run()
 5 SYSTEMPATH\Boot.php(67): CodeIgniter\Boot::runCodeIgniter(Object(CodeIgniter\CodeIgniter))
 6 FCPATH\index.php(56): CodeIgniter\Boot::bootWeb(Object(Config\Paths))
 7 SYSTEMPATH\Commands\Server\rewrite.php(49): require_once('C:\\xampp\\htdocs\\prospera\\public\\index.php')
WARNING - 2024-07-22 02:54:09 --> [DEPRECATED] Creation of dynamic property App\Controllers\Data::$quesModel is deprecated in APPPATH\Controllers\Data.php on line 22.
 1 SYSTEMPATH\CodeIgniter.php(903): App\Controllers\Data->__construct()
 2 SYSTEMPATH\CodeIgniter.php(500): CodeIgniter\CodeIgniter->createController()
 3 SYSTEMPATH\CodeIgniter.php(355): CodeIgniter\CodeIgniter->handleRequest(null, Object(Config\Cache), false)
 4 SYSTEMPATH\Boot.php(312): CodeIgniter\CodeIgniter->run()
 5 SYSTEMPATH\Boot.php(67): CodeIgniter\Boot::runCodeIgniter(Object(CodeIgniter\CodeIgniter))
 6 FCPATH\index.php(56): CodeIgniter\Boot::bootWeb(Object(Config\Paths))
 7 SYSTEMPATH\Commands\Server\rewrite.php(49): require_once('C:\\xampp\\htdocs\\prospera\\public\\index.php')
WARNING - 2024-07-22 02:54:09 --> [DEPRECATED] Creation of dynamic property App\Controllers\Data::$slsModel is deprecated in APPPATH\Controllers\Data.php on line 23.
 1 SYSTEMPATH\CodeIgniter.php(903): App\Controllers\Data->__construct()
 2 SYSTEMPATH\CodeIgniter.php(500): CodeIgniter\CodeIgniter->createController()
 3 SYSTEMPATH\CodeIgniter.php(355): CodeIgniter\CodeIgniter->handleRequest(null, Object(Config\Cache), false)
 4 SYSTEMPATH\Boot.php(312): CodeIgniter\CodeIgniter->run()
 5 SYSTEMPATH\Boot.php(67): CodeIgniter\Boot::runCodeIgniter(Object(CodeIgniter\CodeIgniter))
 6 FCPATH\index.php(56): CodeIgniter\Boot::bootWeb(Object(Config\Paths))
 7 SYSTEMPATH\Commands\Server\rewrite.php(49): require_once('C:\\xampp\\htdocs\\prospera\\public\\index.php')
WARNING - 2024-07-22 02:54:09 --> [DEPRECATED] Creation of dynamic property App\Controllers\Data::$uri is deprecated in APPPATH\Controllers\Data.php on line 24.
 1 SYSTEMPATH\CodeIgniter.php(903): App\Controllers\Data->__construct()
 2 SYSTEMPATH\CodeIgniter.php(500): CodeIgniter\CodeIgniter->createController()
 3 SYSTEMPATH\CodeIgniter.php(355): CodeIgniter\CodeIgniter->handleRequest(null, Object(Config\Cache), false)
 4 SYSTEMPATH\Boot.php(312): CodeIgniter\CodeIgniter->run()
 5 SYSTEMPATH\Boot.php(67): CodeIgniter\Boot::runCodeIgniter(Object(CodeIgniter\CodeIgniter))
 6 FCPATH\index.php(56): CodeIgniter\Boot::bootWeb(Object(Config\Paths))
 7 SYSTEMPATH\Commands\Server\rewrite.php(49): require_once('C:\\xampp\\htdocs\\prospera\\public\\index.php')
INFO - 2024-07-22 02:54:09 --> Session: Class initialized using 'CodeIgniter\Session\Handlers\FileHandler' driver.
WARNING - 2024-07-22 02:54:24 --> [DEPRECATED] Creation of dynamic property App\Controllers\Data::$dataModel is deprecated in APPPATH\Controllers\Data.php on line 19.
 1 SYSTEMPATH\CodeIgniter.php(903): App\Controllers\Data->__construct()
 2 SYSTEMPATH\CodeIgniter.php(500): CodeIgniter\CodeIgniter->createController()
 3 SYSTEMPATH\CodeIgniter.php(355): CodeIgniter\CodeIgniter->handleRequest(null, Object(Config\Cache), false)
 4 SYSTEMPATH\Boot.php(312): CodeIgniter\CodeIgniter->run()
 5 SYSTEMPATH\Boot.php(67): CodeIgniter\Boot::runCodeIgniter(Object(CodeIgniter\CodeIgniter))
 6 FCPATH\index.php(56): CodeIgniter\Boot::bootWeb(Object(Config\Paths))
 7 SYSTEMPATH\Commands\Server\rewrite.php(49): require_once('C:\\xampp\\htdocs\\prospera\\public\\index.php')
WARNING - 2024-07-22 02:54:24 --> [DEPRECATED] Creation of dynamic property App\Controllers\Data::$desaModel is deprecated in APPPATH\Controllers\Data.php on line 20.
 1 SYSTEMPATH\CodeIgniter.php(903): App\Controllers\Data->__construct()
 2 SYSTEMPATH\CodeIgniter.php(500): CodeIgniter\CodeIgniter->createController()
 3 SYSTEMPATH\CodeIgniter.php(355): CodeIgniter\CodeIgniter->handleRequest(null, Object(Config\Cache), false)
 4 SYSTEMPATH\Boot.php(312): CodeIgniter\CodeIgniter->run()
 5 SYSTEMPATH\Boot.php(67): CodeIgniter\Boot::runCodeIgniter(Object(CodeIgniter\CodeIgniter))
 6 FCPATH\index.php(56): CodeIgniter\Boot::bootWeb(Object(Config\Paths))
 7 SYSTEMPATH\Commands\Server\rewrite.php(49): require_once('C:\\xampp\\htdocs\\prospera\\public\\index.php')
WARNING - 2024-07-22 02:54:24 --> [DEPRECATED] Creation of dynamic property App\Controllers\Data::$kecamatanModel is deprecated in APPPATH\Controllers\Data.php on line 21.
 1 SYSTEMPATH\CodeIgniter.php(903): App\Controllers\Data->__construct()
 2 SYSTEMPATH\CodeIgniter.php(500): CodeIgniter\CodeIgniter->createController()
 3 SYSTEMPATH\CodeIgniter.php(355): CodeIgniter\CodeIgniter->handleRequest(null, Object(Config\Cache), false)
 4 SYSTEMPATH\Boot.php(312): CodeIgniter\CodeIgniter->run()
 5 SYSTEMPATH\Boot.php(67): CodeIgniter\Boot::runCodeIgniter(Object(CodeIgniter\CodeIgniter))
 6 FCPATH\index.php(56): CodeIgniter\Boot::bootWeb(Object(Config\Paths))
 7 SYSTEMPATH\Commands\Server\rewrite.php(49): require_once('C:\\xampp\\htdocs\\prospera\\public\\index.php')
WARNING - 2024-07-22 02:54:24 --> [DEPRECATED] Creation of dynamic property App\Controllers\Data::$quesModel is deprecated in APPPATH\Controllers\Data.php on line 22.
 1 SYSTEMPATH\CodeIgniter.php(903): App\Controllers\Data->__construct()
 2 SYSTEMPATH\CodeIgniter.php(500): CodeIgniter\CodeIgniter->createController()
 3 SYSTEMPATH\CodeIgniter.php(355): CodeIgniter\CodeIgniter->handleRequest(null, Object(Config\Cache), false)
 4 SYSTEMPATH\Boot.php(312): CodeIgniter\CodeIgniter->run()
 5 SYSTEMPATH\Boot.php(67): CodeIgniter\Boot::runCodeIgniter(Object(CodeIgniter\CodeIgniter))
 6 FCPATH\index.php(56): CodeIgniter\Boot::bootWeb(Object(Config\Paths))
 7 SYSTEMPATH\Commands\Server\rewrite.php(49): require_once('C:\\xampp\\htdocs\\prospera\\public\\index.php')
WARNING - 2024-07-22 02:54:24 --> [DEPRECATED] Creation of dynamic property App\Controllers\Data::$slsModel is deprecated in APPPATH\Controllers\Data.php on line 23.
 1 SYSTEMPATH\CodeIgniter.php(903): App\Controllers\Data->__construct()
 2 SYSTEMPATH\CodeIgniter.php(500): CodeIgniter\CodeIgniter->createController()
 3 SYSTEMPATH\CodeIgniter.php(355): CodeIgniter\CodeIgniter->handleRequest(null, Object(Config\Cache), false)
 4 SYSTEMPATH\Boot.php(312): CodeIgniter\CodeIgniter->run()
 5 SYSTEMPATH\Boot.php(67): CodeIgniter\Boot::runCodeIgniter(Object(CodeIgniter\CodeIgniter))
 6 FCPATH\index.php(56): CodeIgniter\Boot::bootWeb(Object(Config\Paths))
 7 SYSTEMPATH\Commands\Server\rewrite.php(49): require_once('C:\\xampp\\htdocs\\prospera\\public\\index.php')
WARNING - 2024-07-22 02:54:24 --> [DEPRECATED] Creation of dynamic property App\Controllers\Data::$uri is deprecated in APPPATH\Controllers\Data.php on line 24.
 1 SYSTEMPATH\CodeIgniter.php(903): App\Controllers\Data->__construct()
 2 SYSTEMPATH\CodeIgniter.php(500): CodeIgniter\CodeIgniter->createController()
 3 SYSTEMPATH\CodeIgniter.php(355): CodeIgniter\CodeIgniter->handleRequest(null, Object(Config\Cache), false)
 4 SYSTEMPATH\Boot.php(312): CodeIgniter\CodeIgniter->run()
 5 SYSTEMPATH\Boot.php(67): CodeIgniter\Boot::runCodeIgniter(Object(CodeIgniter\CodeIgniter))
 6 FCPATH\index.php(56): CodeIgniter\Boot::bootWeb(Object(Config\Paths))
 7 SYSTEMPATH\Commands\Server\rewrite.php(49): require_once('C:\\xampp\\htdocs\\prospera\\public\\index.php')
INFO - 2024-07-22 02:54:24 --> Session: Class initialized using 'CodeIgniter\Session\Handlers\FileHandler' driver.
WARNING - 2024-07-22 02:55:46 --> [DEPRECATED] Creation of dynamic property App\Controllers\Data::$dataModel is deprecated in APPPATH\Controllers\Data.php on line 19.
 1 SYSTEMPATH\CodeIgniter.php(903): App\Controllers\Data->__construct()
 2 SYSTEMPATH\CodeIgniter.php(500): CodeIgniter\CodeIgniter->createController()
 3 SYSTEMPATH\CodeIgniter.php(355): CodeIgniter\CodeIgniter->handleRequest(null, Object(Config\Cache), false)
 4 SYSTEMPATH\Boot.php(312): CodeIgniter\CodeIgniter->run()
 5 SYSTEMPATH\Boot.php(67): CodeIgniter\Boot::runCodeIgniter(Object(CodeIgniter\CodeIgniter))
 6 FCPATH\index.php(56): CodeIgniter\Boot::bootWeb(Object(Config\Paths))
 7 SYSTEMPATH\Commands\Server\rewrite.php(49): require_once('C:\\xampp\\htdocs\\prospera\\public\\index.php')
WARNING - 2024-07-22 02:55:46 --> [DEPRECATED] Creation of dynamic property App\Controllers\Data::$desaModel is deprecated in APPPATH\Controllers\Data.php on line 20.
 1 SYSTEMPATH\CodeIgniter.php(903): App\Controllers\Data->__construct()
 2 SYSTEMPATH\CodeIgniter.php(500): CodeIgniter\CodeIgniter->createController()
 3 SYSTEMPATH\CodeIgniter.php(355): CodeIgniter\CodeIgniter->handleRequest(null, Object(Config\Cache), false)
 4 SYSTEMPATH\Boot.php(312): CodeIgniter\CodeIgniter->run()
 5 SYSTEMPATH\Boot.php(67): CodeIgniter\Boot::runCodeIgniter(Object(CodeIgniter\CodeIgniter))
 6 FCPATH\index.php(56): CodeIgniter\Boot::bootWeb(Object(Config\Paths))
 7 SYSTEMPATH\Commands\Server\rewrite.php(49): require_once('C:\\xampp\\htdocs\\prospera\\public\\index.php')
WARNING - 2024-07-22 02:55:46 --> [DEPRECATED] Creation of dynamic property App\Controllers\Data::$kecamatanModel is deprecated in APPPATH\Controllers\Data.php on line 21.
 1 SYSTEMPATH\CodeIgniter.php(903): App\Controllers\Data->__construct()
 2 SYSTEMPATH\CodeIgniter.php(500): CodeIgniter\CodeIgniter->createController()
 3 SYSTEMPATH\CodeIgniter.php(355): CodeIgniter\CodeIgniter->handleRequest(null, Object(Config\Cache), false)
 4 SYSTEMPATH\Boot.php(312): CodeIgniter\CodeIgniter->run()
 5 SYSTEMPATH\Boot.php(67): CodeIgniter\Boot::runCodeIgniter(Object(CodeIgniter\CodeIgniter))
 6 FCPATH\index.php(56): CodeIgniter\Boot::bootWeb(Object(Config\Paths))
 7 SYSTEMPATH\Commands\Server\rewrite.php(49): require_once('C:\\xampp\\htdocs\\prospera\\public\\index.php')
WARNING - 2024-07-22 02:55:47 --> [DEPRECATED] Creation of dynamic property App\Controllers\Data::$quesModel is deprecated in APPPATH\Controllers\Data.php on line 22.
 1 SYSTEMPATH\CodeIgniter.php(903): App\Controllers\Data->__construct()
 2 SYSTEMPATH\CodeIgniter.php(500): CodeIgniter\CodeIgniter->createController()
 3 SYSTEMPATH\CodeIgniter.php(355): CodeIgniter\CodeIgniter->handleRequest(null, Object(Config\Cache), false)
 4 SYSTEMPATH\Boot.php(312): CodeIgniter\CodeIgniter->run()
 5 SYSTEMPATH\Boot.php(67): CodeIgniter\Boot::runCodeIgniter(Object(CodeIgniter\CodeIgniter))
 6 FCPATH\index.php(56): CodeIgniter\Boot::bootWeb(Object(Config\Paths))
 7 SYSTEMPATH\Commands\Server\rewrite.php(49): require_once('C:\\xampp\\htdocs\\prospera\\public\\index.php')
WARNING - 2024-07-22 02:55:47 --> [DEPRECATED] Creation of dynamic property App\Controllers\Data::$slsModel is deprecated in APPPATH\Controllers\Data.php on line 23.
 1 SYSTEMPATH\CodeIgniter.php(903): App\Controllers\Data->__construct()
 2 SYSTEMPATH\CodeIgniter.php(500): CodeIgniter\CodeIgniter->createController()
 3 SYSTEMPATH\CodeIgniter.php(355): CodeIgniter\CodeIgniter->handleRequest(null, Object(Config\Cache), false)
 4 SYSTEMPATH\Boot.php(312): CodeIgniter\CodeIgniter->run()
 5 SYSTEMPATH\Boot.php(67): CodeIgniter\Boot::runCodeIgniter(Object(CodeIgniter\CodeIgniter))
 6 FCPATH\index.php(56): CodeIgniter\Boot::bootWeb(Object(Config\Paths))
 7 SYSTEMPATH\Commands\Server\rewrite.php(49): require_once('C:\\xampp\\htdocs\\prospera\\public\\index.php')
WARNING - 2024-07-22 02:55:47 --> [DEPRECATED] Creation of dynamic property App\Controllers\Data::$uri is deprecated in APPPATH\Controllers\Data.php on line 24.
 1 SYSTEMPATH\CodeIgniter.php(903): App\Controllers\Data->__construct()
 2 SYSTEMPATH\CodeIgniter.php(500): CodeIgniter\CodeIgniter->createController()
 3 SYSTEMPATH\CodeIgniter.php(355): CodeIgniter\CodeIgniter->handleRequest(null, Object(Config\Cache), false)
 4 SYSTEMPATH\Boot.php(312): CodeIgniter\CodeIgniter->run()
 5 SYSTEMPATH\Boot.php(67): CodeIgniter\Boot::runCodeIgniter(Object(CodeIgniter\CodeIgniter))
 6 FCPATH\index.php(56): CodeIgniter\Boot::bootWeb(Object(Config\Paths))
 7 SYSTEMPATH\Commands\Server\rewrite.php(49): require_once('C:\\xampp\\htdocs\\prospera\\public\\index.php')
INFO - 2024-07-22 02:55:47 --> Session: Class initialized using 'CodeIgniter\Session\Handlers\FileHandler' driver.
WARNING - 2024-07-22 02:56:34 --> [DEPRECATED] Creation of dynamic property App\Controllers\Data::$dataModel is deprecated in APPPATH\Controllers\Data.php on line 19.
 1 SYSTEMPATH\CodeIgniter.php(903): App\Controllers\Data->__construct()
 2 SYSTEMPATH\CodeIgniter.php(500): CodeIgniter\CodeIgniter->createController()
 3 SYSTEMPATH\CodeIgniter.php(355): CodeIgniter\CodeIgniter->handleRequest(null, Object(Config\Cache), false)
 4 SYSTEMPATH\Boot.php(312): CodeIgniter\CodeIgniter->run()
 5 SYSTEMPATH\Boot.php(67): CodeIgniter\Boot::runCodeIgniter(Object(CodeIgniter\CodeIgniter))
 6 FCPATH\index.php(56): CodeIgniter\Boot::bootWeb(Object(Config\Paths))
 7 SYSTEMPATH\Commands\Server\rewrite.php(49): require_once('C:\\xampp\\htdocs\\prospera\\public\\index.php')
WARNING - 2024-07-22 02:56:34 --> [DEPRECATED] Creation of dynamic property App\Controllers\Data::$desaModel is deprecated in APPPATH\Controllers\Data.php on line 20.
 1 SYSTEMPATH\CodeIgniter.php(903): App\Controllers\Data->__construct()
 2 SYSTEMPATH\CodeIgniter.php(500): CodeIgniter\CodeIgniter->createController()
 3 SYSTEMPATH\CodeIgniter.php(355): CodeIgniter\CodeIgniter->handleRequest(null, Object(Config\Cache), false)
 4 SYSTEMPATH\Boot.php(312): CodeIgniter\CodeIgniter->run()
 5 SYSTEMPATH\Boot.php(67): CodeIgniter\Boot::runCodeIgniter(Object(CodeIgniter\CodeIgniter))
 6 FCPATH\index.php(56): CodeIgniter\Boot::bootWeb(Object(Config\Paths))
 7 SYSTEMPATH\Commands\Server\rewrite.php(49): require_once('C:\\xampp\\htdocs\\prospera\\public\\index.php')
WARNING - 2024-07-22 02:56:34 --> [DEPRECATED] Creation of dynamic property App\Controllers\Data::$kecamatanModel is deprecated in APPPATH\Controllers\Data.php on line 21.
 1 SYSTEMPATH\CodeIgniter.php(903): App\Controllers\Data->__construct()
 2 SYSTEMPATH\CodeIgniter.php(500): CodeIgniter\CodeIgniter->createController()
 3 SYSTEMPATH\CodeIgniter.php(355): CodeIgniter\CodeIgniter->handleRequest(null, Object(Config\Cache), false)
 4 SYSTEMPATH\Boot.php(312): CodeIgniter\CodeIgniter->run()
 5 SYSTEMPATH\Boot.php(67): CodeIgniter\Boot::runCodeIgniter(Object(CodeIgniter\CodeIgniter))
 6 FCPATH\index.php(56): CodeIgniter\Boot::bootWeb(Object(Config\Paths))
 7 SYSTEMPATH\Commands\Server\rewrite.php(49): require_once('C:\\xampp\\htdocs\\prospera\\public\\index.php')
WARNING - 2024-07-22 02:56:34 --> [DEPRECATED] Creation of dynamic property App\Controllers\Data::$quesModel is deprecated in APPPATH\Controllers\Data.php on line 22.
 1 SYSTEMPATH\CodeIgniter.php(903): App\Controllers\Data->__construct()
 2 SYSTEMPATH\CodeIgniter.php(500): CodeIgniter\CodeIgniter->createController()
 3 SYSTEMPATH\CodeIgniter.php(355): CodeIgniter\CodeIgniter->handleRequest(null, Object(Config\Cache), false)
 4 SYSTEMPATH\Boot.php(312): CodeIgniter\CodeIgniter->run()
 5 SYSTEMPATH\Boot.php(67): CodeIgniter\Boot::runCodeIgniter(Object(CodeIgniter\CodeIgniter))
 6 FCPATH\index.php(56): CodeIgniter\Boot::bootWeb(Object(Config\Paths))
 7 SYSTEMPATH\Commands\Server\rewrite.php(49): require_once('C:\\xampp\\htdocs\\prospera\\public\\index.php')
WARNING - 2024-07-22 02:56:34 --> [DEPRECATED] Creation of dynamic property App\Controllers\Data::$slsModel is deprecated in APPPATH\Controllers\Data.php on line 23.
 1 SYSTEMPATH\CodeIgniter.php(903): App\Controllers\Data->__construct()
 2 SYSTEMPATH\CodeIgniter.php(500): CodeIgniter\CodeIgniter->createController()
 3 SYSTEMPATH\CodeIgniter.php(355): CodeIgniter\CodeIgniter->handleRequest(null, Object(Config\Cache), false)
 4 SYSTEMPATH\Boot.php(312): CodeIgniter\CodeIgniter->run()
 5 SYSTEMPATH\Boot.php(67): CodeIgniter\Boot::runCodeIgniter(Object(CodeIgniter\CodeIgniter))
 6 FCPATH\index.php(56): CodeIgniter\Boot::bootWeb(Object(Config\Paths))
 7 SYSTEMPATH\Commands\Server\rewrite.php(49): require_once('C:\\xampp\\htdocs\\prospera\\public\\index.php')
WARNING - 2024-07-22 02:56:34 --> [DEPRECATED] Creation of dynamic property App\Controllers\Data::$uri is deprecated in APPPATH\Controllers\Data.php on line 24.
 1 SYSTEMPATH\CodeIgniter.php(903): App\Controllers\Data->__construct()
 2 SYSTEMPATH\CodeIgniter.php(500): CodeIgniter\CodeIgniter->createController()
 3 SYSTEMPATH\CodeIgniter.php(355): CodeIgniter\CodeIgniter->handleRequest(null, Object(Config\Cache), false)
 4 SYSTEMPATH\Boot.php(312): CodeIgniter\CodeIgniter->run()
 5 SYSTEMPATH\Boot.php(67): CodeIgniter\Boot::runCodeIgniter(Object(CodeIgniter\CodeIgniter))
 6 FCPATH\index.php(56): CodeIgniter\Boot::bootWeb(Object(Config\Paths))
 7 SYSTEMPATH\Commands\Server\rewrite.php(49): require_once('C:\\xampp\\htdocs\\prospera\\public\\index.php')
INFO - 2024-07-22 02:56:34 --> Session: Class initialized using 'CodeIgniter\Session\Handlers\FileHandler' driver.
WARNING - 2024-07-22 02:59:13 --> [DEPRECATED] Creation of dynamic property App\Controllers\Data::$dataModel is deprecated in APPPATH\Controllers\Data.php on line 19.
 1 SYSTEMPATH\CodeIgniter.php(903): App\Controllers\Data->__construct()
 2 SYSTEMPATH\CodeIgniter.php(500): CodeIgniter\CodeIgniter->createController()
 3 SYSTEMPATH\CodeIgniter.php(355): CodeIgniter\CodeIgniter->handleRequest(null, Object(Config\Cache), false)
 4 SYSTEMPATH\Boot.php(312): CodeIgniter\CodeIgniter->run()
 5 SYSTEMPATH\Boot.php(67): CodeIgniter\Boot::runCodeIgniter(Object(CodeIgniter\CodeIgniter))
 6 FCPATH\index.php(56): CodeIgniter\Boot::bootWeb(Object(Config\Paths))
 7 SYSTEMPATH\Commands\Server\rewrite.php(49): require_once('C:\\xampp\\htdocs\\prospera\\public\\index.php')
WARNING - 2024-07-22 02:59:13 --> [DEPRECATED] Creation of dynamic property App\Controllers\Data::$desaModel is deprecated in APPPATH\Controllers\Data.php on line 20.
 1 SYSTEMPATH\CodeIgniter.php(903): App\Controllers\Data->__construct()
 2 SYSTEMPATH\CodeIgniter.php(500): CodeIgniter\CodeIgniter->createController()
 3 SYSTEMPATH\CodeIgniter.php(355): CodeIgniter\CodeIgniter->handleRequest(null, Object(Config\Cache), false)
 4 SYSTEMPATH\Boot.php(312): CodeIgniter\CodeIgniter->run()
 5 SYSTEMPATH\Boot.php(67): CodeIgniter\Boot::runCodeIgniter(Object(CodeIgniter\CodeIgniter))
 6 FCPATH\index.php(56): CodeIgniter\Boot::bootWeb(Object(Config\Paths))
 7 SYSTEMPATH\Commands\Server\rewrite.php(49): require_once('C:\\xampp\\htdocs\\prospera\\public\\index.php')
WARNING - 2024-07-22 02:59:13 --> [DEPRECATED] Creation of dynamic property App\Controllers\Data::$kecamatanModel is deprecated in APPPATH\Controllers\Data.php on line 21.
 1 SYSTEMPATH\CodeIgniter.php(903): App\Controllers\Data->__construct()
 2 SYSTEMPATH\CodeIgniter.php(500): CodeIgniter\CodeIgniter->createController()
 3 SYSTEMPATH\CodeIgniter.php(355): CodeIgniter\CodeIgniter->handleRequest(null, Object(Config\Cache), false)
 4 SYSTEMPATH\Boot.php(312): CodeIgniter\CodeIgniter->run()
 5 SYSTEMPATH\Boot.php(67): CodeIgniter\Boot::runCodeIgniter(Object(CodeIgniter\CodeIgniter))
 6 FCPATH\index.php(56): CodeIgniter\Boot::bootWeb(Object(Config\Paths))
 7 SYSTEMPATH\Commands\Server\rewrite.php(49): require_once('C:\\xampp\\htdocs\\prospera\\public\\index.php')
WARNING - 2024-07-22 02:59:13 --> [DEPRECATED] Creation of dynamic property App\Controllers\Data::$quesModel is deprecated in APPPATH\Controllers\Data.php on line 22.
 1 SYSTEMPATH\CodeIgniter.php(903): App\Controllers\Data->__construct()
 2 SYSTEMPATH\CodeIgniter.php(500): CodeIgniter\CodeIgniter->createController()
 3 SYSTEMPATH\CodeIgniter.php(355): CodeIgniter\CodeIgniter->handleRequest(null, Object(Config\Cache), false)
 4 SYSTEMPATH\Boot.php(312): CodeIgniter\CodeIgniter->run()
 5 SYSTEMPATH\Boot.php(67): CodeIgniter\Boot::runCodeIgniter(Object(CodeIgniter\CodeIgniter))
 6 FCPATH\index.php(56): CodeIgniter\Boot::bootWeb(Object(Config\Paths))
 7 SYSTEMPATH\Commands\Server\rewrite.php(49): require_once('C:\\xampp\\htdocs\\prospera\\public\\index.php')
WARNING - 2024-07-22 02:59:13 --> [DEPRECATED] Creation of dynamic property App\Controllers\Data::$slsModel is deprecated in APPPATH\Controllers\Data.php on line 23.
 1 SYSTEMPATH\CodeIgniter.php(903): App\Controllers\Data->__construct()
 2 SYSTEMPATH\CodeIgniter.php(500): CodeIgniter\CodeIgniter->createController()
 3 SYSTEMPATH\CodeIgniter.php(355): CodeIgniter\CodeIgniter->handleRequest(null, Object(Config\Cache), false)
 4 SYSTEMPATH\Boot.php(312): CodeIgniter\CodeIgniter->run()
 5 SYSTEMPATH\Boot.php(67): CodeIgniter\Boot::runCodeIgniter(Object(CodeIgniter\CodeIgniter))
 6 FCPATH\index.php(56): CodeIgniter\Boot::bootWeb(Object(Config\Paths))
 7 SYSTEMPATH\Commands\Server\rewrite.php(49): require_once('C:\\xampp\\htdocs\\prospera\\public\\index.php')
WARNING - 2024-07-22 02:59:13 --> [DEPRECATED] Creation of dynamic property App\Controllers\Data::$uri is deprecated in APPPATH\Controllers\Data.php on line 24.
 1 SYSTEMPATH\CodeIgniter.php(903): App\Controllers\Data->__construct()
 2 SYSTEMPATH\CodeIgniter.php(500): CodeIgniter\CodeIgniter->createController()
 3 SYSTEMPATH\CodeIgniter.php(355): CodeIgniter\CodeIgniter->handleRequest(null, Object(Config\Cache), false)
 4 SYSTEMPATH\Boot.php(312): CodeIgniter\CodeIgniter->run()
 5 SYSTEMPATH\Boot.php(67): CodeIgniter\Boot::runCodeIgniter(Object(CodeIgniter\CodeIgniter))
 6 FCPATH\index.php(56): CodeIgniter\Boot::bootWeb(Object(Config\Paths))
 7 SYSTEMPATH\Commands\Server\rewrite.php(49): require_once('C:\\xampp\\htdocs\\prospera\\public\\index.php')
INFO - 2024-07-22 02:59:13 --> Session: Class initialized using 'CodeIgniter\Session\Handlers\FileHandler' driver.
INFO - 2024-07-22 03:02:10 --> Session: Class initialized using 'CodeIgniter\Session\Handlers\FileHandler' driver.
INFO - 2024-07-22 03:03:45 --> Session: Class initialized using 'CodeIgniter\Session\Handlers\FileHandler' driver.
INFO - 2024-07-22 03:03:53 --> Session: Class initialized using 'CodeIgniter\Session\Handlers\FileHandler' driver.
WARNING - 2024-07-22 03:03:53 --> [DEPRECATED] Creation of dynamic property App\Controllers\Data::$dataModel is deprecated in APPPATH\Controllers\Data.php on line 19.
 1 SYSTEMPATH\CodeIgniter.php(903): App\Controllers\Data->__construct()
 2 SYSTEMPATH\CodeIgniter.php(500): CodeIgniter\CodeIgniter->createController()
 3 SYSTEMPATH\CodeIgniter.php(355): CodeIgniter\CodeIgniter->handleRequest(null, Object(Config\Cache), false)
 4 SYSTEMPATH\Boot.php(312): CodeIgniter\CodeIgniter->run()
 5 SYSTEMPATH\Boot.php(67): CodeIgniter\Boot::runCodeIgniter(Object(CodeIgniter\CodeIgniter))
 6 FCPATH\index.php(56): CodeIgniter\Boot::bootWeb(Object(Config\Paths))
 7 SYSTEMPATH\Commands\Server\rewrite.php(49): require_once('C:\\xampp\\htdocs\\prospera\\public\\index.php')
WARNING - 2024-07-22 03:03:53 --> [DEPRECATED] Creation of dynamic property App\Controllers\Data::$desaModel is deprecated in APPPATH\Controllers\Data.php on line 20.
 1 SYSTEMPATH\CodeIgniter.php(903): App\Controllers\Data->__construct()
 2 SYSTEMPATH\CodeIgniter.php(500): CodeIgniter\CodeIgniter->createController()
 3 SYSTEMPATH\CodeIgniter.php(355): CodeIgniter\CodeIgniter->handleRequest(null, Object(Config\Cache), false)
 4 SYSTEMPATH\Boot.php(312): CodeIgniter\CodeIgniter->run()
 5 SYSTEMPATH\Boot.php(67): CodeIgniter\Boot::runCodeIgniter(Object(CodeIgniter\CodeIgniter))
 6 FCPATH\index.php(56): CodeIgniter\Boot::bootWeb(Object(Config\Paths))
 7 SYSTEMPATH\Commands\Server\rewrite.php(49): require_once('C:\\xampp\\htdocs\\prospera\\public\\index.php')
WARNING - 2024-07-22 03:03:53 --> [DEPRECATED] Creation of dynamic property App\Controllers\Data::$kecamatanModel is deprecated in APPPATH\Controllers\Data.php on line 21.
 1 SYSTEMPATH\CodeIgniter.php(903): App\Controllers\Data->__construct()
 2 SYSTEMPATH\CodeIgniter.php(500): CodeIgniter\CodeIgniter->createController()
 3 SYSTEMPATH\CodeIgniter.php(355): CodeIgniter\CodeIgniter->handleRequest(null, Object(Config\Cache), false)
 4 SYSTEMPATH\Boot.php(312): CodeIgniter\CodeIgniter->run()
 5 SYSTEMPATH\Boot.php(67): CodeIgniter\Boot::runCodeIgniter(Object(CodeIgniter\CodeIgniter))
 6 FCPATH\index.php(56): CodeIgniter\Boot::bootWeb(Object(Config\Paths))
 7 SYSTEMPATH\Commands\Server\rewrite.php(49): require_once('C:\\xampp\\htdocs\\prospera\\public\\index.php')
WARNING - 2024-07-22 03:03:53 --> [DEPRECATED] Creation of dynamic property App\Controllers\Data::$quesModel is deprecated in APPPATH\Controllers\Data.php on line 22.
 1 SYSTEMPATH\CodeIgniter.php(903): App\Controllers\Data->__construct()
 2 SYSTEMPATH\CodeIgniter.php(500): CodeIgniter\CodeIgniter->createController()
 3 SYSTEMPATH\CodeIgniter.php(355): CodeIgniter\CodeIgniter->handleRequest(null, Object(Config\Cache), false)
 4 SYSTEMPATH\Boot.php(312): CodeIgniter\CodeIgniter->run()
 5 SYSTEMPATH\Boot.php(67): CodeIgniter\Boot::runCodeIgniter(Object(CodeIgniter\CodeIgniter))
 6 FCPATH\index.php(56): CodeIgniter\Boot::bootWeb(Object(Config\Paths))
 7 SYSTEMPATH\Commands\Server\rewrite.php(49): require_once('C:\\xampp\\htdocs\\prospera\\public\\index.php')
WARNING - 2024-07-22 03:03:53 --> [DEPRECATED] Creation of dynamic property App\Controllers\Data::$slsModel is deprecated in APPPATH\Controllers\Data.php on line 23.
 1 SYSTEMPATH\CodeIgniter.php(903): App\Controllers\Data->__construct()
 2 SYSTEMPATH\CodeIgniter.php(500): CodeIgniter\CodeIgniter->createController()
 3 SYSTEMPATH\CodeIgniter.php(355): CodeIgniter\CodeIgniter->handleRequest(null, Object(Config\Cache), false)
 4 SYSTEMPATH\Boot.php(312): CodeIgniter\CodeIgniter->run()
 5 SYSTEMPATH\Boot.php(67): CodeIgniter\Boot::runCodeIgniter(Object(CodeIgniter\CodeIgniter))
 6 FCPATH\index.php(56): CodeIgniter\Boot::bootWeb(Object(Config\Paths))
 7 SYSTEMPATH\Commands\Server\rewrite.php(49): require_once('C:\\xampp\\htdocs\\prospera\\public\\index.php')
WARNING - 2024-07-22 03:03:53 --> [DEPRECATED] Creation of dynamic property App\Controllers\Data::$uri is deprecated in APPPATH\Controllers\Data.php on line 24.
 1 SYSTEMPATH\CodeIgniter.php(903): App\Controllers\Data->__construct()
 2 SYSTEMPATH\CodeIgniter.php(500): CodeIgniter\CodeIgniter->createController()
 3 SYSTEMPATH\CodeIgniter.php(355): CodeIgniter\CodeIgniter->handleRequest(null, Object(Config\Cache), false)
 4 SYSTEMPATH\Boot.php(312): CodeIgniter\CodeIgniter->run()
 5 SYSTEMPATH\Boot.php(67): CodeIgniter\Boot::runCodeIgniter(Object(CodeIgniter\CodeIgniter))
 6 FCPATH\index.php(56): CodeIgniter\Boot::bootWeb(Object(Config\Paths))
 7 SYSTEMPATH\Commands\Server\rewrite.php(49): require_once('C:\\xampp\\htdocs\\prospera\\public\\index.php')
INFO - 2024-07-22 03:03:53 --> Session: Class initialized using 'CodeIgniter\Session\Handlers\FileHandler' driver.
WARNING - 2024-07-22 03:04:00 --> [DEPRECATED] Creation of dynamic property App\Controllers\Data::$dataModel is deprecated in APPPATH\Controllers\Data.php on line 19.
 1 SYSTEMPATH\CodeIgniter.php(903): App\Controllers\Data->__construct()
 2 SYSTEMPATH\CodeIgniter.php(500): CodeIgniter\CodeIgniter->createController()
 3 SYSTEMPATH\CodeIgniter.php(355): CodeIgniter\CodeIgniter->handleRequest(null, Object(Config\Cache), false)
 4 SYSTEMPATH\Boot.php(312): CodeIgniter\CodeIgniter->run()
 5 SYSTEMPATH\Boot.php(67): CodeIgniter\Boot::runCodeIgniter(Object(CodeIgniter\CodeIgniter))
 6 FCPATH\index.php(56): CodeIgniter\Boot::bootWeb(Object(Config\Paths))
 7 SYSTEMPATH\Commands\Server\rewrite.php(49): require_once('C:\\xampp\\htdocs\\prospera\\public\\index.php')
WARNING - 2024-07-22 03:04:00 --> [DEPRECATED] Creation of dynamic property App\Controllers\Data::$desaModel is deprecated in APPPATH\Controllers\Data.php on line 20.
 1 SYSTEMPATH\CodeIgniter.php(903): App\Controllers\Data->__construct()
 2 SYSTEMPATH\CodeIgniter.php(500): CodeIgniter\CodeIgniter->createController()
 3 SYSTEMPATH\CodeIgniter.php(355): CodeIgniter\CodeIgniter->handleRequest(null, Object(Config\Cache), false)
 4 SYSTEMPATH\Boot.php(312): CodeIgniter\CodeIgniter->run()
 5 SYSTEMPATH\Boot.php(67): CodeIgniter\Boot::runCodeIgniter(Object(CodeIgniter\CodeIgniter))
 6 FCPATH\index.php(56): CodeIgniter\Boot::bootWeb(Object(Config\Paths))
 7 SYSTEMPATH\Commands\Server\rewrite.php(49): require_once('C:\\xampp\\htdocs\\prospera\\public\\index.php')
WARNING - 2024-07-22 03:04:00 --> [DEPRECATED] Creation of dynamic property App\Controllers\Data::$kecamatanModel is deprecated in APPPATH\Controllers\Data.php on line 21.
 1 SYSTEMPATH\CodeIgniter.php(903): App\Controllers\Data->__construct()
 2 SYSTEMPATH\CodeIgniter.php(500): CodeIgniter\CodeIgniter->createController()
 3 SYSTEMPATH\CodeIgniter.php(355): CodeIgniter\CodeIgniter->handleRequest(null, Object(Config\Cache), false)
 4 SYSTEMPATH\Boot.php(312): CodeIgniter\CodeIgniter->run()
 5 SYSTEMPATH\Boot.php(67): CodeIgniter\Boot::runCodeIgniter(Object(CodeIgniter\CodeIgniter))
 6 FCPATH\index.php(56): CodeIgniter\Boot::bootWeb(Object(Config\Paths))
 7 SYSTEMPATH\Commands\Server\rewrite.php(49): require_once('C:\\xampp\\htdocs\\prospera\\public\\index.php')
WARNING - 2024-07-22 03:04:00 --> [DEPRECATED] Creation of dynamic property App\Controllers\Data::$quesModel is deprecated in APPPATH\Controllers\Data.php on line 22.
 1 SYSTEMPATH\CodeIgniter.php(903): App\Controllers\Data->__construct()
 2 SYSTEMPATH\CodeIgniter.php(500): CodeIgniter\CodeIgniter->createController()
 3 SYSTEMPATH\CodeIgniter.php(355): CodeIgniter\CodeIgniter->handleRequest(null, Object(Config\Cache), false)
 4 SYSTEMPATH\Boot.php(312): CodeIgniter\CodeIgniter->run()
 5 SYSTEMPATH\Boot.php(67): CodeIgniter\Boot::runCodeIgniter(Object(CodeIgniter\CodeIgniter))
 6 FCPATH\index.php(56): CodeIgniter\Boot::bootWeb(Object(Config\Paths))
 7 SYSTEMPATH\Commands\Server\rewrite.php(49): require_once('C:\\xampp\\htdocs\\prospera\\public\\index.php')
WARNING - 2024-07-22 03:04:00 --> [DEPRECATED] Creation of dynamic property App\Controllers\Data::$slsModel is deprecated in APPPATH\Controllers\Data.php on line 23.
 1 SYSTEMPATH\CodeIgniter.php(903): App\Controllers\Data->__construct()
 2 SYSTEMPATH\CodeIgniter.php(500): CodeIgniter\CodeIgniter->createController()
 3 SYSTEMPATH\CodeIgniter.php(355): CodeIgniter\CodeIgniter->handleRequest(null, Object(Config\Cache), false)
 4 SYSTEMPATH\Boot.php(312): CodeIgniter\CodeIgniter->run()
 5 SYSTEMPATH\Boot.php(67): CodeIgniter\Boot::runCodeIgniter(Object(CodeIgniter\CodeIgniter))
 6 FCPATH\index.php(56): CodeIgniter\Boot::bootWeb(Object(Config\Paths))
 7 SYSTEMPATH\Commands\Server\rewrite.php(49): require_once('C:\\xampp\\htdocs\\prospera\\public\\index.php')
WARNING - 2024-07-22 03:04:00 --> [DEPRECATED] Creation of dynamic property App\Controllers\Data::$uri is deprecated in APPPATH\Controllers\Data.php on line 24.
 1 SYSTEMPATH\CodeIgniter.php(903): App\Controllers\Data->__construct()
 2 SYSTEMPATH\CodeIgniter.php(500): CodeIgniter\CodeIgniter->createController()
 3 SYSTEMPATH\CodeIgniter.php(355): CodeIgniter\CodeIgniter->handleRequest(null, Object(Config\Cache), false)
 4 SYSTEMPATH\Boot.php(312): CodeIgniter\CodeIgniter->run()
 5 SYSTEMPATH\Boot.php(67): CodeIgniter\Boot::runCodeIgniter(Object(CodeIgniter\CodeIgniter))
 6 FCPATH\index.php(56): CodeIgniter\Boot::bootWeb(Object(Config\Paths))
 7 SYSTEMPATH\Commands\Server\rewrite.php(49): require_once('C:\\xampp\\htdocs\\prospera\\public\\index.php')
INFO - 2024-07-22 03:04:00 --> Session: Class initialized using 'CodeIgniter\Session\Handlers\FileHandler' driver.
WARNING - 2024-07-22 03:04:00 --> [DEPRECATED] Creation of dynamic property App\Controllers\Data::$dataModel is deprecated in APPPATH\Controllers\Data.php on line 19.
 1 SYSTEMPATH\CodeIgniter.php(903): App\Controllers\Data->__construct()
 2 SYSTEMPATH\CodeIgniter.php(500): CodeIgniter\CodeIgniter->createController()
 3 SYSTEMPATH\CodeIgniter.php(355): CodeIgniter\CodeIgniter->handleRequest(null, Object(Config\Cache), false)
 4 SYSTEMPATH\Boot.php(312): CodeIgniter\CodeIgniter->run()
 5 SYSTEMPATH\Boot.php(67): CodeIgniter\Boot::runCodeIgniter(Object(CodeIgniter\CodeIgniter))
 6 FCPATH\index.php(56): CodeIgniter\Boot::bootWeb(Object(Config\Paths))
 7 SYSTEMPATH\Commands\Server\rewrite.php(49): require_once('C:\\xampp\\htdocs\\prospera\\public\\index.php')
WARNING - 2024-07-22 03:04:00 --> [DEPRECATED] Creation of dynamic property App\Controllers\Data::$desaModel is deprecated in APPPATH\Controllers\Data.php on line 20.
 1 SYSTEMPATH\CodeIgniter.php(903): App\Controllers\Data->__construct()
 2 SYSTEMPATH\CodeIgniter.php(500): CodeIgniter\CodeIgniter->createController()
 3 SYSTEMPATH\CodeIgniter.php(355): CodeIgniter\CodeIgniter->handleRequest(null, Object(Config\Cache), false)
 4 SYSTEMPATH\Boot.php(312): CodeIgniter\CodeIgniter->run()
 5 SYSTEMPATH\Boot.php(67): CodeIgniter\Boot::runCodeIgniter(Object(CodeIgniter\CodeIgniter))
 6 FCPATH\index.php(56): CodeIgniter\Boot::bootWeb(Object(Config\Paths))
 7 SYSTEMPATH\Commands\Server\rewrite.php(49): require_once('C:\\xampp\\htdocs\\prospera\\public\\index.php')
WARNING - 2024-07-22 03:04:00 --> [DEPRECATED] Creation of dynamic property App\Controllers\Data::$kecamatanModel is deprecated in APPPATH\Controllers\Data.php on line 21.
 1 SYSTEMPATH\CodeIgniter.php(903): App\Controllers\Data->__construct()
 2 SYSTEMPATH\CodeIgniter.php(500): CodeIgniter\CodeIgniter->createController()
 3 SYSTEMPATH\CodeIgniter.php(355): CodeIgniter\CodeIgniter->handleRequest(null, Object(Config\Cache), false)
 4 SYSTEMPATH\Boot.php(312): CodeIgniter\CodeIgniter->run()
 5 SYSTEMPATH\Boot.php(67): CodeIgniter\Boot::runCodeIgniter(Object(CodeIgniter\CodeIgniter))
 6 FCPATH\index.php(56): CodeIgniter\Boot::bootWeb(Object(Config\Paths))
 7 SYSTEMPATH\Commands\Server\rewrite.php(49): require_once('C:\\xampp\\htdocs\\prospera\\public\\index.php')
WARNING - 2024-07-22 03:04:00 --> [DEPRECATED] Creation of dynamic property App\Controllers\Data::$quesModel is deprecated in APPPATH\Controllers\Data.php on line 22.
 1 SYSTEMPATH\CodeIgniter.php(903): App\Controllers\Data->__construct()
 2 SYSTEMPATH\CodeIgniter.php(500): CodeIgniter\CodeIgniter->createController()
 3 SYSTEMPATH\CodeIgniter.php(355): CodeIgniter\CodeIgniter->handleRequest(null, Object(Config\Cache), false)
 4 SYSTEMPATH\Boot.php(312): CodeIgniter\CodeIgniter->run()
 5 SYSTEMPATH\Boot.php(67): CodeIgniter\Boot::runCodeIgniter(Object(CodeIgniter\CodeIgniter))
 6 FCPATH\index.php(56): CodeIgniter\Boot::bootWeb(Object(Config\Paths))
 7 SYSTEMPATH\Commands\Server\rewrite.php(49): require_once('C:\\xampp\\htdocs\\prospera\\public\\index.php')
WARNING - 2024-07-22 03:04:00 --> [DEPRECATED] Creation of dynamic property App\Controllers\Data::$slsModel is deprecated in APPPATH\Controllers\Data.php on line 23.
 1 SYSTEMPATH\CodeIgniter.php(903): App\Controllers\Data->__construct()
 2 SYSTEMPATH\CodeIgniter.php(500): CodeIgniter\CodeIgniter->createController()
 3 SYSTEMPATH\CodeIgniter.php(355): CodeIgniter\CodeIgniter->handleRequest(null, Object(Config\Cache), false)
 4 SYSTEMPATH\Boot.php(312): CodeIgniter\CodeIgniter->run()
 5 SYSTEMPATH\Boot.php(67): CodeIgniter\Boot::runCodeIgniter(Object(CodeIgniter\CodeIgniter))
 6 FCPATH\index.php(56): CodeIgniter\Boot::bootWeb(Object(Config\Paths))
 7 SYSTEMPATH\Commands\Server\rewrite.php(49): require_once('C:\\xampp\\htdocs\\prospera\\public\\index.php')
WARNING - 2024-07-22 03:04:00 --> [DEPRECATED] Creation of dynamic property App\Controllers\Data::$uri is deprecated in APPPATH\Controllers\Data.php on line 24.
 1 SYSTEMPATH\CodeIgniter.php(903): App\Controllers\Data->__construct()
 2 SYSTEMPATH\CodeIgniter.php(500): CodeIgniter\CodeIgniter->createController()
 3 SYSTEMPATH\CodeIgniter.php(355): CodeIgniter\CodeIgniter->handleRequest(null, Object(Config\Cache), false)
 4 SYSTEMPATH\Boot.php(312): CodeIgniter\CodeIgniter->run()
 5 SYSTEMPATH\Boot.php(67): CodeIgniter\Boot::runCodeIgniter(Object(CodeIgniter\CodeIgniter))
 6 FCPATH\index.php(56): CodeIgniter\Boot::bootWeb(Object(Config\Paths))
 7 SYSTEMPATH\Commands\Server\rewrite.php(49): require_once('C:\\xampp\\htdocs\\prospera\\public\\index.php')
INFO - 2024-07-22 03:04:00 --> Session: Class initialized using 'CodeIgniter\Session\Handlers\FileHandler' driver.
WARNING - 2024-07-22 03:05:03 --> [DEPRECATED] Creation of dynamic property App\Controllers\Data::$dataModel is deprecated in APPPATH\Controllers\Data.php on line 19.
 1 SYSTEMPATH\CodeIgniter.php(903): App\Controllers\Data->__construct()
 2 SYSTEMPATH\CodeIgniter.php(500): CodeIgniter\CodeIgniter->createController()
 3 SYSTEMPATH\CodeIgniter.php(355): CodeIgniter\CodeIgniter->handleRequest(null, Object(Config\Cache), false)
 4 SYSTEMPATH\Boot.php(312): CodeIgniter\CodeIgniter->run()
 5 SYSTEMPATH\Boot.php(67): CodeIgniter\Boot::runCodeIgniter(Object(CodeIgniter\CodeIgniter))
 6 FCPATH\index.php(56): CodeIgniter\Boot::bootWeb(Object(Config\Paths))
 7 SYSTEMPATH\Commands\Server\rewrite.php(49): require_once('C:\\xampp\\htdocs\\prospera\\public\\index.php')
WARNING - 2024-07-22 03:05:03 --> [DEPRECATED] Creation of dynamic property App\Controllers\Data::$desaModel is deprecated in APPPATH\Controllers\Data.php on line 20.
 1 SYSTEMPATH\CodeIgniter.php(903): App\Controllers\Data->__construct()
 2 SYSTEMPATH\CodeIgniter.php(500): CodeIgniter\CodeIgniter->createController()
 3 SYSTEMPATH\CodeIgniter.php(355): CodeIgniter\CodeIgniter->handleRequest(null, Object(Config\Cache), false)
 4 SYSTEMPATH\Boot.php(312): CodeIgniter\CodeIgniter->run()
 5 SYSTEMPATH\Boot.php(67): CodeIgniter\Boot::runCodeIgniter(Object(CodeIgniter\CodeIgniter))
 6 FCPATH\index.php(56): CodeIgniter\Boot::bootWeb(Object(Config\Paths))
 7 SYSTEMPATH\Commands\Server\rewrite.php(49): require_once('C:\\xampp\\htdocs\\prospera\\public\\index.php')
WARNING - 2024-07-22 03:05:03 --> [DEPRECATED] Creation of dynamic property App\Controllers\Data::$kecamatanModel is deprecated in APPPATH\Controllers\Data.php on line 21.
 1 SYSTEMPATH\CodeIgniter.php(903): App\Controllers\Data->__construct()
 2 SYSTEMPATH\CodeIgniter.php(500): CodeIgniter\CodeIgniter->createController()
 3 SYSTEMPATH\CodeIgniter.php(355): CodeIgniter\CodeIgniter->handleRequest(null, Object(Config\Cache), false)
 4 SYSTEMPATH\Boot.php(312): CodeIgniter\CodeIgniter->run()
 5 SYSTEMPATH\Boot.php(67): CodeIgniter\Boot::runCodeIgniter(Object(CodeIgniter\CodeIgniter))
 6 FCPATH\index.php(56): CodeIgniter\Boot::bootWeb(Object(Config\Paths))
 7 SYSTEMPATH\Commands\Server\rewrite.php(49): require_once('C:\\xampp\\htdocs\\prospera\\public\\index.php')
WARNING - 2024-07-22 03:05:03 --> [DEPRECATED] Creation of dynamic property App\Controllers\Data::$quesModel is deprecated in APPPATH\Controllers\Data.php on line 22.
 1 SYSTEMPATH\CodeIgniter.php(903): App\Controllers\Data->__construct()
 2 SYSTEMPATH\CodeIgniter.php(500): CodeIgniter\CodeIgniter->createController()
 3 SYSTEMPATH\CodeIgniter.php(355): CodeIgniter\CodeIgniter->handleRequest(null, Object(Config\Cache), false)
 4 SYSTEMPATH\Boot.php(312): CodeIgniter\CodeIgniter->run()
 5 SYSTEMPATH\Boot.php(67): CodeIgniter\Boot::runCodeIgniter(Object(CodeIgniter\CodeIgniter))
 6 FCPATH\index.php(56): CodeIgniter\Boot::bootWeb(Object(Config\Paths))
 7 SYSTEMPATH\Commands\Server\rewrite.php(49): require_once('C:\\xampp\\htdocs\\prospera\\public\\index.php')
WARNING - 2024-07-22 03:05:03 --> [DEPRECATED] Creation of dynamic property App\Controllers\Data::$slsModel is deprecated in APPPATH\Controllers\Data.php on line 23.
 1 SYSTEMPATH\CodeIgniter.php(903): App\Controllers\Data->__construct()
 2 SYSTEMPATH\CodeIgniter.php(500): CodeIgniter\CodeIgniter->createController()
 3 SYSTEMPATH\CodeIgniter.php(355): CodeIgniter\CodeIgniter->handleRequest(null, Object(Config\Cache), false)
 4 SYSTEMPATH\Boot.php(312): CodeIgniter\CodeIgniter->run()
 5 SYSTEMPATH\Boot.php(67): CodeIgniter\Boot::runCodeIgniter(Object(CodeIgniter\CodeIgniter))
 6 FCPATH\index.php(56): CodeIgniter\Boot::bootWeb(Object(Config\Paths))
 7 SYSTEMPATH\Commands\Server\rewrite.php(49): require_once('C:\\xampp\\htdocs\\prospera\\public\\index.php')
WARNING - 2024-07-22 03:05:03 --> [DEPRECATED] Creation of dynamic property App\Controllers\Data::$uri is deprecated in APPPATH\Controllers\Data.php on line 24.
 1 SYSTEMPATH\CodeIgniter.php(903): App\Controllers\Data->__construct()
 2 SYSTEMPATH\CodeIgniter.php(500): CodeIgniter\CodeIgniter->createController()
 3 SYSTEMPATH\CodeIgniter.php(355): CodeIgniter\CodeIgniter->handleRequest(null, Object(Config\Cache), false)
 4 SYSTEMPATH\Boot.php(312): CodeIgniter\CodeIgniter->run()
 5 SYSTEMPATH\Boot.php(67): CodeIgniter\Boot::runCodeIgniter(Object(CodeIgniter\CodeIgniter))
 6 FCPATH\index.php(56): CodeIgniter\Boot::bootWeb(Object(Config\Paths))
 7 SYSTEMPATH\Commands\Server\rewrite.php(49): require_once('C:\\xampp\\htdocs\\prospera\\public\\index.php')
WARNING - 2024-07-22 03:07:00 --> [DEPRECATED] Creation of dynamic property App\Controllers\Data::$dataModel is deprecated in APPPATH\Controllers\Data.php on line 19.
 1 SYSTEMPATH\CodeIgniter.php(903): App\Controllers\Data->__construct()
 2 SYSTEMPATH\CodeIgniter.php(500): CodeIgniter\CodeIgniter->createController()
 3 SYSTEMPATH\CodeIgniter.php(355): CodeIgniter\CodeIgniter->handleRequest(null, Object(Config\Cache), false)
 4 SYSTEMPATH\Boot.php(312): CodeIgniter\CodeIgniter->run()
 5 SYSTEMPATH\Boot.php(67): CodeIgniter\Boot::runCodeIgniter(Object(CodeIgniter\CodeIgniter))
 6 FCPATH\index.php(56): CodeIgniter\Boot::bootWeb(Object(Config\Paths))
 7 SYSTEMPATH\Commands\Server\rewrite.php(49): require_once('C:\\xampp\\htdocs\\prospera\\public\\index.php')
WARNING - 2024-07-22 03:07:00 --> [DEPRECATED] Creation of dynamic property App\Controllers\Data::$desaModel is deprecated in APPPATH\Controllers\Data.php on line 20.
 1 SYSTEMPATH\CodeIgniter.php(903): App\Controllers\Data->__construct()
 2 SYSTEMPATH\CodeIgniter.php(500): CodeIgniter\CodeIgniter->createController()
 3 SYSTEMPATH\CodeIgniter.php(355): CodeIgniter\CodeIgniter->handleRequest(null, Object(Config\Cache), false)
 4 SYSTEMPATH\Boot.php(312): CodeIgniter\CodeIgniter->run()
 5 SYSTEMPATH\Boot.php(67): CodeIgniter\Boot::runCodeIgniter(Object(CodeIgniter\CodeIgniter))
 6 FCPATH\index.php(56): CodeIgniter\Boot::bootWeb(Object(Config\Paths))
 7 SYSTEMPATH\Commands\Server\rewrite.php(49): require_once('C:\\xampp\\htdocs\\prospera\\public\\index.php')
WARNING - 2024-07-22 03:07:00 --> [DEPRECATED] Creation of dynamic property App\Controllers\Data::$kecamatanModel is deprecated in APPPATH\Controllers\Data.php on line 21.
 1 SYSTEMPATH\CodeIgniter.php(903): App\Controllers\Data->__construct()
 2 SYSTEMPATH\CodeIgniter.php(500): CodeIgniter\CodeIgniter->createController()
 3 SYSTEMPATH\CodeIgniter.php(355): CodeIgniter\CodeIgniter->handleRequest(null, Object(Config\Cache), false)
 4 SYSTEMPATH\Boot.php(312): CodeIgniter\CodeIgniter->run()
 5 SYSTEMPATH\Boot.php(67): CodeIgniter\Boot::runCodeIgniter(Object(CodeIgniter\CodeIgniter))
 6 FCPATH\index.php(56): CodeIgniter\Boot::bootWeb(Object(Config\Paths))
 7 SYSTEMPATH\Commands\Server\rewrite.php(49): require_once('C:\\xampp\\htdocs\\prospera\\public\\index.php')
WARNING - 2024-07-22 03:07:00 --> [DEPRECATED] Creation of dynamic property App\Controllers\Data::$quesModel is deprecated in APPPATH\Controllers\Data.php on line 22.
 1 SYSTEMPATH\CodeIgniter.php(903): App\Controllers\Data->__construct()
 2 SYSTEMPATH\CodeIgniter.php(500): CodeIgniter\CodeIgniter->createController()
 3 SYSTEMPATH\CodeIgniter.php(355): CodeIgniter\CodeIgniter->handleRequest(null, Object(Config\Cache), false)
 4 SYSTEMPATH\Boot.php(312): CodeIgniter\CodeIgniter->run()
 5 SYSTEMPATH\Boot.php(67): CodeIgniter\Boot::runCodeIgniter(Object(CodeIgniter\CodeIgniter))
 6 FCPATH\index.php(56): CodeIgniter\Boot::bootWeb(Object(Config\Paths))
 7 SYSTEMPATH\Commands\Server\rewrite.php(49): require_once('C:\\xampp\\htdocs\\prospera\\public\\index.php')
WARNING - 2024-07-22 03:07:00 --> [DEPRECATED] Creation of dynamic property App\Controllers\Data::$slsModel is deprecated in APPPATH\Controllers\Data.php on line 23.
 1 SYSTEMPATH\CodeIgniter.php(903): App\Controllers\Data->__construct()
 2 SYSTEMPATH\CodeIgniter.php(500): CodeIgniter\CodeIgniter->createController()
 3 SYSTEMPATH\CodeIgniter.php(355): CodeIgniter\CodeIgniter->handleRequest(null, Object(Config\Cache), false)
 4 SYSTEMPATH\Boot.php(312): CodeIgniter\CodeIgniter->run()
 5 SYSTEMPATH\Boot.php(67): CodeIgniter\Boot::runCodeIgniter(Object(CodeIgniter\CodeIgniter))
 6 FCPATH\index.php(56): CodeIgniter\Boot::bootWeb(Object(Config\Paths))
 7 SYSTEMPATH\Commands\Server\rewrite.php(49): require_once('C:\\xampp\\htdocs\\prospera\\public\\index.php')
WARNING - 2024-07-22 03:07:00 --> [DEPRECATED] Creation of dynamic property App\Controllers\Data::$uri is deprecated in APPPATH\Controllers\Data.php on line 24.
 1 SYSTEMPATH\CodeIgniter.php(903): App\Controllers\Data->__construct()
 2 SYSTEMPATH\CodeIgniter.php(500): CodeIgniter\CodeIgniter->createController()
 3 SYSTEMPATH\CodeIgniter.php(355): CodeIgniter\CodeIgniter->handleRequest(null, Object(Config\Cache), false)
 4 SYSTEMPATH\Boot.php(312): CodeIgniter\CodeIgniter->run()
 5 SYSTEMPATH\Boot.php(67): CodeIgniter\Boot::runCodeIgniter(Object(CodeIgniter\CodeIgniter))
 6 FCPATH\index.php(56): CodeIgniter\Boot::bootWeb(Object(Config\Paths))
 7 SYSTEMPATH\Commands\Server\rewrite.php(49): require_once('C:\\xampp\\htdocs\\prospera\\public\\index.php')
WARNING - 2024-07-22 03:07:01 --> [DEPRECATED] Creation of dynamic property App\Controllers\Data::$dataModel is deprecated in APPPATH\Controllers\Data.php on line 19.
 1 SYSTEMPATH\CodeIgniter.php(903): App\Controllers\Data->__construct()
 2 SYSTEMPATH\CodeIgniter.php(500): CodeIgniter\CodeIgniter->createController()
 3 SYSTEMPATH\CodeIgniter.php(355): CodeIgniter\CodeIgniter->handleRequest(null, Object(Config\Cache), false)
 4 SYSTEMPATH\Boot.php(312): CodeIgniter\CodeIgniter->run()
 5 SYSTEMPATH\Boot.php(67): CodeIgniter\Boot::runCodeIgniter(Object(CodeIgniter\CodeIgniter))
 6 FCPATH\index.php(56): CodeIgniter\Boot::bootWeb(Object(Config\Paths))
 7 SYSTEMPATH\Commands\Server\rewrite.php(49): require_once('C:\\xampp\\htdocs\\prospera\\public\\index.php')
WARNING - 2024-07-22 03:07:01 --> [DEPRECATED] Creation of dynamic property App\Controllers\Data::$desaModel is deprecated in APPPATH\Controllers\Data.php on line 20.
 1 SYSTEMPATH\CodeIgniter.php(903): App\Controllers\Data->__construct()
 2 SYSTEMPATH\CodeIgniter.php(500): CodeIgniter\CodeIgniter->createController()
 3 SYSTEMPATH\CodeIgniter.php(355): CodeIgniter\CodeIgniter->handleRequest(null, Object(Config\Cache), false)
 4 SYSTEMPATH\Boot.php(312): CodeIgniter\CodeIgniter->run()
 5 SYSTEMPATH\Boot.php(67): CodeIgniter\Boot::runCodeIgniter(Object(CodeIgniter\CodeIgniter))
 6 FCPATH\index.php(56): CodeIgniter\Boot::bootWeb(Object(Config\Paths))
 7 SYSTEMPATH\Commands\Server\rewrite.php(49): require_once('C:\\xampp\\htdocs\\prospera\\public\\index.php')
WARNING - 2024-07-22 03:07:01 --> [DEPRECATED] Creation of dynamic property App\Controllers\Data::$kecamatanModel is deprecated in APPPATH\Controllers\Data.php on line 21.
 1 SYSTEMPATH\CodeIgniter.php(903): App\Controllers\Data->__construct()
 2 SYSTEMPATH\CodeIgniter.php(500): CodeIgniter\CodeIgniter->createController()
 3 SYSTEMPATH\CodeIgniter.php(355): CodeIgniter\CodeIgniter->handleRequest(null, Object(Config\Cache), false)
 4 SYSTEMPATH\Boot.php(312): CodeIgniter\CodeIgniter->run()
 5 SYSTEMPATH\Boot.php(67): CodeIgniter\Boot::runCodeIgniter(Object(CodeIgniter\CodeIgniter))
 6 FCPATH\index.php(56): CodeIgniter\Boot::bootWeb(Object(Config\Paths))
 7 SYSTEMPATH\Commands\Server\rewrite.php(49): require_once('C:\\xampp\\htdocs\\prospera\\public\\index.php')
WARNING - 2024-07-22 03:07:01 --> [DEPRECATED] Creation of dynamic property App\Controllers\Data::$quesModel is deprecated in APPPATH\Controllers\Data.php on line 22.
 1 SYSTEMPATH\CodeIgniter.php(903): App\Controllers\Data->__construct()
 2 SYSTEMPATH\CodeIgniter.php(500): CodeIgniter\CodeIgniter->createController()
 3 SYSTEMPATH\CodeIgniter.php(355): CodeIgniter\CodeIgniter->handleRequest(null, Object(Config\Cache), false)
 4 SYSTEMPATH\Boot.php(312): CodeIgniter\CodeIgniter->run()
 5 SYSTEMPATH\Boot.php(67): CodeIgniter\Boot::runCodeIgniter(Object(CodeIgniter\CodeIgniter))
 6 FCPATH\index.php(56): CodeIgniter\Boot::bootWeb(Object(Config\Paths))
 7 SYSTEMPATH\Commands\Server\rewrite.php(49): require_once('C:\\xampp\\htdocs\\prospera\\public\\index.php')
WARNING - 2024-07-22 03:07:01 --> [DEPRECATED] Creation of dynamic property App\Controllers\Data::$slsModel is deprecated in APPPATH\Controllers\Data.php on line 23.
 1 SYSTEMPATH\CodeIgniter.php(903): App\Controllers\Data->__construct()
 2 SYSTEMPATH\CodeIgniter.php(500): CodeIgniter\CodeIgniter->createController()
 3 SYSTEMPATH\CodeIgniter.php(355): CodeIgniter\CodeIgniter->handleRequest(null, Object(Config\Cache), false)
 4 SYSTEMPATH\Boot.php(312): CodeIgniter\CodeIgniter->run()
 5 SYSTEMPATH\Boot.php(67): CodeIgniter\Boot::runCodeIgniter(Object(CodeIgniter\CodeIgniter))
 6 FCPATH\index.php(56): CodeIgniter\Boot::bootWeb(Object(Config\Paths))
 7 SYSTEMPATH\Commands\Server\rewrite.php(49): require_once('C:\\xampp\\htdocs\\prospera\\public\\index.php')
WARNING - 2024-07-22 03:07:01 --> [DEPRECATED] Creation of dynamic property App\Controllers\Data::$uri is deprecated in APPPATH\Controllers\Data.php on line 24.
 1 SYSTEMPATH\CodeIgniter.php(903): App\Controllers\Data->__construct()
 2 SYSTEMPATH\CodeIgniter.php(500): CodeIgniter\CodeIgniter->createController()
 3 SYSTEMPATH\CodeIgniter.php(355): CodeIgniter\CodeIgniter->handleRequest(null, Object(Config\Cache), false)
 4 SYSTEMPATH\Boot.php(312): CodeIgniter\CodeIgniter->run()
 5 SYSTEMPATH\Boot.php(67): CodeIgniter\Boot::runCodeIgniter(Object(CodeIgniter\CodeIgniter))
 6 FCPATH\index.php(56): CodeIgniter\Boot::bootWeb(Object(Config\Paths))
 7 SYSTEMPATH\Commands\Server\rewrite.php(49): require_once('C:\\xampp\\htdocs\\prospera\\public\\index.php')
INFO - 2024-07-22 03:07:01 --> Session: Class initialized using 'CodeIgniter\Session\Handlers\FileHandler' driver.
WARNING - 2024-07-22 03:07:09 --> [DEPRECATED] Creation of dynamic property App\Controllers\Data::$dataModel is deprecated in APPPATH\Controllers\Data.php on line 19.
 1 SYSTEMPATH\CodeIgniter.php(903): App\Controllers\Data->__construct()
 2 SYSTEMPATH\CodeIgniter.php(500): CodeIgniter\CodeIgniter->createController()
 3 SYSTEMPATH\CodeIgniter.php(355): CodeIgniter\CodeIgniter->handleRequest(null, Object(Config\Cache), false)
 4 SYSTEMPATH\Boot.php(312): CodeIgniter\CodeIgniter->run()
 5 SYSTEMPATH\Boot.php(67): CodeIgniter\Boot::runCodeIgniter(Object(CodeIgniter\CodeIgniter))
 6 FCPATH\index.php(56): CodeIgniter\Boot::bootWeb(Object(Config\Paths))
 7 SYSTEMPATH\Commands\Server\rewrite.php(49): require_once('C:\\xampp\\htdocs\\prospera\\public\\index.php')
WARNING - 2024-07-22 03:07:09 --> [DEPRECATED] Creation of dynamic property App\Controllers\Data::$desaModel is deprecated in APPPATH\Controllers\Data.php on line 20.
 1 SYSTEMPATH\CodeIgniter.php(903): App\Controllers\Data->__construct()
 2 SYSTEMPATH\CodeIgniter.php(500): CodeIgniter\CodeIgniter->createController()
 3 SYSTEMPATH\CodeIgniter.php(355): CodeIgniter\CodeIgniter->handleRequest(null, Object(Config\Cache), false)
 4 SYSTEMPATH\Boot.php(312): CodeIgniter\CodeIgniter->run()
 5 SYSTEMPATH\Boot.php(67): CodeIgniter\Boot::runCodeIgniter(Object(CodeIgniter\CodeIgniter))
 6 FCPATH\index.php(56): CodeIgniter\Boot::bootWeb(Object(Config\Paths))
 7 SYSTEMPATH\Commands\Server\rewrite.php(49): require_once('C:\\xampp\\htdocs\\prospera\\public\\index.php')
WARNING - 2024-07-22 03:07:09 --> [DEPRECATED] Creation of dynamic property App\Controllers\Data::$kecamatanModel is deprecated in APPPATH\Controllers\Data.php on line 21.
 1 SYSTEMPATH\CodeIgniter.php(903): App\Controllers\Data->__construct()
 2 SYSTEMPATH\CodeIgniter.php(500): CodeIgniter\CodeIgniter->createController()
 3 SYSTEMPATH\CodeIgniter.php(355): CodeIgniter\CodeIgniter->handleRequest(null, Object(Config\Cache), false)
 4 SYSTEMPATH\Boot.php(312): CodeIgniter\CodeIgniter->run()
 5 SYSTEMPATH\Boot.php(67): CodeIgniter\Boot::runCodeIgniter(Object(CodeIgniter\CodeIgniter))
 6 FCPATH\index.php(56): CodeIgniter\Boot::bootWeb(Object(Config\Paths))
 7 SYSTEMPATH\Commands\Server\rewrite.php(49): require_once('C:\\xampp\\htdocs\\prospera\\public\\index.php')
WARNING - 2024-07-22 03:07:09 --> [DEPRECATED] Creation of dynamic property App\Controllers\Data::$quesModel is deprecated in APPPATH\Controllers\Data.php on line 22.
 1 SYSTEMPATH\CodeIgniter.php(903): App\Controllers\Data->__construct()
 2 SYSTEMPATH\CodeIgniter.php(500): CodeIgniter\CodeIgniter->createController()
 3 SYSTEMPATH\CodeIgniter.php(355): CodeIgniter\CodeIgniter->handleRequest(null, Object(Config\Cache), false)
 4 SYSTEMPATH\Boot.php(312): CodeIgniter\CodeIgniter->run()
 5 SYSTEMPATH\Boot.php(67): CodeIgniter\Boot::runCodeIgniter(Object(CodeIgniter\CodeIgniter))
 6 FCPATH\index.php(56): CodeIgniter\Boot::bootWeb(Object(Config\Paths))
 7 SYSTEMPATH\Commands\Server\rewrite.php(49): require_once('C:\\xampp\\htdocs\\prospera\\public\\index.php')
WARNING - 2024-07-22 03:07:09 --> [DEPRECATED] Creation of dynamic property App\Controllers\Data::$slsModel is deprecated in APPPATH\Controllers\Data.php on line 23.
 1 SYSTEMPATH\CodeIgniter.php(903): App\Controllers\Data->__construct()
 2 SYSTEMPATH\CodeIgniter.php(500): CodeIgniter\CodeIgniter->createController()
 3 SYSTEMPATH\CodeIgniter.php(355): CodeIgniter\CodeIgniter->handleRequest(null, Object(Config\Cache), false)
 4 SYSTEMPATH\Boot.php(312): CodeIgniter\CodeIgniter->run()
 5 SYSTEMPATH\Boot.php(67): CodeIgniter\Boot::runCodeIgniter(Object(CodeIgniter\CodeIgniter))
 6 FCPATH\index.php(56): CodeIgniter\Boot::bootWeb(Object(Config\Paths))
 7 SYSTEMPATH\Commands\Server\rewrite.php(49): require_once('C:\\xampp\\htdocs\\prospera\\public\\index.php')
WARNING - 2024-07-22 03:07:09 --> [DEPRECATED] Creation of dynamic property App\Controllers\Data::$uri is deprecated in APPPATH\Controllers\Data.php on line 24.
 1 SYSTEMPATH\CodeIgniter.php(903): App\Controllers\Data->__construct()
 2 SYSTEMPATH\CodeIgniter.php(500): CodeIgniter\CodeIgniter->createController()
 3 SYSTEMPATH\CodeIgniter.php(355): CodeIgniter\CodeIgniter->handleRequest(null, Object(Config\Cache), false)
 4 SYSTEMPATH\Boot.php(312): CodeIgniter\CodeIgniter->run()
 5 SYSTEMPATH\Boot.php(67): CodeIgniter\Boot::runCodeIgniter(Object(CodeIgniter\CodeIgniter))
 6 FCPATH\index.php(56): CodeIgniter\Boot::bootWeb(Object(Config\Paths))
 7 SYSTEMPATH\Commands\Server\rewrite.php(49): require_once('C:\\xampp\\htdocs\\prospera\\public\\index.php')
WARNING - 2024-07-22 03:07:09 --> [DEPRECATED] Creation of dynamic property App\Controllers\Data::$dataModel is deprecated in APPPATH\Controllers\Data.php on line 19.
 1 SYSTEMPATH\CodeIgniter.php(903): App\Controllers\Data->__construct()
 2 SYSTEMPATH\CodeIgniter.php(500): CodeIgniter\CodeIgniter->createController()
 3 SYSTEMPATH\CodeIgniter.php(355): CodeIgniter\CodeIgniter->handleRequest(null, Object(Config\Cache), false)
 4 SYSTEMPATH\Boot.php(312): CodeIgniter\CodeIgniter->run()
 5 SYSTEMPATH\Boot.php(67): CodeIgniter\Boot::runCodeIgniter(Object(CodeIgniter\CodeIgniter))
 6 FCPATH\index.php(56): CodeIgniter\Boot::bootWeb(Object(Config\Paths))
 7 SYSTEMPATH\Commands\Server\rewrite.php(49): require_once('C:\\xampp\\htdocs\\prospera\\public\\index.php')
WARNING - 2024-07-22 03:07:09 --> [DEPRECATED] Creation of dynamic property App\Controllers\Data::$desaModel is deprecated in APPPATH\Controllers\Data.php on line 20.
 1 SYSTEMPATH\CodeIgniter.php(903): App\Controllers\Data->__construct()
 2 SYSTEMPATH\CodeIgniter.php(500): CodeIgniter\CodeIgniter->createController()
 3 SYSTEMPATH\CodeIgniter.php(355): CodeIgniter\CodeIgniter->handleRequest(null, Object(Config\Cache), false)
 4 SYSTEMPATH\Boot.php(312): CodeIgniter\CodeIgniter->run()
 5 SYSTEMPATH\Boot.php(67): CodeIgniter\Boot::runCodeIgniter(Object(CodeIgniter\CodeIgniter))
 6 FCPATH\index.php(56): CodeIgniter\Boot::bootWeb(Object(Config\Paths))
 7 SYSTEMPATH\Commands\Server\rewrite.php(49): require_once('C:\\xampp\\htdocs\\prospera\\public\\index.php')
WARNING - 2024-07-22 03:07:09 --> [DEPRECATED] Creation of dynamic property App\Controllers\Data::$kecamatanModel is deprecated in APPPATH\Controllers\Data.php on line 21.
 1 SYSTEMPATH\CodeIgniter.php(903): App\Controllers\Data->__construct()
 2 SYSTEMPATH\CodeIgniter.php(500): CodeIgniter\CodeIgniter->createController()
 3 SYSTEMPATH\CodeIgniter.php(355): CodeIgniter\CodeIgniter->handleRequest(null, Object(Config\Cache), false)
 4 SYSTEMPATH\Boot.php(312): CodeIgniter\CodeIgniter->run()
 5 SYSTEMPATH\Boot.php(67): CodeIgniter\Boot::runCodeIgniter(Object(CodeIgniter\CodeIgniter))
 6 FCPATH\index.php(56): CodeIgniter\Boot::bootWeb(Object(Config\Paths))
 7 SYSTEMPATH\Commands\Server\rewrite.php(49): require_once('C:\\xampp\\htdocs\\prospera\\public\\index.php')
WARNING - 2024-07-22 03:07:09 --> [DEPRECATED] Creation of dynamic property App\Controllers\Data::$quesModel is deprecated in APPPATH\Controllers\Data.php on line 22.
 1 SYSTEMPATH\CodeIgniter.php(903): App\Controllers\Data->__construct()
 2 SYSTEMPATH\CodeIgniter.php(500): CodeIgniter\CodeIgniter->createController()
 3 SYSTEMPATH\CodeIgniter.php(355): CodeIgniter\CodeIgniter->handleRequest(null, Object(Config\Cache), false)
 4 SYSTEMPATH\Boot.php(312): CodeIgniter\CodeIgniter->run()
 5 SYSTEMPATH\Boot.php(67): CodeIgniter\Boot::runCodeIgniter(Object(CodeIgniter\CodeIgniter))
 6 FCPATH\index.php(56): CodeIgniter\Boot::bootWeb(Object(Config\Paths))
 7 SYSTEMPATH\Commands\Server\rewrite.php(49): require_once('C:\\xampp\\htdocs\\prospera\\public\\index.php')
WARNING - 2024-07-22 03:07:09 --> [DEPRECATED] Creation of dynamic property App\Controllers\Data::$slsModel is deprecated in APPPATH\Controllers\Data.php on line 23.
 1 SYSTEMPATH\CodeIgniter.php(903): App\Controllers\Data->__construct()
 2 SYSTEMPATH\CodeIgniter.php(500): CodeIgniter\CodeIgniter->createController()
 3 SYSTEMPATH\CodeIgniter.php(355): CodeIgniter\CodeIgniter->handleRequest(null, Object(Config\Cache), false)
 4 SYSTEMPATH\Boot.php(312): CodeIgniter\CodeIgniter->run()
 5 SYSTEMPATH\Boot.php(67): CodeIgniter\Boot::runCodeIgniter(Object(CodeIgniter\CodeIgniter))
 6 FCPATH\index.php(56): CodeIgniter\Boot::bootWeb(Object(Config\Paths))
 7 SYSTEMPATH\Commands\Server\rewrite.php(49): require_once('C:\\xampp\\htdocs\\prospera\\public\\index.php')
WARNING - 2024-07-22 03:07:09 --> [DEPRECATED] Creation of dynamic property App\Controllers\Data::$uri is deprecated in APPPATH\Controllers\Data.php on line 24.
 1 SYSTEMPATH\CodeIgniter.php(903): App\Controllers\Data->__construct()
 2 SYSTEMPATH\CodeIgniter.php(500): CodeIgniter\CodeIgniter->createController()
 3 SYSTEMPATH\CodeIgniter.php(355): CodeIgniter\CodeIgniter->handleRequest(null, Object(Config\Cache), false)
 4 SYSTEMPATH\Boot.php(312): CodeIgniter\CodeIgniter->run()
 5 SYSTEMPATH\Boot.php(67): CodeIgniter\Boot::runCodeIgniter(Object(CodeIgniter\CodeIgniter))
 6 FCPATH\index.php(56): CodeIgniter\Boot::bootWeb(Object(Config\Paths))
 7 SYSTEMPATH\Commands\Server\rewrite.php(49): require_once('C:\\xampp\\htdocs\\prospera\\public\\index.php')
INFO - 2024-07-22 03:07:09 --> Session: Class initialized using 'CodeIgniter\Session\Handlers\FileHandler' driver.
WARNING - 2024-07-22 03:08:21 --> [DEPRECATED] Creation of dynamic property App\Controllers\Data::$dataModel is deprecated in APPPATH\Controllers\Data.php on line 19.
 1 SYSTEMPATH\CodeIgniter.php(903): App\Controllers\Data->__construct()
 2 SYSTEMPATH\CodeIgniter.php(500): CodeIgniter\CodeIgniter->createController()
 3 SYSTEMPATH\CodeIgniter.php(355): CodeIgniter\CodeIgniter->handleRequest(null, Object(Config\Cache), false)
 4 SYSTEMPATH\Boot.php(312): CodeIgniter\CodeIgniter->run()
 5 SYSTEMPATH\Boot.php(67): CodeIgniter\Boot::runCodeIgniter(Object(CodeIgniter\CodeIgniter))
 6 FCPATH\index.php(56): CodeIgniter\Boot::bootWeb(Object(Config\Paths))
 7 SYSTEMPATH\Commands\Server\rewrite.php(49): require_once('C:\\xampp\\htdocs\\prospera\\public\\index.php')
WARNING - 2024-07-22 03:08:21 --> [DEPRECATED] Creation of dynamic property App\Controllers\Data::$desaModel is deprecated in APPPATH\Controllers\Data.php on line 20.
 1 SYSTEMPATH\CodeIgniter.php(903): App\Controllers\Data->__construct()
 2 SYSTEMPATH\CodeIgniter.php(500): CodeIgniter\CodeIgniter->createController()
 3 SYSTEMPATH\CodeIgniter.php(355): CodeIgniter\CodeIgniter->handleRequest(null, Object(Config\Cache), false)
 4 SYSTEMPATH\Boot.php(312): CodeIgniter\CodeIgniter->run()
 5 SYSTEMPATH\Boot.php(67): CodeIgniter\Boot::runCodeIgniter(Object(CodeIgniter\CodeIgniter))
 6 FCPATH\index.php(56): CodeIgniter\Boot::bootWeb(Object(Config\Paths))
 7 SYSTEMPATH\Commands\Server\rewrite.php(49): require_once('C:\\xampp\\htdocs\\prospera\\public\\index.php')
WARNING - 2024-07-22 03:08:21 --> [DEPRECATED] Creation of dynamic property App\Controllers\Data::$kecamatanModel is deprecated in APPPATH\Controllers\Data.php on line 21.
 1 SYSTEMPATH\CodeIgniter.php(903): App\Controllers\Data->__construct()
 2 SYSTEMPATH\CodeIgniter.php(500): CodeIgniter\CodeIgniter->createController()
 3 SYSTEMPATH\CodeIgniter.php(355): CodeIgniter\CodeIgniter->handleRequest(null, Object(Config\Cache), false)
 4 SYSTEMPATH\Boot.php(312): CodeIgniter\CodeIgniter->run()
 5 SYSTEMPATH\Boot.php(67): CodeIgniter\Boot::runCodeIgniter(Object(CodeIgniter\CodeIgniter))
 6 FCPATH\index.php(56): CodeIgniter\Boot::bootWeb(Object(Config\Paths))
 7 SYSTEMPATH\Commands\Server\rewrite.php(49): require_once('C:\\xampp\\htdocs\\prospera\\public\\index.php')
WARNING - 2024-07-22 03:08:21 --> [DEPRECATED] Creation of dynamic property App\Controllers\Data::$quesModel is deprecated in APPPATH\Controllers\Data.php on line 22.
 1 SYSTEMPATH\CodeIgniter.php(903): App\Controllers\Data->__construct()
 2 SYSTEMPATH\CodeIgniter.php(500): CodeIgniter\CodeIgniter->createController()
 3 SYSTEMPATH\CodeIgniter.php(355): CodeIgniter\CodeIgniter->handleRequest(null, Object(Config\Cache), false)
 4 SYSTEMPATH\Boot.php(312): CodeIgniter\CodeIgniter->run()
 5 SYSTEMPATH\Boot.php(67): CodeIgniter\Boot::runCodeIgniter(Object(CodeIgniter\CodeIgniter))
 6 FCPATH\index.php(56): CodeIgniter\Boot::bootWeb(Object(Config\Paths))
 7 SYSTEMPATH\Commands\Server\rewrite.php(49): require_once('C:\\xampp\\htdocs\\prospera\\public\\index.php')
WARNING - 2024-07-22 03:08:21 --> [DEPRECATED] Creation of dynamic property App\Controllers\Data::$slsModel is deprecated in APPPATH\Controllers\Data.php on line 23.
 1 SYSTEMPATH\CodeIgniter.php(903): App\Controllers\Data->__construct()
 2 SYSTEMPATH\CodeIgniter.php(500): CodeIgniter\CodeIgniter->createController()
 3 SYSTEMPATH\CodeIgniter.php(355): CodeIgniter\CodeIgniter->handleRequest(null, Object(Config\Cache), false)
 4 SYSTEMPATH\Boot.php(312): CodeIgniter\CodeIgniter->run()
 5 SYSTEMPATH\Boot.php(67): CodeIgniter\Boot::runCodeIgniter(Object(CodeIgniter\CodeIgniter))
 6 FCPATH\index.php(56): CodeIgniter\Boot::bootWeb(Object(Config\Paths))
 7 SYSTEMPATH\Commands\Server\rewrite.php(49): require_once('C:\\xampp\\htdocs\\prospera\\public\\index.php')
WARNING - 2024-07-22 03:08:21 --> [DEPRECATED] Creation of dynamic property App\Controllers\Data::$uri is deprecated in APPPATH\Controllers\Data.php on line 24.
 1 SYSTEMPATH\CodeIgniter.php(903): App\Controllers\Data->__construct()
 2 SYSTEMPATH\CodeIgniter.php(500): CodeIgniter\CodeIgniter->createController()
 3 SYSTEMPATH\CodeIgniter.php(355): CodeIgniter\CodeIgniter->handleRequest(null, Object(Config\Cache), false)
 4 SYSTEMPATH\Boot.php(312): CodeIgniter\CodeIgniter->run()
 5 SYSTEMPATH\Boot.php(67): CodeIgniter\Boot::runCodeIgniter(Object(CodeIgniter\CodeIgniter))
 6 FCPATH\index.php(56): CodeIgniter\Boot::bootWeb(Object(Config\Paths))
 7 SYSTEMPATH\Commands\Server\rewrite.php(49): require_once('C:\\xampp\\htdocs\\prospera\\public\\index.php')
WARNING - 2024-07-22 03:08:22 --> [DEPRECATED] Creation of dynamic property App\Controllers\Data::$dataModel is deprecated in APPPATH\Controllers\Data.php on line 19.
 1 SYSTEMPATH\CodeIgniter.php(903): App\Controllers\Data->__construct()
 2 SYSTEMPATH\CodeIgniter.php(500): CodeIgniter\CodeIgniter->createController()
 3 SYSTEMPATH\CodeIgniter.php(355): CodeIgniter\CodeIgniter->handleRequest(null, Object(Config\Cache), false)
 4 SYSTEMPATH\Boot.php(312): CodeIgniter\CodeIgniter->run()
 5 SYSTEMPATH\Boot.php(67): CodeIgniter\Boot::runCodeIgniter(Object(CodeIgniter\CodeIgniter))
 6 FCPATH\index.php(56): CodeIgniter\Boot::bootWeb(Object(Config\Paths))
 7 SYSTEMPATH\Commands\Server\rewrite.php(49): require_once('C:\\xampp\\htdocs\\prospera\\public\\index.php')
WARNING - 2024-07-22 03:08:22 --> [DEPRECATED] Creation of dynamic property App\Controllers\Data::$desaModel is deprecated in APPPATH\Controllers\Data.php on line 20.
 1 SYSTEMPATH\CodeIgniter.php(903): App\Controllers\Data->__construct()
 2 SYSTEMPATH\CodeIgniter.php(500): CodeIgniter\CodeIgniter->createController()
 3 SYSTEMPATH\CodeIgniter.php(355): CodeIgniter\CodeIgniter->handleRequest(null, Object(Config\Cache), false)
 4 SYSTEMPATH\Boot.php(312): CodeIgniter\CodeIgniter->run()
 5 SYSTEMPATH\Boot.php(67): CodeIgniter\Boot::runCodeIgniter(Object(CodeIgniter\CodeIgniter))
 6 FCPATH\index.php(56): CodeIgniter\Boot::bootWeb(Object(Config\Paths))
 7 SYSTEMPATH\Commands\Server\rewrite.php(49): require_once('C:\\xampp\\htdocs\\prospera\\public\\index.php')
WARNING - 2024-07-22 03:08:22 --> [DEPRECATED] Creation of dynamic property App\Controllers\Data::$kecamatanModel is deprecated in APPPATH\Controllers\Data.php on line 21.
 1 SYSTEMPATH\CodeIgniter.php(903): App\Controllers\Data->__construct()
 2 SYSTEMPATH\CodeIgniter.php(500): CodeIgniter\CodeIgniter->createController()
 3 SYSTEMPATH\CodeIgniter.php(355): CodeIgniter\CodeIgniter->handleRequest(null, Object(Config\Cache), false)
 4 SYSTEMPATH\Boot.php(312): CodeIgniter\CodeIgniter->run()
 5 SYSTEMPATH\Boot.php(67): CodeIgniter\Boot::runCodeIgniter(Object(CodeIgniter\CodeIgniter))
 6 FCPATH\index.php(56): CodeIgniter\Boot::bootWeb(Object(Config\Paths))
 7 SYSTEMPATH\Commands\Server\rewrite.php(49): require_once('C:\\xampp\\htdocs\\prospera\\public\\index.php')
WARNING - 2024-07-22 03:08:22 --> [DEPRECATED] Creation of dynamic property App\Controllers\Data::$quesModel is deprecated in APPPATH\Controllers\Data.php on line 22.
 1 SYSTEMPATH\CodeIgniter.php(903): App\Controllers\Data->__construct()
 2 SYSTEMPATH\CodeIgniter.php(500): CodeIgniter\CodeIgniter->createController()
 3 SYSTEMPATH\CodeIgniter.php(355): CodeIgniter\CodeIgniter->handleRequest(null, Object(Config\Cache), false)
 4 SYSTEMPATH\Boot.php(312): CodeIgniter\CodeIgniter->run()
 5 SYSTEMPATH\Boot.php(67): CodeIgniter\Boot::runCodeIgniter(Object(CodeIgniter\CodeIgniter))
 6 FCPATH\index.php(56): CodeIgniter\Boot::bootWeb(Object(Config\Paths))
 7 SYSTEMPATH\Commands\Server\rewrite.php(49): require_once('C:\\xampp\\htdocs\\prospera\\public\\index.php')
WARNING - 2024-07-22 03:08:22 --> [DEPRECATED] Creation of dynamic property App\Controllers\Data::$slsModel is deprecated in APPPATH\Controllers\Data.php on line 23.
 1 SYSTEMPATH\CodeIgniter.php(903): App\Controllers\Data->__construct()
 2 SYSTEMPATH\CodeIgniter.php(500): CodeIgniter\CodeIgniter->createController()
 3 SYSTEMPATH\CodeIgniter.php(355): CodeIgniter\CodeIgniter->handleRequest(null, Object(Config\Cache), false)
 4 SYSTEMPATH\Boot.php(312): CodeIgniter\CodeIgniter->run()
 5 SYSTEMPATH\Boot.php(67): CodeIgniter\Boot::runCodeIgniter(Object(CodeIgniter\CodeIgniter))
 6 FCPATH\index.php(56): CodeIgniter\Boot::bootWeb(Object(Config\Paths))
 7 SYSTEMPATH\Commands\Server\rewrite.php(49): require_once('C:\\xampp\\htdocs\\prospera\\public\\index.php')
WARNING - 2024-07-22 03:08:22 --> [DEPRECATED] Creation of dynamic property App\Controllers\Data::$uri is deprecated in APPPATH\Controllers\Data.php on line 24.
 1 SYSTEMPATH\CodeIgniter.php(903): App\Controllers\Data->__construct()
 2 SYSTEMPATH\CodeIgniter.php(500): CodeIgniter\CodeIgniter->createController()
 3 SYSTEMPATH\CodeIgniter.php(355): CodeIgniter\CodeIgniter->handleRequest(null, Object(Config\Cache), false)
 4 SYSTEMPATH\Boot.php(312): CodeIgniter\CodeIgniter->run()
 5 SYSTEMPATH\Boot.php(67): CodeIgniter\Boot::runCodeIgniter(Object(CodeIgniter\CodeIgniter))
 6 FCPATH\index.php(56): CodeIgniter\Boot::bootWeb(Object(Config\Paths))
 7 SYSTEMPATH\Commands\Server\rewrite.php(49): require_once('C:\\xampp\\htdocs\\prospera\\public\\index.php')
INFO - 2024-07-22 03:08:22 --> Session: Class initialized using 'CodeIgniter\Session\Handlers\FileHandler' driver.
WARNING - 2024-07-22 03:08:22 --> [DEPRECATED] explode(): Passing null to parameter #2 ($string) of type string is deprecated in APPPATH\Views\data\create\create4.php on line 77.
 1 APPPATH\Views\data\create\create4.php(77): explode(',', null)
 2 SYSTEMPATH\View\View.php(234): include('C:\\xampp\\htdocs\\prospera\\app\\Views\\data\\create\\create4.php')
 3 SYSTEMPATH\View\View.php(237): CodeIgniter\View\View->CodeIgniter\View\{closure}()
 4 SYSTEMPATH\Common.php(1171): CodeIgniter\View\View->render('data/create/create4', [], true)
 5 APPPATH\Controllers\Data.php(361): view('data/create/create4', [...])
 6 SYSTEMPATH\CodeIgniter.php(933): App\Controllers\Data->create4('10')
 7 SYSTEMPATH\CodeIgniter.php(509): CodeIgniter\CodeIgniter->runController(Object(App\Controllers\Data))
 8 SYSTEMPATH\CodeIgniter.php(355): CodeIgniter\CodeIgniter->handleRequest(null, Object(Config\Cache), false)
 9 SYSTEMPATH\Boot.php(312): CodeIgniter\CodeIgniter->run()
10 SYSTEMPATH\Boot.php(67): CodeIgniter\Boot::runCodeIgniter(Object(CodeIgniter\CodeIgniter))
11 FCPATH\index.php(56): CodeIgniter\Boot::bootWeb(Object(Config\Paths))
12 SYSTEMPATH\Commands\Server\rewrite.php(49): require_once('C:\\xampp\\htdocs\\prospera\\public\\index.php')
WARNING - 2024-07-22 03:08:22 --> [DEPRECATED] explode(): Passing null to parameter #2 ($string) of type string is deprecated in APPPATH\Views\data\create\create4.php on line 78.
 1 APPPATH\Views\data\create\create4.php(78): explode(',', null)
 2 SYSTEMPATH\View\View.php(234): include('C:\\xampp\\htdocs\\prospera\\app\\Views\\data\\create\\create4.php')
 3 SYSTEMPATH\View\View.php(237): CodeIgniter\View\View->CodeIgniter\View\{closure}()
 4 SYSTEMPATH\Common.php(1171): CodeIgniter\View\View->render('data/create/create4', [], true)
 5 APPPATH\Controllers\Data.php(361): view('data/create/create4', [...])
 6 SYSTEMPATH\CodeIgniter.php(933): App\Controllers\Data->create4('10')
 7 SYSTEMPATH\CodeIgniter.php(509): CodeIgniter\CodeIgniter->runController(Object(App\Controllers\Data))
 8 SYSTEMPATH\CodeIgniter.php(355): CodeIgniter\CodeIgniter->handleRequest(null, Object(Config\Cache), false)
 9 SYSTEMPATH\Boot.php(312): CodeIgniter\CodeIgniter->run()
10 SYSTEMPATH\Boot.php(67): CodeIgniter\Boot::runCodeIgniter(Object(CodeIgniter\CodeIgniter))
11 FCPATH\index.php(56): CodeIgniter\Boot::bootWeb(Object(Config\Paths))
12 SYSTEMPATH\Commands\Server\rewrite.php(49): require_once('C:\\xampp\\htdocs\\prospera\\public\\index.php')
WARNING - 2024-07-22 03:08:22 --> [DEPRECATED] explode(): Passing null to parameter #2 ($string) of type string is deprecated in APPPATH\Views\data\create\create4.php on line 79.
 1 APPPATH\Views\data\create\create4.php(79): explode(',', null)
 2 SYSTEMPATH\View\View.php(234): include('C:\\xampp\\htdocs\\prospera\\app\\Views\\data\\create\\create4.php')
 3 SYSTEMPATH\View\View.php(237): CodeIgniter\View\View->CodeIgniter\View\{closure}()
 4 SYSTEMPATH\Common.php(1171): CodeIgniter\View\View->render('data/create/create4', [], true)
 5 APPPATH\Controllers\Data.php(361): view('data/create/create4', [...])
 6 SYSTEMPATH\CodeIgniter.php(933): App\Controllers\Data->create4('10')
 7 SYSTEMPATH\CodeIgniter.php(509): CodeIgniter\CodeIgniter->runController(Object(App\Controllers\Data))
 8 SYSTEMPATH\CodeIgniter.php(355): CodeIgniter\CodeIgniter->handleRequest(null, Object(Config\Cache), false)
 9 SYSTEMPATH\Boot.php(312): CodeIgniter\CodeIgniter->run()
10 SYSTEMPATH\Boot.php(67): CodeIgniter\Boot::runCodeIgniter(Object(CodeIgniter\CodeIgniter))
11 FCPATH\index.php(56): CodeIgniter\Boot::bootWeb(Object(Config\Paths))
12 SYSTEMPATH\Commands\Server\rewrite.php(49): require_once('C:\\xampp\\htdocs\\prospera\\public\\index.php')
WARNING - 2024-07-22 03:08:22 --> [DEPRECATED] explode(): Passing null to parameter #2 ($string) of type string is deprecated in APPPATH\Views\data\create\create4.php on line 80.
 1 APPPATH\Views\data\create\create4.php(80): explode(',', null)
 2 SYSTEMPATH\View\View.php(234): include('C:\\xampp\\htdocs\\prospera\\app\\Views\\data\\create\\create4.php')
 3 SYSTEMPATH\View\View.php(237): CodeIgniter\View\View->CodeIgniter\View\{closure}()
 4 SYSTEMPATH\Common.php(1171): CodeIgniter\View\View->render('data/create/create4', [], true)
 5 APPPATH\Controllers\Data.php(361): view('data/create/create4', [...])
 6 SYSTEMPATH\CodeIgniter.php(933): App\Controllers\Data->create4('10')
 7 SYSTEMPATH\CodeIgniter.php(509): CodeIgniter\CodeIgniter->runController(Object(App\Controllers\Data))
 8 SYSTEMPATH\CodeIgniter.php(355): CodeIgniter\CodeIgniter->handleRequest(null, Object(Config\Cache), false)
 9 SYSTEMPATH\Boot.php(312): CodeIgniter\CodeIgniter->run()
10 SYSTEMPATH\Boot.php(67): CodeIgniter\Boot::runCodeIgniter(Object(CodeIgniter\CodeIgniter))
11 FCPATH\index.php(56): CodeIgniter\Boot::bootWeb(Object(Config\Paths))
12 SYSTEMPATH\Commands\Server\rewrite.php(49): require_once('C:\\xampp\\htdocs\\prospera\\public\\index.php')
WARNING - 2024-07-22 03:08:22 --> [DEPRECATED] explode(): Passing null to parameter #2 ($string) of type string is deprecated in APPPATH\Views\data\create\create4.php on line 91.
 1 APPPATH\Views\data\create\create4.php(91): explode(',', null)
 2 SYSTEMPATH\View\View.php(234): include('C:\\xampp\\htdocs\\prospera\\app\\Views\\data\\create\\create4.php')
 3 SYSTEMPATH\View\View.php(237): CodeIgniter\View\View->CodeIgniter\View\{closure}()
 4 SYSTEMPATH\Common.php(1171): CodeIgniter\View\View->render('data/create/create4', [], true)
 5 APPPATH\Controllers\Data.php(361): view('data/create/create4', [...])
 6 SYSTEMPATH\CodeIgniter.php(933): App\Controllers\Data->create4('10')
 7 SYSTEMPATH\CodeIgniter.php(509): CodeIgniter\CodeIgniter->runController(Object(App\Controllers\Data))
 8 SYSTEMPATH\CodeIgniter.php(355): CodeIgniter\CodeIgniter->handleRequest(null, Object(Config\Cache), false)
 9 SYSTEMPATH\Boot.php(312): CodeIgniter\CodeIgniter->run()
10 SYSTEMPATH\Boot.php(67): CodeIgniter\Boot::runCodeIgniter(Object(CodeIgniter\CodeIgniter))
11 FCPATH\index.php(56): CodeIgniter\Boot::bootWeb(Object(Config\Paths))
12 SYSTEMPATH\Commands\Server\rewrite.php(49): require_once('C:\\xampp\\htdocs\\prospera\\public\\index.php')
WARNING - 2024-07-22 03:08:22 --> [DEPRECATED] explode(): Passing null to parameter #2 ($string) of type string is deprecated in APPPATH\Views\data\create\create4.php on line 92.
 1 APPPATH\Views\data\create\create4.php(92): explode(',', null)
 2 SYSTEMPATH\View\View.php(234): include('C:\\xampp\\htdocs\\prospera\\app\\Views\\data\\create\\create4.php')
 3 SYSTEMPATH\View\View.php(237): CodeIgniter\View\View->CodeIgniter\View\{closure}()
 4 SYSTEMPATH\Common.php(1171): CodeIgniter\View\View->render('data/create/create4', [], true)
 5 APPPATH\Controllers\Data.php(361): view('data/create/create4', [...])
 6 SYSTEMPATH\CodeIgniter.php(933): App\Controllers\Data->create4('10')
 7 SYSTEMPATH\CodeIgniter.php(509): CodeIgniter\CodeIgniter->runController(Object(App\Controllers\Data))
 8 SYSTEMPATH\CodeIgniter.php(355): CodeIgniter\CodeIgniter->handleRequest(null, Object(Config\Cache), false)
 9 SYSTEMPATH\Boot.php(312): CodeIgniter\CodeIgniter->run()
10 SYSTEMPATH\Boot.php(67): CodeIgniter\Boot::runCodeIgniter(Object(CodeIgniter\CodeIgniter))
11 FCPATH\index.php(56): CodeIgniter\Boot::bootWeb(Object(Config\Paths))
12 SYSTEMPATH\Commands\Server\rewrite.php(49): require_once('C:\\xampp\\htdocs\\prospera\\public\\index.php')
WARNING - 2024-07-22 03:08:22 --> [DEPRECATED] explode(): Passing null to parameter #2 ($string) of type string is deprecated in APPPATH\Views\data\create\create4.php on line 93.
 1 APPPATH\Views\data\create\create4.php(93): explode(',', null)
 2 SYSTEMPATH\View\View.php(234): include('C:\\xampp\\htdocs\\prospera\\app\\Views\\data\\create\\create4.php')
 3 SYSTEMPATH\View\View.php(237): CodeIgniter\View\View->CodeIgniter\View\{closure}()
 4 SYSTEMPATH\Common.php(1171): CodeIgniter\View\View->render('data/create/create4', [], true)
 5 APPPATH\Controllers\Data.php(361): view('data/create/create4', [...])
 6 SYSTEMPATH\CodeIgniter.php(933): App\Controllers\Data->create4('10')
 7 SYSTEMPATH\CodeIgniter.php(509): CodeIgniter\CodeIgniter->runController(Object(App\Controllers\Data))
 8 SYSTEMPATH\CodeIgniter.php(355): CodeIgniter\CodeIgniter->handleRequest(null, Object(Config\Cache), false)
 9 SYSTEMPATH\Boot.php(312): CodeIgniter\CodeIgniter->run()
10 SYSTEMPATH\Boot.php(67): CodeIgniter\Boot::runCodeIgniter(Object(CodeIgniter\CodeIgniter))
11 FCPATH\index.php(56): CodeIgniter\Boot::bootWeb(Object(Config\Paths))
12 SYSTEMPATH\Commands\Server\rewrite.php(49): require_once('C:\\xampp\\htdocs\\prospera\\public\\index.php')
WARNING - 2024-07-22 03:08:22 --> [DEPRECATED] explode(): Passing null to parameter #2 ($string) of type string is deprecated in APPPATH\Views\data\create\create4.php on line 94.
 1 APPPATH\Views\data\create\create4.php(94): explode(',', null)
 2 SYSTEMPATH\View\View.php(234): include('C:\\xampp\\htdocs\\prospera\\app\\Views\\data\\create\\create4.php')
 3 SYSTEMPATH\View\View.php(237): CodeIgniter\View\View->CodeIgniter\View\{closure}()
 4 SYSTEMPATH\Common.php(1171): CodeIgniter\View\View->render('data/create/create4', [], true)
 5 APPPATH\Controllers\Data.php(361): view('data/create/create4', [...])
 6 SYSTEMPATH\CodeIgniter.php(933): App\Controllers\Data->create4('10')
 7 SYSTEMPATH\CodeIgniter.php(509): CodeIgniter\CodeIgniter->runController(Object(App\Controllers\Data))
 8 SYSTEMPATH\CodeIgniter.php(355): CodeIgniter\CodeIgniter->handleRequest(null, Object(Config\Cache), false)
 9 SYSTEMPATH\Boot.php(312): CodeIgniter\CodeIgniter->run()
10 SYSTEMPATH\Boot.php(67): CodeIgniter\Boot::runCodeIgniter(Object(CodeIgniter\CodeIgniter))
11 FCPATH\index.php(56): CodeIgniter\Boot::bootWeb(Object(Config\Paths))
12 SYSTEMPATH\Commands\Server\rewrite.php(49): require_once('C:\\xampp\\htdocs\\prospera\\public\\index.php')
WARNING - 2024-07-22 03:08:22 --> [DEPRECATED] explode(): Passing null to parameter #2 ($string) of type string is deprecated in APPPATH\Views\data\create\create4.php on line 77.
 1 APPPATH\Views\data\create\create4.php(77): explode(',', null)
 2 SYSTEMPATH\View\View.php(234): include('C:\\xampp\\htdocs\\prospera\\app\\Views\\data\\create\\create4.php')
 3 SYSTEMPATH\View\View.php(237): CodeIgniter\View\View->CodeIgniter\View\{closure}()
 4 SYSTEMPATH\Common.php(1171): CodeIgniter\View\View->render('data/create/create4', [], true)
 5 APPPATH\Controllers\Data.php(361): view('data/create/create4', [...])
 6 SYSTEMPATH\CodeIgniter.php(933): App\Controllers\Data->create4('10')
 7 SYSTEMPATH\CodeIgniter.php(509): CodeIgniter\CodeIgniter->runController(Object(App\Controllers\Data))
 8 SYSTEMPATH\CodeIgniter.php(355): CodeIgniter\CodeIgniter->handleRequest(null, Object(Config\Cache), false)
 9 SYSTEMPATH\Boot.php(312): CodeIgniter\CodeIgniter->run()
10 SYSTEMPATH\Boot.php(67): CodeIgniter\Boot::runCodeIgniter(Object(CodeIgniter\CodeIgniter))
11 FCPATH\index.php(56): CodeIgniter\Boot::bootWeb(Object(Config\Paths))
12 SYSTEMPATH\Commands\Server\rewrite.php(49): require_once('C:\\xampp\\htdocs\\prospera\\public\\index.php')
WARNING - 2024-07-22 03:08:22 --> [DEPRECATED] explode(): Passing null to parameter #2 ($string) of type string is deprecated in APPPATH\Views\data\create\create4.php on line 78.
 1 APPPATH\Views\data\create\create4.php(78): explode(',', null)
 2 SYSTEMPATH\View\View.php(234): include('C:\\xampp\\htdocs\\prospera\\app\\Views\\data\\create\\create4.php')
 3 SYSTEMPATH\View\View.php(237): CodeIgniter\View\View->CodeIgniter\View\{closure}()
 4 SYSTEMPATH\Common.php(1171): CodeIgniter\View\View->render('data/create/create4', [], true)
 5 APPPATH\Controllers\Data.php(361): view('data/create/create4', [...])
 6 SYSTEMPATH\CodeIgniter.php(933): App\Controllers\Data->create4('10')
 7 SYSTEMPATH\CodeIgniter.php(509): CodeIgniter\CodeIgniter->runController(Object(App\Controllers\Data))
 8 SYSTEMPATH\CodeIgniter.php(355): CodeIgniter\CodeIgniter->handleRequest(null, Object(Config\Cache), false)
 9 SYSTEMPATH\Boot.php(312): CodeIgniter\CodeIgniter->run()
10 SYSTEMPATH\Boot.php(67): CodeIgniter\Boot::runCodeIgniter(Object(CodeIgniter\CodeIgniter))
11 FCPATH\index.php(56): CodeIgniter\Boot::bootWeb(Object(Config\Paths))
12 SYSTEMPATH\Commands\Server\rewrite.php(49): require_once('C:\\xampp\\htdocs\\prospera\\public\\index.php')
WARNING - 2024-07-22 03:08:22 --> [DEPRECATED] explode(): Passing null to parameter #2 ($string) of type string is deprecated in APPPATH\Views\data\create\create4.php on line 79.
 1 APPPATH\Views\data\create\create4.php(79): explode(',', null)
 2 SYSTEMPATH\View\View.php(234): include('C:\\xampp\\htdocs\\prospera\\app\\Views\\data\\create\\create4.php')
 3 SYSTEMPATH\View\View.php(237): CodeIgniter\View\View->CodeIgniter\View\{closure}()
 4 SYSTEMPATH\Common.php(1171): CodeIgniter\View\View->render('data/create/create4', [], true)
 5 APPPATH\Controllers\Data.php(361): view('data/create/create4', [...])
 6 SYSTEMPATH\CodeIgniter.php(933): App\Controllers\Data->create4('10')
 7 SYSTEMPATH\CodeIgniter.php(509): CodeIgniter\CodeIgniter->runController(Object(App\Controllers\Data))
 8 SYSTEMPATH\CodeIgniter.php(355): CodeIgniter\CodeIgniter->handleRequest(null, Object(Config\Cache), false)
 9 SYSTEMPATH\Boot.php(312): CodeIgniter\CodeIgniter->run()
10 SYSTEMPATH\Boot.php(67): CodeIgniter\Boot::runCodeIgniter(Object(CodeIgniter\CodeIgniter))
11 FCPATH\index.php(56): CodeIgniter\Boot::bootWeb(Object(Config\Paths))
12 SYSTEMPATH\Commands\Server\rewrite.php(49): require_once('C:\\xampp\\htdocs\\prospera\\public\\index.php')
WARNING - 2024-07-22 03:08:22 --> [DEPRECATED] explode(): Passing null to parameter #2 ($string) of type string is deprecated in APPPATH\Views\data\create\create4.php on line 80.
 1 APPPATH\Views\data\create\create4.php(80): explode(',', null)
 2 SYSTEMPATH\View\View.php(234): include('C:\\xampp\\htdocs\\prospera\\app\\Views\\data\\create\\create4.php')
 3 SYSTEMPATH\View\View.php(237): CodeIgniter\View\View->CodeIgniter\View\{closure}()
 4 SYSTEMPATH\Common.php(1171): CodeIgniter\View\View->render('data/create/create4', [], true)
 5 APPPATH\Controllers\Data.php(361): view('data/create/create4', [...])
 6 SYSTEMPATH\CodeIgniter.php(933): App\Controllers\Data->create4('10')
 7 SYSTEMPATH\CodeIgniter.php(509): CodeIgniter\CodeIgniter->runController(Object(App\Controllers\Data))
 8 SYSTEMPATH\CodeIgniter.php(355): CodeIgniter\CodeIgniter->handleRequest(null, Object(Config\Cache), false)
 9 SYSTEMPATH\Boot.php(312): CodeIgniter\CodeIgniter->run()
10 SYSTEMPATH\Boot.php(67): CodeIgniter\Boot::runCodeIgniter(Object(CodeIgniter\CodeIgniter))
11 FCPATH\index.php(56): CodeIgniter\Boot::bootWeb(Object(Config\Paths))
12 SYSTEMPATH\Commands\Server\rewrite.php(49): require_once('C:\\xampp\\htdocs\\prospera\\public\\index.php')
WARNING - 2024-07-22 03:08:22 --> [DEPRECATED] explode(): Passing null to parameter #2 ($string) of type string is deprecated in APPPATH\Views\data\create\create4.php on line 91.
 1 APPPATH\Views\data\create\create4.php(91): explode(',', null)
 2 SYSTEMPATH\View\View.php(234): include('C:\\xampp\\htdocs\\prospera\\app\\Views\\data\\create\\create4.php')
 3 SYSTEMPATH\View\View.php(237): CodeIgniter\View\View->CodeIgniter\View\{closure}()
 4 SYSTEMPATH\Common.php(1171): CodeIgniter\View\View->render('data/create/create4', [], true)
 5 APPPATH\Controllers\Data.php(361): view('data/create/create4', [...])
 6 SYSTEMPATH\CodeIgniter.php(933): App\Controllers\Data->create4('10')
 7 SYSTEMPATH\CodeIgniter.php(509): CodeIgniter\CodeIgniter->runController(Object(App\Controllers\Data))
 8 SYSTEMPATH\CodeIgniter.php(355): CodeIgniter\CodeIgniter->handleRequest(null, Object(Config\Cache), false)
 9 SYSTEMPATH\Boot.php(312): CodeIgniter\CodeIgniter->run()
10 SYSTEMPATH\Boot.php(67): CodeIgniter\Boot::runCodeIgniter(Object(CodeIgniter\CodeIgniter))
11 FCPATH\index.php(56): CodeIgniter\Boot::bootWeb(Object(Config\Paths))
12 SYSTEMPATH\Commands\Server\rewrite.php(49): require_once('C:\\xampp\\htdocs\\prospera\\public\\index.php')
WARNING - 2024-07-22 03:08:22 --> [DEPRECATED] explode(): Passing null to parameter #2 ($string) of type string is deprecated in APPPATH\Views\data\create\create4.php on line 92.
 1 APPPATH\Views\data\create\create4.php(92): explode(',', null)
 2 SYSTEMPATH\View\View.php(234): include('C:\\xampp\\htdocs\\prospera\\app\\Views\\data\\create\\create4.php')
 3 SYSTEMPATH\View\View.php(237): CodeIgniter\View\View->CodeIgniter\View\{closure}()
 4 SYSTEMPATH\Common.php(1171): CodeIgniter\View\View->render('data/create/create4', [], true)
 5 APPPATH\Controllers\Data.php(361): view('data/create/create4', [...])
 6 SYSTEMPATH\CodeIgniter.php(933): App\Controllers\Data->create4('10')
 7 SYSTEMPATH\CodeIgniter.php(509): CodeIgniter\CodeIgniter->runController(Object(App\Controllers\Data))
 8 SYSTEMPATH\CodeIgniter.php(355): CodeIgniter\CodeIgniter->handleRequest(null, Object(Config\Cache), false)
 9 SYSTEMPATH\Boot.php(312): CodeIgniter\CodeIgniter->run()
10 SYSTEMPATH\Boot.php(67): CodeIgniter\Boot::runCodeIgniter(Object(CodeIgniter\CodeIgniter))
11 FCPATH\index.php(56): CodeIgniter\Boot::bootWeb(Object(Config\Paths))
12 SYSTEMPATH\Commands\Server\rewrite.php(49): require_once('C:\\xampp\\htdocs\\prospera\\public\\index.php')
WARNING - 2024-07-22 03:08:22 --> [DEPRECATED] explode(): Passing null to parameter #2 ($string) of type string is deprecated in APPPATH\Views\data\create\create4.php on line 93.
 1 APPPATH\Views\data\create\create4.php(93): explode(',', null)
 2 SYSTEMPATH\View\View.php(234): include('C:\\xampp\\htdocs\\prospera\\app\\Views\\data\\create\\create4.php')
 3 SYSTEMPATH\View\View.php(237): CodeIgniter\View\View->CodeIgniter\View\{closure}()
 4 SYSTEMPATH\Common.php(1171): CodeIgniter\View\View->render('data/create/create4', [], true)
 5 APPPATH\Controllers\Data.php(361): view('data/create/create4', [...])
 6 SYSTEMPATH\CodeIgniter.php(933): App\Controllers\Data->create4('10')
 7 SYSTEMPATH\CodeIgniter.php(509): CodeIgniter\CodeIgniter->runController(Object(App\Controllers\Data))
 8 SYSTEMPATH\CodeIgniter.php(355): CodeIgniter\CodeIgniter->handleRequest(null, Object(Config\Cache), false)
 9 SYSTEMPATH\Boot.php(312): CodeIgniter\CodeIgniter->run()
10 SYSTEMPATH\Boot.php(67): CodeIgniter\Boot::runCodeIgniter(Object(CodeIgniter\CodeIgniter))
11 FCPATH\index.php(56): CodeIgniter\Boot::bootWeb(Object(Config\Paths))
12 SYSTEMPATH\Commands\Server\rewrite.php(49): require_once('C:\\xampp\\htdocs\\prospera\\public\\index.php')
WARNING - 2024-07-22 03:08:22 --> [DEPRECATED] explode(): Passing null to parameter #2 ($string) of type string is deprecated in APPPATH\Views\data\create\create4.php on line 94.
 1 APPPATH\Views\data\create\create4.php(94): explode(',', null)
 2 SYSTEMPATH\View\View.php(234): include('C:\\xampp\\htdocs\\prospera\\app\\Views\\data\\create\\create4.php')
 3 SYSTEMPATH\View\View.php(237): CodeIgniter\View\View->CodeIgniter\View\{closure}()
 4 SYSTEMPATH\Common.php(1171): CodeIgniter\View\View->render('data/create/create4', [], true)
 5 APPPATH\Controllers\Data.php(361): view('data/create/create4', [...])
 6 SYSTEMPATH\CodeIgniter.php(933): App\Controllers\Data->create4('10')
 7 SYSTEMPATH\CodeIgniter.php(509): CodeIgniter\CodeIgniter->runController(Object(App\Controllers\Data))
 8 SYSTEMPATH\CodeIgniter.php(355): CodeIgniter\CodeIgniter->handleRequest(null, Object(Config\Cache), false)
 9 SYSTEMPATH\Boot.php(312): CodeIgniter\CodeIgniter->run()
10 SYSTEMPATH\Boot.php(67): CodeIgniter\Boot::runCodeIgniter(Object(CodeIgniter\CodeIgniter))
11 FCPATH\index.php(56): CodeIgniter\Boot::bootWeb(Object(Config\Paths))
12 SYSTEMPATH\Commands\Server\rewrite.php(49): require_once('C:\\xampp\\htdocs\\prospera\\public\\index.php')
WARNING - 2024-07-22 03:08:22 --> [DEPRECATED] explode(): Passing null to parameter #2 ($string) of type string is deprecated in APPPATH\Views\data\create\create4.php on line 77.
 1 APPPATH\Views\data\create\create4.php(77): explode(',', null)
 2 SYSTEMPATH\View\View.php(234): include('C:\\xampp\\htdocs\\prospera\\app\\Views\\data\\create\\create4.php')
 3 SYSTEMPATH\View\View.php(237): CodeIgniter\View\View->CodeIgniter\View\{closure}()
 4 SYSTEMPATH\Common.php(1171): CodeIgniter\View\View->render('data/create/create4', [], true)
 5 APPPATH\Controllers\Data.php(361): view('data/create/create4', [...])
 6 SYSTEMPATH\CodeIgniter.php(933): App\Controllers\Data->create4('10')
 7 SYSTEMPATH\CodeIgniter.php(509): CodeIgniter\CodeIgniter->runController(Object(App\Controllers\Data))
 8 SYSTEMPATH\CodeIgniter.php(355): CodeIgniter\CodeIgniter->handleRequest(null, Object(Config\Cache), false)
 9 SYSTEMPATH\Boot.php(312): CodeIgniter\CodeIgniter->run()
10 SYSTEMPATH\Boot.php(67): CodeIgniter\Boot::runCodeIgniter(Object(CodeIgniter\CodeIgniter))
11 FCPATH\index.php(56): CodeIgniter\Boot::bootWeb(Object(Config\Paths))
12 SYSTEMPATH\Commands\Server\rewrite.php(49): require_once('C:\\xampp\\htdocs\\prospera\\public\\index.php')
WARNING - 2024-07-22 03:08:22 --> [DEPRECATED] explode(): Passing null to parameter #2 ($string) of type string is deprecated in APPPATH\Views\data\create\create4.php on line 78.
 1 APPPATH\Views\data\create\create4.php(78): explode(',', null)
 2 SYSTEMPATH\View\View.php(234): include('C:\\xampp\\htdocs\\prospera\\app\\Views\\data\\create\\create4.php')
 3 SYSTEMPATH\View\View.php(237): CodeIgniter\View\View->CodeIgniter\View\{closure}()
 4 SYSTEMPATH\Common.php(1171): CodeIgniter\View\View->render('data/create/create4', [], true)
 5 APPPATH\Controllers\Data.php(361): view('data/create/create4', [...])
 6 SYSTEMPATH\CodeIgniter.php(933): App\Controllers\Data->create4('10')
 7 SYSTEMPATH\CodeIgniter.php(509): CodeIgniter\CodeIgniter->runController(Object(App\Controllers\Data))
 8 SYSTEMPATH\CodeIgniter.php(355): CodeIgniter\CodeIgniter->handleRequest(null, Object(Config\Cache), false)
 9 SYSTEMPATH\Boot.php(312): CodeIgniter\CodeIgniter->run()
10 SYSTEMPATH\Boot.php(67): CodeIgniter\Boot::runCodeIgniter(Object(CodeIgniter\CodeIgniter))
11 FCPATH\index.php(56): CodeIgniter\Boot::bootWeb(Object(Config\Paths))
12 SYSTEMPATH\Commands\Server\rewrite.php(49): require_once('C:\\xampp\\htdocs\\prospera\\public\\index.php')
WARNING - 2024-07-22 03:08:22 --> [DEPRECATED] explode(): Passing null to parameter #2 ($string) of type string is deprecated in APPPATH\Views\data\create\create4.php on line 79.
 1 APPPATH\Views\data\create\create4.php(79): explode(',', null)
 2 SYSTEMPATH\View\View.php(234): include('C:\\xampp\\htdocs\\prospera\\app\\Views\\data\\create\\create4.php')
 3 SYSTEMPATH\View\View.php(237): CodeIgniter\View\View->CodeIgniter\View\{closure}()
 4 SYSTEMPATH\Common.php(1171): CodeIgniter\View\View->render('data/create/create4', [], true)
 5 APPPATH\Controllers\Data.php(361): view('data/create/create4', [...])
 6 SYSTEMPATH\CodeIgniter.php(933): App\Controllers\Data->create4('10')
 7 SYSTEMPATH\CodeIgniter.php(509): CodeIgniter\CodeIgniter->runController(Object(App\Controllers\Data))
 8 SYSTEMPATH\CodeIgniter.php(355): CodeIgniter\CodeIgniter->handleRequest(null, Object(Config\Cache), false)
 9 SYSTEMPATH\Boot.php(312): CodeIgniter\CodeIgniter->run()
10 SYSTEMPATH\Boot.php(67): CodeIgniter\Boot::runCodeIgniter(Object(CodeIgniter\CodeIgniter))
11 FCPATH\index.php(56): CodeIgniter\Boot::bootWeb(Object(Config\Paths))
12 SYSTEMPATH\Commands\Server\rewrite.php(49): require_once('C:\\xampp\\htdocs\\prospera\\public\\index.php')
WARNING - 2024-07-22 03:08:22 --> [DEPRECATED] explode(): Passing null to parameter #2 ($string) of type string is deprecated in APPPATH\Views\data\create\create4.php on line 80.
 1 APPPATH\Views\data\create\create4.php(80): explode(',', null)
 2 SYSTEMPATH\View\View.php(234): include('C:\\xampp\\htdocs\\prospera\\app\\Views\\data\\create\\create4.php')
 3 SYSTEMPATH\View\View.php(237): CodeIgniter\View\View->CodeIgniter\View\{closure}()
 4 SYSTEMPATH\Common.php(1171): CodeIgniter\View\View->render('data/create/create4', [], true)
 5 APPPATH\Controllers\Data.php(361): view('data/create/create4', [...])
 6 SYSTEMPATH\CodeIgniter.php(933): App\Controllers\Data->create4('10')
 7 SYSTEMPATH\CodeIgniter.php(509): CodeIgniter\CodeIgniter->runController(Object(App\Controllers\Data))
 8 SYSTEMPATH\CodeIgniter.php(355): CodeIgniter\CodeIgniter->handleRequest(null, Object(Config\Cache), false)
 9 SYSTEMPATH\Boot.php(312): CodeIgniter\CodeIgniter->run()
10 SYSTEMPATH\Boot.php(67): CodeIgniter\Boot::runCodeIgniter(Object(CodeIgniter\CodeIgniter))
11 FCPATH\index.php(56): CodeIgniter\Boot::bootWeb(Object(Config\Paths))
12 SYSTEMPATH\Commands\Server\rewrite.php(49): require_once('C:\\xampp\\htdocs\\prospera\\public\\index.php')
WARNING - 2024-07-22 03:08:22 --> [DEPRECATED] explode(): Passing null to parameter #2 ($string) of type string is deprecated in APPPATH\Views\data\create\create4.php on line 91.
 1 APPPATH\Views\data\create\create4.php(91): explode(',', null)
 2 SYSTEMPATH\View\View.php(234): include('C:\\xampp\\htdocs\\prospera\\app\\Views\\data\\create\\create4.php')
 3 SYSTEMPATH\View\View.php(237): CodeIgniter\View\View->CodeIgniter\View\{closure}()
 4 SYSTEMPATH\Common.php(1171): CodeIgniter\View\View->render('data/create/create4', [], true)
 5 APPPATH\Controllers\Data.php(361): view('data/create/create4', [...])
 6 SYSTEMPATH\CodeIgniter.php(933): App\Controllers\Data->create4('10')
 7 SYSTEMPATH\CodeIgniter.php(509): CodeIgniter\CodeIgniter->runController(Object(App\Controllers\Data))
 8 SYSTEMPATH\CodeIgniter.php(355): CodeIgniter\CodeIgniter->handleRequest(null, Object(Config\Cache), false)
 9 SYSTEMPATH\Boot.php(312): CodeIgniter\CodeIgniter->run()
10 SYSTEMPATH\Boot.php(67): CodeIgniter\Boot::runCodeIgniter(Object(CodeIgniter\CodeIgniter))
11 FCPATH\index.php(56): CodeIgniter\Boot::bootWeb(Object(Config\Paths))
12 SYSTEMPATH\Commands\Server\rewrite.php(49): require_once('C:\\xampp\\htdocs\\prospera\\public\\index.php')
WARNING - 2024-07-22 03:08:22 --> [DEPRECATED] explode(): Passing null to parameter #2 ($string) of type string is deprecated in APPPATH\Views\data\create\create4.php on line 92.
 1 APPPATH\Views\data\create\create4.php(92): explode(',', null)
 2 SYSTEMPATH\View\View.php(234): include('C:\\xampp\\htdocs\\prospera\\app\\Views\\data\\create\\create4.php')
 3 SYSTEMPATH\View\View.php(237): CodeIgniter\View\View->CodeIgniter\View\{closure}()
 4 SYSTEMPATH\Common.php(1171): CodeIgniter\View\View->render('data/create/create4', [], true)
 5 APPPATH\Controllers\Data.php(361): view('data/create/create4', [...])
 6 SYSTEMPATH\CodeIgniter.php(933): App\Controllers\Data->create4('10')
 7 SYSTEMPATH\CodeIgniter.php(509): CodeIgniter\CodeIgniter->runController(Object(App\Controllers\Data))
 8 SYSTEMPATH\CodeIgniter.php(355): CodeIgniter\CodeIgniter->handleRequest(null, Object(Config\Cache), false)
 9 SYSTEMPATH\Boot.php(312): CodeIgniter\CodeIgniter->run()
10 SYSTEMPATH\Boot.php(67): CodeIgniter\Boot::runCodeIgniter(Object(CodeIgniter\CodeIgniter))
11 FCPATH\index.php(56): CodeIgniter\Boot::bootWeb(Object(Config\Paths))
12 SYSTEMPATH\Commands\Server\rewrite.php(49): require_once('C:\\xampp\\htdocs\\prospera\\public\\index.php')
WARNING - 2024-07-22 03:08:22 --> [DEPRECATED] explode(): Passing null to parameter #2 ($string) of type string is deprecated in APPPATH\Views\data\create\create4.php on line 93.
 1 APPPATH\Views\data\create\create4.php(93): explode(',', null)
 2 SYSTEMPATH\View\View.php(234): include('C:\\xampp\\htdocs\\prospera\\app\\Views\\data\\create\\create4.php')
 3 SYSTEMPATH\View\View.php(237): CodeIgniter\View\View->CodeIgniter\View\{closure}()
 4 SYSTEMPATH\Common.php(1171): CodeIgniter\View\View->render('data/create/create4', [], true)
 5 APPPATH\Controllers\Data.php(361): view('data/create/create4', [...])
 6 SYSTEMPATH\CodeIgniter.php(933): App\Controllers\Data->create4('10')
 7 SYSTEMPATH\CodeIgniter.php(509): CodeIgniter\CodeIgniter->runController(Object(App\Controllers\Data))
 8 SYSTEMPATH\CodeIgniter.php(355): CodeIgniter\CodeIgniter->handleRequest(null, Object(Config\Cache), false)
 9 SYSTEMPATH\Boot.php(312): CodeIgniter\CodeIgniter->run()
10 SYSTEMPATH\Boot.php(67): CodeIgniter\Boot::runCodeIgniter(Object(CodeIgniter\CodeIgniter))
11 FCPATH\index.php(56): CodeIgniter\Boot::bootWeb(Object(Config\Paths))
12 SYSTEMPATH\Commands\Server\rewrite.php(49): require_once('C:\\xampp\\htdocs\\prospera\\public\\index.php')
WARNING - 2024-07-22 03:08:22 --> [DEPRECATED] explode(): Passing null to parameter #2 ($string) of type string is deprecated in APPPATH\Views\data\create\create4.php on line 94.
 1 APPPATH\Views\data\create\create4.php(94): explode(',', null)
 2 SYSTEMPATH\View\View.php(234): include('C:\\xampp\\htdocs\\prospera\\app\\Views\\data\\create\\create4.php')
 3 SYSTEMPATH\View\View.php(237): CodeIgniter\View\View->CodeIgniter\View\{closure}()
 4 SYSTEMPATH\Common.php(1171): CodeIgniter\View\View->render('data/create/create4', [], true)
 5 APPPATH\Controllers\Data.php(361): view('data/create/create4', [...])
 6 SYSTEMPATH\CodeIgniter.php(933): App\Controllers\Data->create4('10')
 7 SYSTEMPATH\CodeIgniter.php(509): CodeIgniter\CodeIgniter->runController(Object(App\Controllers\Data))
 8 SYSTEMPATH\CodeIgniter.php(355): CodeIgniter\CodeIgniter->handleRequest(null, Object(Config\Cache), false)
 9 SYSTEMPATH\Boot.php(312): CodeIgniter\CodeIgniter->run()
10 SYSTEMPATH\Boot.php(67): CodeIgniter\Boot::runCodeIgniter(Object(CodeIgniter\CodeIgniter))
11 FCPATH\index.php(56): CodeIgniter\Boot::bootWeb(Object(Config\Paths))
12 SYSTEMPATH\Commands\Server\rewrite.php(49): require_once('C:\\xampp\\htdocs\\prospera\\public\\index.php')
WARNING - 2024-07-22 03:08:22 --> [DEPRECATED] explode(): Passing null to parameter #2 ($string) of type string is deprecated in APPPATH\Views\data\create\create4.php on line 77.
 1 APPPATH\Views\data\create\create4.php(77): explode(',', null)
 2 SYSTEMPATH\View\View.php(234): include('C:\\xampp\\htdocs\\prospera\\app\\Views\\data\\create\\create4.php')
 3 SYSTEMPATH\View\View.php(237): CodeIgniter\View\View->CodeIgniter\View\{closure}()
 4 SYSTEMPATH\Common.php(1171): CodeIgniter\View\View->render('data/create/create4', [], true)
 5 APPPATH\Controllers\Data.php(361): view('data/create/create4', [...])
 6 SYSTEMPATH\CodeIgniter.php(933): App\Controllers\Data->create4('10')
 7 SYSTEMPATH\CodeIgniter.php(509): CodeIgniter\CodeIgniter->runController(Object(App\Controllers\Data))
 8 SYSTEMPATH\CodeIgniter.php(355): CodeIgniter\CodeIgniter->handleRequest(null, Object(Config\Cache), false)
 9 SYSTEMPATH\Boot.php(312): CodeIgniter\CodeIgniter->run()
10 SYSTEMPATH\Boot.php(67): CodeIgniter\Boot::runCodeIgniter(Object(CodeIgniter\CodeIgniter))
11 FCPATH\index.php(56): CodeIgniter\Boot::bootWeb(Object(Config\Paths))
12 SYSTEMPATH\Commands\Server\rewrite.php(49): require_once('C:\\xampp\\htdocs\\prospera\\public\\index.php')
WARNING - 2024-07-22 03:08:22 --> [DEPRECATED] explode(): Passing null to parameter #2 ($string) of type string is deprecated in APPPATH\Views\data\create\create4.php on line 78.
 1 APPPATH\Views\data\create\create4.php(78): explode(',', null)
 2 SYSTEMPATH\View\View.php(234): include('C:\\xampp\\htdocs\\prospera\\app\\Views\\data\\create\\create4.php')
 3 SYSTEMPATH\View\View.php(237): CodeIgniter\View\View->CodeIgniter\View\{closure}()
 4 SYSTEMPATH\Common.php(1171): CodeIgniter\View\View->render('data/create/create4', [], true)
 5 APPPATH\Controllers\Data.php(361): view('data/create/create4', [...])
 6 SYSTEMPATH\CodeIgniter.php(933): App\Controllers\Data->create4('10')
 7 SYSTEMPATH\CodeIgniter.php(509): CodeIgniter\CodeIgniter->runController(Object(App\Controllers\Data))
 8 SYSTEMPATH\CodeIgniter.php(355): CodeIgniter\CodeIgniter->handleRequest(null, Object(Config\Cache), false)
 9 SYSTEMPATH\Boot.php(312): CodeIgniter\CodeIgniter->run()
10 SYSTEMPATH\Boot.php(67): CodeIgniter\Boot::runCodeIgniter(Object(CodeIgniter\CodeIgniter))
11 FCPATH\index.php(56): CodeIgniter\Boot::bootWeb(Object(Config\Paths))
12 SYSTEMPATH\Commands\Server\rewrite.php(49): require_once('C:\\xampp\\htdocs\\prospera\\public\\index.php')
WARNING - 2024-07-22 03:08:22 --> [DEPRECATED] explode(): Passing null to parameter #2 ($string) of type string is deprecated in APPPATH\Views\data\create\create4.php on line 79.
 1 APPPATH\Views\data\create\create4.php(79): explode(',', null)
 2 SYSTEMPATH\View\View.php(234): include('C:\\xampp\\htdocs\\prospera\\app\\Views\\data\\create\\create4.php')
 3 SYSTEMPATH\View\View.php(237): CodeIgniter\View\View->CodeIgniter\View\{closure}()
 4 SYSTEMPATH\Common.php(1171): CodeIgniter\View\View->render('data/create/create4', [], true)
 5 APPPATH\Controllers\Data.php(361): view('data/create/create4', [...])
 6 SYSTEMPATH\CodeIgniter.php(933): App\Controllers\Data->create4('10')
 7 SYSTEMPATH\CodeIgniter.php(509): CodeIgniter\CodeIgniter->runController(Object(App\Controllers\Data))
 8 SYSTEMPATH\CodeIgniter.php(355): CodeIgniter\CodeIgniter->handleRequest(null, Object(Config\Cache), false)
 9 SYSTEMPATH\Boot.php(312): CodeIgniter\CodeIgniter->run()
10 SYSTEMPATH\Boot.php(67): CodeIgniter\Boot::runCodeIgniter(Object(CodeIgniter\CodeIgniter))
11 FCPATH\index.php(56): CodeIgniter\Boot::bootWeb(Object(Config\Paths))
12 SYSTEMPATH\Commands\Server\rewrite.php(49): require_once('C:\\xampp\\htdocs\\prospera\\public\\index.php')
WARNING - 2024-07-22 03:08:22 --> [DEPRECATED] explode(): Passing null to parameter #2 ($string) of type string is deprecated in APPPATH\Views\data\create\create4.php on line 80.
 1 APPPATH\Views\data\create\create4.php(80): explode(',', null)
 2 SYSTEMPATH\View\View.php(234): include('C:\\xampp\\htdocs\\prospera\\app\\Views\\data\\create\\create4.php')
 3 SYSTEMPATH\View\View.php(237): CodeIgniter\View\View->CodeIgniter\View\{closure}()
 4 SYSTEMPATH\Common.php(1171): CodeIgniter\View\View->render('data/create/create4', [], true)
 5 APPPATH\Controllers\Data.php(361): view('data/create/create4', [...])
 6 SYSTEMPATH\CodeIgniter.php(933): App\Controllers\Data->create4('10')
 7 SYSTEMPATH\CodeIgniter.php(509): CodeIgniter\CodeIgniter->runController(Object(App\Controllers\Data))
 8 SYSTEMPATH\CodeIgniter.php(355): CodeIgniter\CodeIgniter->handleRequest(null, Object(Config\Cache), false)
 9 SYSTEMPATH\Boot.php(312): CodeIgniter\CodeIgniter->run()
10 SYSTEMPATH\Boot.php(67): CodeIgniter\Boot::runCodeIgniter(Object(CodeIgniter\CodeIgniter))
11 FCPATH\index.php(56): CodeIgniter\Boot::bootWeb(Object(Config\Paths))
12 SYSTEMPATH\Commands\Server\rewrite.php(49): require_once('C:\\xampp\\htdocs\\prospera\\public\\index.php')
WARNING - 2024-07-22 03:08:22 --> [DEPRECATED] explode(): Passing null to parameter #2 ($string) of type string is deprecated in APPPATH\Views\data\create\create4.php on line 91.
 1 APPPATH\Views\data\create\create4.php(91): explode(',', null)
 2 SYSTEMPATH\View\View.php(234): include('C:\\xampp\\htdocs\\prospera\\app\\Views\\data\\create\\create4.php')
 3 SYSTEMPATH\View\View.php(237): CodeIgniter\View\View->CodeIgniter\View\{closure}()
 4 SYSTEMPATH\Common.php(1171): CodeIgniter\View\View->render('data/create/create4', [], true)
 5 APPPATH\Controllers\Data.php(361): view('data/create/create4', [...])
 6 SYSTEMPATH\CodeIgniter.php(933): App\Controllers\Data->create4('10')
 7 SYSTEMPATH\CodeIgniter.php(509): CodeIgniter\CodeIgniter->runController(Object(App\Controllers\Data))
 8 SYSTEMPATH\CodeIgniter.php(355): CodeIgniter\CodeIgniter->handleRequest(null, Object(Config\Cache), false)
 9 SYSTEMPATH\Boot.php(312): CodeIgniter\CodeIgniter->run()
10 SYSTEMPATH\Boot.php(67): CodeIgniter\Boot::runCodeIgniter(Object(CodeIgniter\CodeIgniter))
11 FCPATH\index.php(56): CodeIgniter\Boot::bootWeb(Object(Config\Paths))
12 SYSTEMPATH\Commands\Server\rewrite.php(49): require_once('C:\\xampp\\htdocs\\prospera\\public\\index.php')
WARNING - 2024-07-22 03:08:22 --> [DEPRECATED] explode(): Passing null to parameter #2 ($string) of type string is deprecated in APPPATH\Views\data\create\create4.php on line 92.
 1 APPPATH\Views\data\create\create4.php(92): explode(',', null)
 2 SYSTEMPATH\View\View.php(234): include('C:\\xampp\\htdocs\\prospera\\app\\Views\\data\\create\\create4.php')
 3 SYSTEMPATH\View\View.php(237): CodeIgniter\View\View->CodeIgniter\View\{closure}()
 4 SYSTEMPATH\Common.php(1171): CodeIgniter\View\View->render('data/create/create4', [], true)
 5 APPPATH\Controllers\Data.php(361): view('data/create/create4', [...])
 6 SYSTEMPATH\CodeIgniter.php(933): App\Controllers\Data->create4('10')
 7 SYSTEMPATH\CodeIgniter.php(509): CodeIgniter\CodeIgniter->runController(Object(App\Controllers\Data))
 8 SYSTEMPATH\CodeIgniter.php(355): CodeIgniter\CodeIgniter->handleRequest(null, Object(Config\Cache), false)
 9 SYSTEMPATH\Boot.php(312): CodeIgniter\CodeIgniter->run()
10 SYSTEMPATH\Boot.php(67): CodeIgniter\Boot::runCodeIgniter(Object(CodeIgniter\CodeIgniter))
11 FCPATH\index.php(56): CodeIgniter\Boot::bootWeb(Object(Config\Paths))
12 SYSTEMPATH\Commands\Server\rewrite.php(49): require_once('C:\\xampp\\htdocs\\prospera\\public\\index.php')
WARNING - 2024-07-22 03:08:22 --> [DEPRECATED] explode(): Passing null to parameter #2 ($string) of type string is deprecated in APPPATH\Views\data\create\create4.php on line 93.
 1 APPPATH\Views\data\create\create4.php(93): explode(',', null)
 2 SYSTEMPATH\View\View.php(234): include('C:\\xampp\\htdocs\\prospera\\app\\Views\\data\\create\\create4.php')
 3 SYSTEMPATH\View\View.php(237): CodeIgniter\View\View->CodeIgniter\View\{closure}()
 4 SYSTEMPATH\Common.php(1171): CodeIgniter\View\View->render('data/create/create4', [], true)
 5 APPPATH\Controllers\Data.php(361): view('data/create/create4', [...])
 6 SYSTEMPATH\CodeIgniter.php(933): App\Controllers\Data->create4('10')
 7 SYSTEMPATH\CodeIgniter.php(509): CodeIgniter\CodeIgniter->runController(Object(App\Controllers\Data))
 8 SYSTEMPATH\CodeIgniter.php(355): CodeIgniter\CodeIgniter->handleRequest(null, Object(Config\Cache), false)
 9 SYSTEMPATH\Boot.php(312): CodeIgniter\CodeIgniter->run()
10 SYSTEMPATH\Boot.php(67): CodeIgniter\Boot::runCodeIgniter(Object(CodeIgniter\CodeIgniter))
11 FCPATH\index.php(56): CodeIgniter\Boot::bootWeb(Object(Config\Paths))
12 SYSTEMPATH\Commands\Server\rewrite.php(49): require_once('C:\\xampp\\htdocs\\prospera\\public\\index.php')
WARNING - 2024-07-22 03:08:22 --> [DEPRECATED] explode(): Passing null to parameter #2 ($string) of type string is deprecated in APPPATH\Views\data\create\create4.php on line 94.
 1 APPPATH\Views\data\create\create4.php(94): explode(',', null)
 2 SYSTEMPATH\View\View.php(234): include('C:\\xampp\\htdocs\\prospera\\app\\Views\\data\\create\\create4.php')
 3 SYSTEMPATH\View\View.php(237): CodeIgniter\View\View->CodeIgniter\View\{closure}()
 4 SYSTEMPATH\Common.php(1171): CodeIgniter\View\View->render('data/create/create4', [], true)
 5 APPPATH\Controllers\Data.php(361): view('data/create/create4', [...])
 6 SYSTEMPATH\CodeIgniter.php(933): App\Controllers\Data->create4('10')
 7 SYSTEMPATH\CodeIgniter.php(509): CodeIgniter\CodeIgniter->runController(Object(App\Controllers\Data))
 8 SYSTEMPATH\CodeIgniter.php(355): CodeIgniter\CodeIgniter->handleRequest(null, Object(Config\Cache), false)
 9 SYSTEMPATH\Boot.php(312): CodeIgniter\CodeIgniter->run()
10 SYSTEMPATH\Boot.php(67): CodeIgniter\Boot::runCodeIgniter(Object(CodeIgniter\CodeIgniter))
11 FCPATH\index.php(56): CodeIgniter\Boot::bootWeb(Object(Config\Paths))
12 SYSTEMPATH\Commands\Server\rewrite.php(49): require_once('C:\\xampp\\htdocs\\prospera\\public\\index.php')
WARNING - 2024-07-22 03:08:22 --> [DEPRECATED] explode(): Passing null to parameter #2 ($string) of type string is deprecated in APPPATH\Views\data\create\create4.php on line 77.
 1 APPPATH\Views\data\create\create4.php(77): explode(',', null)
 2 SYSTEMPATH\View\View.php(234): include('C:\\xampp\\htdocs\\prospera\\app\\Views\\data\\create\\create4.php')
 3 SYSTEMPATH\View\View.php(237): CodeIgniter\View\View->CodeIgniter\View\{closure}()
 4 SYSTEMPATH\Common.php(1171): CodeIgniter\View\View->render('data/create/create4', [], true)
 5 APPPATH\Controllers\Data.php(361): view('data/create/create4', [...])
 6 SYSTEMPATH\CodeIgniter.php(933): App\Controllers\Data->create4('10')
 7 SYSTEMPATH\CodeIgniter.php(509): CodeIgniter\CodeIgniter->runController(Object(App\Controllers\Data))
 8 SYSTEMPATH\CodeIgniter.php(355): CodeIgniter\CodeIgniter->handleRequest(null, Object(Config\Cache), false)
 9 SYSTEMPATH\Boot.php(312): CodeIgniter\CodeIgniter->run()
10 SYSTEMPATH\Boot.php(67): CodeIgniter\Boot::runCodeIgniter(Object(CodeIgniter\CodeIgniter))
11 FCPATH\index.php(56): CodeIgniter\Boot::bootWeb(Object(Config\Paths))
12 SYSTEMPATH\Commands\Server\rewrite.php(49): require_once('C:\\xampp\\htdocs\\prospera\\public\\index.php')
WARNING - 2024-07-22 03:08:22 --> [DEPRECATED] explode(): Passing null to parameter #2 ($string) of type string is deprecated in APPPATH\Views\data\create\create4.php on line 78.
 1 APPPATH\Views\data\create\create4.php(78): explode(',', null)
 2 SYSTEMPATH\View\View.php(234): include('C:\\xampp\\htdocs\\prospera\\app\\Views\\data\\create\\create4.php')
 3 SYSTEMPATH\View\View.php(237): CodeIgniter\View\View->CodeIgniter\View\{closure}()
 4 SYSTEMPATH\Common.php(1171): CodeIgniter\View\View->render('data/create/create4', [], true)
 5 APPPATH\Controllers\Data.php(361): view('data/create/create4', [...])
 6 SYSTEMPATH\CodeIgniter.php(933): App\Controllers\Data->create4('10')
 7 SYSTEMPATH\CodeIgniter.php(509): CodeIgniter\CodeIgniter->runController(Object(App\Controllers\Data))
 8 SYSTEMPATH\CodeIgniter.php(355): CodeIgniter\CodeIgniter->handleRequest(null, Object(Config\Cache), false)
 9 SYSTEMPATH\Boot.php(312): CodeIgniter\CodeIgniter->run()
10 SYSTEMPATH\Boot.php(67): CodeIgniter\Boot::runCodeIgniter(Object(CodeIgniter\CodeIgniter))
11 FCPATH\index.php(56): CodeIgniter\Boot::bootWeb(Object(Config\Paths))
12 SYSTEMPATH\Commands\Server\rewrite.php(49): require_once('C:\\xampp\\htdocs\\prospera\\public\\index.php')
WARNING - 2024-07-22 03:08:22 --> [DEPRECATED] explode(): Passing null to parameter #2 ($string) of type string is deprecated in APPPATH\Views\data\create\create4.php on line 79.
 1 APPPATH\Views\data\create\create4.php(79): explode(',', null)
 2 SYSTEMPATH\View\View.php(234): include('C:\\xampp\\htdocs\\prospera\\app\\Views\\data\\create\\create4.php')
 3 SYSTEMPATH\View\View.php(237): CodeIgniter\View\View->CodeIgniter\View\{closure}()
 4 SYSTEMPATH\Common.php(1171): CodeIgniter\View\View->render('data/create/create4', [], true)
 5 APPPATH\Controllers\Data.php(361): view('data/create/create4', [...])
 6 SYSTEMPATH\CodeIgniter.php(933): App\Controllers\Data->create4('10')
 7 SYSTEMPATH\CodeIgniter.php(509): CodeIgniter\CodeIgniter->runController(Object(App\Controllers\Data))
 8 SYSTEMPATH\CodeIgniter.php(355): CodeIgniter\CodeIgniter->handleRequest(null, Object(Config\Cache), false)
 9 SYSTEMPATH\Boot.php(312): CodeIgniter\CodeIgniter->run()
10 SYSTEMPATH\Boot.php(67): CodeIgniter\Boot::runCodeIgniter(Object(CodeIgniter\CodeIgniter))
11 FCPATH\index.php(56): CodeIgniter\Boot::bootWeb(Object(Config\Paths))
12 SYSTEMPATH\Commands\Server\rewrite.php(49): require_once('C:\\xampp\\htdocs\\prospera\\public\\index.php')
WARNING - 2024-07-22 03:08:22 --> [DEPRECATED] explode(): Passing null to parameter #2 ($string) of type string is deprecated in APPPATH\Views\data\create\create4.php on line 80.
 1 APPPATH\Views\data\create\create4.php(80): explode(',', null)
 2 SYSTEMPATH\View\View.php(234): include('C:\\xampp\\htdocs\\prospera\\app\\Views\\data\\create\\create4.php')
 3 SYSTEMPATH\View\View.php(237): CodeIgniter\View\View->CodeIgniter\View\{closure}()
 4 SYSTEMPATH\Common.php(1171): CodeIgniter\View\View->render('data/create/create4', [], true)
 5 APPPATH\Controllers\Data.php(361): view('data/create/create4', [...])
 6 SYSTEMPATH\CodeIgniter.php(933): App\Controllers\Data->create4('10')
 7 SYSTEMPATH\CodeIgniter.php(509): CodeIgniter\CodeIgniter->runController(Object(App\Controllers\Data))
 8 SYSTEMPATH\CodeIgniter.php(355): CodeIgniter\CodeIgniter->handleRequest(null, Object(Config\Cache), false)
 9 SYSTEMPATH\Boot.php(312): CodeIgniter\CodeIgniter->run()
10 SYSTEMPATH\Boot.php(67): CodeIgniter\Boot::runCodeIgniter(Object(CodeIgniter\CodeIgniter))
11 FCPATH\index.php(56): CodeIgniter\Boot::bootWeb(Object(Config\Paths))
12 SYSTEMPATH\Commands\Server\rewrite.php(49): require_once('C:\\xampp\\htdocs\\prospera\\public\\index.php')
WARNING - 2024-07-22 03:08:22 --> [DEPRECATED] explode(): Passing null to parameter #2 ($string) of type string is deprecated in APPPATH\Views\data\create\create4.php on line 91.
 1 APPPATH\Views\data\create\create4.php(91): explode(',', null)
 2 SYSTEMPATH\View\View.php(234): include('C:\\xampp\\htdocs\\prospera\\app\\Views\\data\\create\\create4.php')
 3 SYSTEMPATH\View\View.php(237): CodeIgniter\View\View->CodeIgniter\View\{closure}()
 4 SYSTEMPATH\Common.php(1171): CodeIgniter\View\View->render('data/create/create4', [], true)
 5 APPPATH\Controllers\Data.php(361): view('data/create/create4', [...])
 6 SYSTEMPATH\CodeIgniter.php(933): App\Controllers\Data->create4('10')
 7 SYSTEMPATH\CodeIgniter.php(509): CodeIgniter\CodeIgniter->runController(Object(App\Controllers\Data))
 8 SYSTEMPATH\CodeIgniter.php(355): CodeIgniter\CodeIgniter->handleRequest(null, Object(Config\Cache), false)
 9 SYSTEMPATH\Boot.php(312): CodeIgniter\CodeIgniter->run()
10 SYSTEMPATH\Boot.php(67): CodeIgniter\Boot::runCodeIgniter(Object(CodeIgniter\CodeIgniter))
11 FCPATH\index.php(56): CodeIgniter\Boot::bootWeb(Object(Config\Paths))
12 SYSTEMPATH\Commands\Server\rewrite.php(49): require_once('C:\\xampp\\htdocs\\prospera\\public\\index.php')
WARNING - 2024-07-22 03:08:22 --> [DEPRECATED] explode(): Passing null to parameter #2 ($string) of type string is deprecated in APPPATH\Views\data\create\create4.php on line 92.
 1 APPPATH\Views\data\create\create4.php(92): explode(',', null)
 2 SYSTEMPATH\View\View.php(234): include('C:\\xampp\\htdocs\\prospera\\app\\Views\\data\\create\\create4.php')
 3 SYSTEMPATH\View\View.php(237): CodeIgniter\View\View->CodeIgniter\View\{closure}()
 4 SYSTEMPATH\Common.php(1171): CodeIgniter\View\View->render('data/create/create4', [], true)
 5 APPPATH\Controllers\Data.php(361): view('data/create/create4', [...])
 6 SYSTEMPATH\CodeIgniter.php(933): App\Controllers\Data->create4('10')
 7 SYSTEMPATH\CodeIgniter.php(509): CodeIgniter\CodeIgniter->runController(Object(App\Controllers\Data))
 8 SYSTEMPATH\CodeIgniter.php(355): CodeIgniter\CodeIgniter->handleRequest(null, Object(Config\Cache), false)
 9 SYSTEMPATH\Boot.php(312): CodeIgniter\CodeIgniter->run()
10 SYSTEMPATH\Boot.php(67): CodeIgniter\Boot::runCodeIgniter(Object(CodeIgniter\CodeIgniter))
11 FCPATH\index.php(56): CodeIgniter\Boot::bootWeb(Object(Config\Paths))
12 SYSTEMPATH\Commands\Server\rewrite.php(49): require_once('C:\\xampp\\htdocs\\prospera\\public\\index.php')
WARNING - 2024-07-22 03:08:22 --> [DEPRECATED] explode(): Passing null to parameter #2 ($string) of type string is deprecated in APPPATH\Views\data\create\create4.php on line 93.
 1 APPPATH\Views\data\create\create4.php(93): explode(',', null)
 2 SYSTEMPATH\View\View.php(234): include('C:\\xampp\\htdocs\\prospera\\app\\Views\\data\\create\\create4.php')
 3 SYSTEMPATH\View\View.php(237): CodeIgniter\View\View->CodeIgniter\View\{closure}()
 4 SYSTEMPATH\Common.php(1171): CodeIgniter\View\View->render('data/create/create4', [], true)
 5 APPPATH\Controllers\Data.php(361): view('data/create/create4', [...])
 6 SYSTEMPATH\CodeIgniter.php(933): App\Controllers\Data->create4('10')
 7 SYSTEMPATH\CodeIgniter.php(509): CodeIgniter\CodeIgniter->runController(Object(App\Controllers\Data))
 8 SYSTEMPATH\CodeIgniter.php(355): CodeIgniter\CodeIgniter->handleRequest(null, Object(Config\Cache), false)
 9 SYSTEMPATH\Boot.php(312): CodeIgniter\CodeIgniter->run()
10 SYSTEMPATH\Boot.php(67): CodeIgniter\Boot::runCodeIgniter(Object(CodeIgniter\CodeIgniter))
11 FCPATH\index.php(56): CodeIgniter\Boot::bootWeb(Object(Config\Paths))
12 SYSTEMPATH\Commands\Server\rewrite.php(49): require_once('C:\\xampp\\htdocs\\prospera\\public\\index.php')
WARNING - 2024-07-22 03:08:22 --> [DEPRECATED] explode(): Passing null to parameter #2 ($string) of type string is deprecated in APPPATH\Views\data\create\create4.php on line 94.
 1 APPPATH\Views\data\create\create4.php(94): explode(',', null)
 2 SYSTEMPATH\View\View.php(234): include('C:\\xampp\\htdocs\\prospera\\app\\Views\\data\\create\\create4.php')
 3 SYSTEMPATH\View\View.php(237): CodeIgniter\View\View->CodeIgniter\View\{closure}()
 4 SYSTEMPATH\Common.php(1171): CodeIgniter\View\View->render('data/create/create4', [], true)
 5 APPPATH\Controllers\Data.php(361): view('data/create/create4', [...])
 6 SYSTEMPATH\CodeIgniter.php(933): App\Controllers\Data->create4('10')
 7 SYSTEMPATH\CodeIgniter.php(509): CodeIgniter\CodeIgniter->runController(Object(App\Controllers\Data))
 8 SYSTEMPATH\CodeIgniter.php(355): CodeIgniter\CodeIgniter->handleRequest(null, Object(Config\Cache), false)
 9 SYSTEMPATH\Boot.php(312): CodeIgniter\CodeIgniter->run()
10 SYSTEMPATH\Boot.php(67): CodeIgniter\Boot::runCodeIgniter(Object(CodeIgniter\CodeIgniter))
11 FCPATH\index.php(56): CodeIgniter\Boot::bootWeb(Object(Config\Paths))
12 SYSTEMPATH\Commands\Server\rewrite.php(49): require_once('C:\\xampp\\htdocs\\prospera\\public\\index.php')
WARNING - 2024-07-22 03:08:22 --> [DEPRECATED] explode(): Passing null to parameter #2 ($string) of type string is deprecated in APPPATH\Views\data\create\create4.php on line 77.
 1 APPPATH\Views\data\create\create4.php(77): explode(',', null)
 2 SYSTEMPATH\View\View.php(234): include('C:\\xampp\\htdocs\\prospera\\app\\Views\\data\\create\\create4.php')
 3 SYSTEMPATH\View\View.php(237): CodeIgniter\View\View->CodeIgniter\View\{closure}()
 4 SYSTEMPATH\Common.php(1171): CodeIgniter\View\View->render('data/create/create4', [], true)
 5 APPPATH\Controllers\Data.php(361): view('data/create/create4', [...])
 6 SYSTEMPATH\CodeIgniter.php(933): App\Controllers\Data->create4('10')
 7 SYSTEMPATH\CodeIgniter.php(509): CodeIgniter\CodeIgniter->runController(Object(App\Controllers\Data))
 8 SYSTEMPATH\CodeIgniter.php(355): CodeIgniter\CodeIgniter->handleRequest(null, Object(Config\Cache), false)
 9 SYSTEMPATH\Boot.php(312): CodeIgniter\CodeIgniter->run()
10 SYSTEMPATH\Boot.php(67): CodeIgniter\Boot::runCodeIgniter(Object(CodeIgniter\CodeIgniter))
11 FCPATH\index.php(56): CodeIgniter\Boot::bootWeb(Object(Config\Paths))
12 SYSTEMPATH\Commands\Server\rewrite.php(49): require_once('C:\\xampp\\htdocs\\prospera\\public\\index.php')
WARNING - 2024-07-22 03:08:22 --> [DEPRECATED] explode(): Passing null to parameter #2 ($string) of type string is deprecated in APPPATH\Views\data\create\create4.php on line 78.
 1 APPPATH\Views\data\create\create4.php(78): explode(',', null)
 2 SYSTEMPATH\View\View.php(234): include('C:\\xampp\\htdocs\\prospera\\app\\Views\\data\\create\\create4.php')
 3 SYSTEMPATH\View\View.php(237): CodeIgniter\View\View->CodeIgniter\View\{closure}()
 4 SYSTEMPATH\Common.php(1171): CodeIgniter\View\View->render('data/create/create4', [], true)
 5 APPPATH\Controllers\Data.php(361): view('data/create/create4', [...])
 6 SYSTEMPATH\CodeIgniter.php(933): App\Controllers\Data->create4('10')
 7 SYSTEMPATH\CodeIgniter.php(509): CodeIgniter\CodeIgniter->runController(Object(App\Controllers\Data))
 8 SYSTEMPATH\CodeIgniter.php(355): CodeIgniter\CodeIgniter->handleRequest(null, Object(Config\Cache), false)
 9 SYSTEMPATH\Boot.php(312): CodeIgniter\CodeIgniter->run()
10 SYSTEMPATH\Boot.php(67): CodeIgniter\Boot::runCodeIgniter(Object(CodeIgniter\CodeIgniter))
11 FCPATH\index.php(56): CodeIgniter\Boot::bootWeb(Object(Config\Paths))
12 SYSTEMPATH\Commands\Server\rewrite.php(49): require_once('C:\\xampp\\htdocs\\prospera\\public\\index.php')
WARNING - 2024-07-22 03:08:22 --> [DEPRECATED] explode(): Passing null to parameter #2 ($string) of type string is deprecated in APPPATH\Views\data\create\create4.php on line 79.
 1 APPPATH\Views\data\create\create4.php(79): explode(',', null)
 2 SYSTEMPATH\View\View.php(234): include('C:\\xampp\\htdocs\\prospera\\app\\Views\\data\\create\\create4.php')
 3 SYSTEMPATH\View\View.php(237): CodeIgniter\View\View->CodeIgniter\View\{closure}()
 4 SYSTEMPATH\Common.php(1171): CodeIgniter\View\View->render('data/create/create4', [], true)
 5 APPPATH\Controllers\Data.php(361): view('data/create/create4', [...])
 6 SYSTEMPATH\CodeIgniter.php(933): App\Controllers\Data->create4('10')
 7 SYSTEMPATH\CodeIgniter.php(509): CodeIgniter\CodeIgniter->runController(Object(App\Controllers\Data))
 8 SYSTEMPATH\CodeIgniter.php(355): CodeIgniter\CodeIgniter->handleRequest(null, Object(Config\Cache), false)
 9 SYSTEMPATH\Boot.php(312): CodeIgniter\CodeIgniter->run()
10 SYSTEMPATH\Boot.php(67): CodeIgniter\Boot::runCodeIgniter(Object(CodeIgniter\CodeIgniter))
11 FCPATH\index.php(56): CodeIgniter\Boot::bootWeb(Object(Config\Paths))
12 SYSTEMPATH\Commands\Server\rewrite.php(49): require_once('C:\\xampp\\htdocs\\prospera\\public\\index.php')
WARNING - 2024-07-22 03:08:22 --> [DEPRECATED] explode(): Passing null to parameter #2 ($string) of type string is deprecated in APPPATH\Views\data\create\create4.php on line 80.
 1 APPPATH\Views\data\create\create4.php(80): explode(',', null)
 2 SYSTEMPATH\View\View.php(234): include('C:\\xampp\\htdocs\\prospera\\app\\Views\\data\\create\\create4.php')
 3 SYSTEMPATH\View\View.php(237): CodeIgniter\View\View->CodeIgniter\View\{closure}()
 4 SYSTEMPATH\Common.php(1171): CodeIgniter\View\View->render('data/create/create4', [], true)
 5 APPPATH\Controllers\Data.php(361): view('data/create/create4', [...])
 6 SYSTEMPATH\CodeIgniter.php(933): App\Controllers\Data->create4('10')
 7 SYSTEMPATH\CodeIgniter.php(509): CodeIgniter\CodeIgniter->runController(Object(App\Controllers\Data))
 8 SYSTEMPATH\CodeIgniter.php(355): CodeIgniter\CodeIgniter->handleRequest(null, Object(Config\Cache), false)
 9 SYSTEMPATH\Boot.php(312): CodeIgniter\CodeIgniter->run()
10 SYSTEMPATH\Boot.php(67): CodeIgniter\Boot::runCodeIgniter(Object(CodeIgniter\CodeIgniter))
11 FCPATH\index.php(56): CodeIgniter\Boot::bootWeb(Object(Config\Paths))
12 SYSTEMPATH\Commands\Server\rewrite.php(49): require_once('C:\\xampp\\htdocs\\prospera\\public\\index.php')
WARNING - 2024-07-22 03:08:22 --> [DEPRECATED] explode(): Passing null to parameter #2 ($string) of type string is deprecated in APPPATH\Views\data\create\create4.php on line 91.
 1 APPPATH\Views\data\create\create4.php(91): explode(',', null)
 2 SYSTEMPATH\View\View.php(234): include('C:\\xampp\\htdocs\\prospera\\app\\Views\\data\\create\\create4.php')
 3 SYSTEMPATH\View\View.php(237): CodeIgniter\View\View->CodeIgniter\View\{closure}()
 4 SYSTEMPATH\Common.php(1171): CodeIgniter\View\View->render('data/create/create4', [], true)
 5 APPPATH\Controllers\Data.php(361): view('data/create/create4', [...])
 6 SYSTEMPATH\CodeIgniter.php(933): App\Controllers\Data->create4('10')
 7 SYSTEMPATH\CodeIgniter.php(509): CodeIgniter\CodeIgniter->runController(Object(App\Controllers\Data))
 8 SYSTEMPATH\CodeIgniter.php(355): CodeIgniter\CodeIgniter->handleRequest(null, Object(Config\Cache), false)
 9 SYSTEMPATH\Boot.php(312): CodeIgniter\CodeIgniter->run()
10 SYSTEMPATH\Boot.php(67): CodeIgniter\Boot::runCodeIgniter(Object(CodeIgniter\CodeIgniter))
11 FCPATH\index.php(56): CodeIgniter\Boot::bootWeb(Object(Config\Paths))
12 SYSTEMPATH\Commands\Server\rewrite.php(49): require_once('C:\\xampp\\htdocs\\prospera\\public\\index.php')
WARNING - 2024-07-22 03:08:22 --> [DEPRECATED] explode(): Passing null to parameter #2 ($string) of type string is deprecated in APPPATH\Views\data\create\create4.php on line 92.
 1 APPPATH\Views\data\create\create4.php(92): explode(',', null)
 2 SYSTEMPATH\View\View.php(234): include('C:\\xampp\\htdocs\\prospera\\app\\Views\\data\\create\\create4.php')
 3 SYSTEMPATH\View\View.php(237): CodeIgniter\View\View->CodeIgniter\View\{closure}()
 4 SYSTEMPATH\Common.php(1171): CodeIgniter\View\View->render('data/create/create4', [], true)
 5 APPPATH\Controllers\Data.php(361): view('data/create/create4', [...])
 6 SYSTEMPATH\CodeIgniter.php(933): App\Controllers\Data->create4('10')
 7 SYSTEMPATH\CodeIgniter.php(509): CodeIgniter\CodeIgniter->runController(Object(App\Controllers\Data))
 8 SYSTEMPATH\CodeIgniter.php(355): CodeIgniter\CodeIgniter->handleRequest(null, Object(Config\Cache), false)
 9 SYSTEMPATH\Boot.php(312): CodeIgniter\CodeIgniter->run()
10 SYSTEMPATH\Boot.php(67): CodeIgniter\Boot::runCodeIgniter(Object(CodeIgniter\CodeIgniter))
11 FCPATH\index.php(56): CodeIgniter\Boot::bootWeb(Object(Config\Paths))
12 SYSTEMPATH\Commands\Server\rewrite.php(49): require_once('C:\\xampp\\htdocs\\prospera\\public\\index.php')
WARNING - 2024-07-22 03:08:22 --> [DEPRECATED] explode(): Passing null to parameter #2 ($string) of type string is deprecated in APPPATH\Views\data\create\create4.php on line 93.
 1 APPPATH\Views\data\create\create4.php(93): explode(',', null)
 2 SYSTEMPATH\View\View.php(234): include('C:\\xampp\\htdocs\\prospera\\app\\Views\\data\\create\\create4.php')
 3 SYSTEMPATH\View\View.php(237): CodeIgniter\View\View->CodeIgniter\View\{closure}()
 4 SYSTEMPATH\Common.php(1171): CodeIgniter\View\View->render('data/create/create4', [], true)
 5 APPPATH\Controllers\Data.php(361): view('data/create/create4', [...])
 6 SYSTEMPATH\CodeIgniter.php(933): App\Controllers\Data->create4('10')
 7 SYSTEMPATH\CodeIgniter.php(509): CodeIgniter\CodeIgniter->runController(Object(App\Controllers\Data))
 8 SYSTEMPATH\CodeIgniter.php(355): CodeIgniter\CodeIgniter->handleRequest(null, Object(Config\Cache), false)
 9 SYSTEMPATH\Boot.php(312): CodeIgniter\CodeIgniter->run()
10 SYSTEMPATH\Boot.php(67): CodeIgniter\Boot::runCodeIgniter(Object(CodeIgniter\CodeIgniter))
11 FCPATH\index.php(56): CodeIgniter\Boot::bootWeb(Object(Config\Paths))
12 SYSTEMPATH\Commands\Server\rewrite.php(49): require_once('C:\\xampp\\htdocs\\prospera\\public\\index.php')
WARNING - 2024-07-22 03:08:22 --> [DEPRECATED] explode(): Passing null to parameter #2 ($string) of type string is deprecated in APPPATH\Views\data\create\create4.php on line 94.
 1 APPPATH\Views\data\create\create4.php(94): explode(',', null)
 2 SYSTEMPATH\View\View.php(234): include('C:\\xampp\\htdocs\\prospera\\app\\Views\\data\\create\\create4.php')
 3 SYSTEMPATH\View\View.php(237): CodeIgniter\View\View->CodeIgniter\View\{closure}()
 4 SYSTEMPATH\Common.php(1171): CodeIgniter\View\View->render('data/create/create4', [], true)
 5 APPPATH\Controllers\Data.php(361): view('data/create/create4', [...])
 6 SYSTEMPATH\CodeIgniter.php(933): App\Controllers\Data->create4('10')
 7 SYSTEMPATH\CodeIgniter.php(509): CodeIgniter\CodeIgniter->runController(Object(App\Controllers\Data))
 8 SYSTEMPATH\CodeIgniter.php(355): CodeIgniter\CodeIgniter->handleRequest(null, Object(Config\Cache), false)
 9 SYSTEMPATH\Boot.php(312): CodeIgniter\CodeIgniter->run()
10 SYSTEMPATH\Boot.php(67): CodeIgniter\Boot::runCodeIgniter(Object(CodeIgniter\CodeIgniter))
11 FCPATH\index.php(56): CodeIgniter\Boot::bootWeb(Object(Config\Paths))
12 SYSTEMPATH\Commands\Server\rewrite.php(49): require_once('C:\\xampp\\htdocs\\prospera\\public\\index.php')
WARNING - 2024-07-22 03:08:22 --> [DEPRECATED] explode(): Passing null to parameter #2 ($string) of type string is deprecated in APPPATH\Views\data\create\create4.php on line 77.
 1 APPPATH\Views\data\create\create4.php(77): explode(',', null)
 2 SYSTEMPATH\View\View.php(234): include('C:\\xampp\\htdocs\\prospera\\app\\Views\\data\\create\\create4.php')
 3 SYSTEMPATH\View\View.php(237): CodeIgniter\View\View->CodeIgniter\View\{closure}()
 4 SYSTEMPATH\Common.php(1171): CodeIgniter\View\View->render('data/create/create4', [], true)
 5 APPPATH\Controllers\Data.php(361): view('data/create/create4', [...])
 6 SYSTEMPATH\CodeIgniter.php(933): App\Controllers\Data->create4('10')
 7 SYSTEMPATH\CodeIgniter.php(509): CodeIgniter\CodeIgniter->runController(Object(App\Controllers\Data))
 8 SYSTEMPATH\CodeIgniter.php(355): CodeIgniter\CodeIgniter->handleRequest(null, Object(Config\Cache), false)
 9 SYSTEMPATH\Boot.php(312): CodeIgniter\CodeIgniter->run()
10 SYSTEMPATH\Boot.php(67): CodeIgniter\Boot::runCodeIgniter(Object(CodeIgniter\CodeIgniter))
11 FCPATH\index.php(56): CodeIgniter\Boot::bootWeb(Object(Config\Paths))
12 SYSTEMPATH\Commands\Server\rewrite.php(49): require_once('C:\\xampp\\htdocs\\prospera\\public\\index.php')
WARNING - 2024-07-22 03:08:22 --> [DEPRECATED] explode(): Passing null to parameter #2 ($string) of type string is deprecated in APPPATH\Views\data\create\create4.php on line 78.
 1 APPPATH\Views\data\create\create4.php(78): explode(',', null)
 2 SYSTEMPATH\View\View.php(234): include('C:\\xampp\\htdocs\\prospera\\app\\Views\\data\\create\\create4.php')
 3 SYSTEMPATH\View\View.php(237): CodeIgniter\View\View->CodeIgniter\View\{closure}()
 4 SYSTEMPATH\Common.php(1171): CodeIgniter\View\View->render('data/create/create4', [], true)
 5 APPPATH\Controllers\Data.php(361): view('data/create/create4', [...])
 6 SYSTEMPATH\CodeIgniter.php(933): App\Controllers\Data->create4('10')
 7 SYSTEMPATH\CodeIgniter.php(509): CodeIgniter\CodeIgniter->runController(Object(App\Controllers\Data))
 8 SYSTEMPATH\CodeIgniter.php(355): CodeIgniter\CodeIgniter->handleRequest(null, Object(Config\Cache), false)
 9 SYSTEMPATH\Boot.php(312): CodeIgniter\CodeIgniter->run()
10 SYSTEMPATH\Boot.php(67): CodeIgniter\Boot::runCodeIgniter(Object(CodeIgniter\CodeIgniter))
11 FCPATH\index.php(56): CodeIgniter\Boot::bootWeb(Object(Config\Paths))
12 SYSTEMPATH\Commands\Server\rewrite.php(49): require_once('C:\\xampp\\htdocs\\prospera\\public\\index.php')
WARNING - 2024-07-22 03:08:22 --> [DEPRECATED] explode(): Passing null to parameter #2 ($string) of type string is deprecated in APPPATH\Views\data\create\create4.php on line 79.
 1 APPPATH\Views\data\create\create4.php(79): explode(',', null)
 2 SYSTEMPATH\View\View.php(234): include('C:\\xampp\\htdocs\\prospera\\app\\Views\\data\\create\\create4.php')
 3 SYSTEMPATH\View\View.php(237): CodeIgniter\View\View->CodeIgniter\View\{closure}()
 4 SYSTEMPATH\Common.php(1171): CodeIgniter\View\View->render('data/create/create4', [], true)
 5 APPPATH\Controllers\Data.php(361): view('data/create/create4', [...])
 6 SYSTEMPATH\CodeIgniter.php(933): App\Controllers\Data->create4('10')
 7 SYSTEMPATH\CodeIgniter.php(509): CodeIgniter\CodeIgniter->runController(Object(App\Controllers\Data))
 8 SYSTEMPATH\CodeIgniter.php(355): CodeIgniter\CodeIgniter->handleRequest(null, Object(Config\Cache), false)
 9 SYSTEMPATH\Boot.php(312): CodeIgniter\CodeIgniter->run()
10 SYSTEMPATH\Boot.php(67): CodeIgniter\Boot::runCodeIgniter(Object(CodeIgniter\CodeIgniter))
11 FCPATH\index.php(56): CodeIgniter\Boot::bootWeb(Object(Config\Paths))
12 SYSTEMPATH\Commands\Server\rewrite.php(49): require_once('C:\\xampp\\htdocs\\prospera\\public\\index.php')
WARNING - 2024-07-22 03:08:22 --> [DEPRECATED] explode(): Passing null to parameter #2 ($string) of type string is deprecated in APPPATH\Views\data\create\create4.php on line 80.
 1 APPPATH\Views\data\create\create4.php(80): explode(',', null)
 2 SYSTEMPATH\View\View.php(234): include('C:\\xampp\\htdocs\\prospera\\app\\Views\\data\\create\\create4.php')
 3 SYSTEMPATH\View\View.php(237): CodeIgniter\View\View->CodeIgniter\View\{closure}()
 4 SYSTEMPATH\Common.php(1171): CodeIgniter\View\View->render('data/create/create4', [], true)
 5 APPPATH\Controllers\Data.php(361): view('data/create/create4', [...])
 6 SYSTEMPATH\CodeIgniter.php(933): App\Controllers\Data->create4('10')
 7 SYSTEMPATH\CodeIgniter.php(509): CodeIgniter\CodeIgniter->runController(Object(App\Controllers\Data))
 8 SYSTEMPATH\CodeIgniter.php(355): CodeIgniter\CodeIgniter->handleRequest(null, Object(Config\Cache), false)
 9 SYSTEMPATH\Boot.php(312): CodeIgniter\CodeIgniter->run()
10 SYSTEMPATH\Boot.php(67): CodeIgniter\Boot::runCodeIgniter(Object(CodeIgniter\CodeIgniter))
11 FCPATH\index.php(56): CodeIgniter\Boot::bootWeb(Object(Config\Paths))
12 SYSTEMPATH\Commands\Server\rewrite.php(49): require_once('C:\\xampp\\htdocs\\prospera\\public\\index.php')
WARNING - 2024-07-22 03:08:22 --> [DEPRECATED] explode(): Passing null to parameter #2 ($string) of type string is deprecated in APPPATH\Views\data\create\create4.php on line 91.
 1 APPPATH\Views\data\create\create4.php(91): explode(',', null)
 2 SYSTEMPATH\View\View.php(234): include('C:\\xampp\\htdocs\\prospera\\app\\Views\\data\\create\\create4.php')
 3 SYSTEMPATH\View\View.php(237): CodeIgniter\View\View->CodeIgniter\View\{closure}()
 4 SYSTEMPATH\Common.php(1171): CodeIgniter\View\View->render('data/create/create4', [], true)
 5 APPPATH\Controllers\Data.php(361): view('data/create/create4', [...])
 6 SYSTEMPATH\CodeIgniter.php(933): App\Controllers\Data->create4('10')
 7 SYSTEMPATH\CodeIgniter.php(509): CodeIgniter\CodeIgniter->runController(Object(App\Controllers\Data))
 8 SYSTEMPATH\CodeIgniter.php(355): CodeIgniter\CodeIgniter->handleRequest(null, Object(Config\Cache), false)
 9 SYSTEMPATH\Boot.php(312): CodeIgniter\CodeIgniter->run()
10 SYSTEMPATH\Boot.php(67): CodeIgniter\Boot::runCodeIgniter(Object(CodeIgniter\CodeIgniter))
11 FCPATH\index.php(56): CodeIgniter\Boot::bootWeb(Object(Config\Paths))
12 SYSTEMPATH\Commands\Server\rewrite.php(49): require_once('C:\\xampp\\htdocs\\prospera\\public\\index.php')
WARNING - 2024-07-22 03:08:22 --> [DEPRECATED] explode(): Passing null to parameter #2 ($string) of type string is deprecated in APPPATH\Views\data\create\create4.php on line 92.
 1 APPPATH\Views\data\create\create4.php(92): explode(',', null)
 2 SYSTEMPATH\View\View.php(234): include('C:\\xampp\\htdocs\\prospera\\app\\Views\\data\\create\\create4.php')
 3 SYSTEMPATH\View\View.php(237): CodeIgniter\View\View->CodeIgniter\View\{closure}()
 4 SYSTEMPATH\Common.php(1171): CodeIgniter\View\View->render('data/create/create4', [], true)
 5 APPPATH\Controllers\Data.php(361): view('data/create/create4', [...])
 6 SYSTEMPATH\CodeIgniter.php(933): App\Controllers\Data->create4('10')
 7 SYSTEMPATH\CodeIgniter.php(509): CodeIgniter\CodeIgniter->runController(Object(App\Controllers\Data))
 8 SYSTEMPATH\CodeIgniter.php(355): CodeIgniter\CodeIgniter->handleRequest(null, Object(Config\Cache), false)
 9 SYSTEMPATH\Boot.php(312): CodeIgniter\CodeIgniter->run()
10 SYSTEMPATH\Boot.php(67): CodeIgniter\Boot::runCodeIgniter(Object(CodeIgniter\CodeIgniter))
11 FCPATH\index.php(56): CodeIgniter\Boot::bootWeb(Object(Config\Paths))
12 SYSTEMPATH\Commands\Server\rewrite.php(49): require_once('C:\\xampp\\htdocs\\prospera\\public\\index.php')
WARNING - 2024-07-22 03:08:22 --> [DEPRECATED] explode(): Passing null to parameter #2 ($string) of type string is deprecated in APPPATH\Views\data\create\create4.php on line 93.
 1 APPPATH\Views\data\create\create4.php(93): explode(',', null)
 2 SYSTEMPATH\View\View.php(234): include('C:\\xampp\\htdocs\\prospera\\app\\Views\\data\\create\\create4.php')
 3 SYSTEMPATH\View\View.php(237): CodeIgniter\View\View->CodeIgniter\View\{closure}()
 4 SYSTEMPATH\Common.php(1171): CodeIgniter\View\View->render('data/create/create4', [], true)
 5 APPPATH\Controllers\Data.php(361): view('data/create/create4', [...])
 6 SYSTEMPATH\CodeIgniter.php(933): App\Controllers\Data->create4('10')
 7 SYSTEMPATH\CodeIgniter.php(509): CodeIgniter\CodeIgniter->runController(Object(App\Controllers\Data))
 8 SYSTEMPATH\CodeIgniter.php(355): CodeIgniter\CodeIgniter->handleRequest(null, Object(Config\Cache), false)
 9 SYSTEMPATH\Boot.php(312): CodeIgniter\CodeIgniter->run()
10 SYSTEMPATH\Boot.php(67): CodeIgniter\Boot::runCodeIgniter(Object(CodeIgniter\CodeIgniter))
11 FCPATH\index.php(56): CodeIgniter\Boot::bootWeb(Object(Config\Paths))
12 SYSTEMPATH\Commands\Server\rewrite.php(49): require_once('C:\\xampp\\htdocs\\prospera\\public\\index.php')
WARNING - 2024-07-22 03:08:22 --> [DEPRECATED] explode(): Passing null to parameter #2 ($string) of type string is deprecated in APPPATH\Views\data\create\create4.php on line 94.
 1 APPPATH\Views\data\create\create4.php(94): explode(',', null)
 2 SYSTEMPATH\View\View.php(234): include('C:\\xampp\\htdocs\\prospera\\app\\Views\\data\\create\\create4.php')
 3 SYSTEMPATH\View\View.php(237): CodeIgniter\View\View->CodeIgniter\View\{closure}()
 4 SYSTEMPATH\Common.php(1171): CodeIgniter\View\View->render('data/create/create4', [], true)
 5 APPPATH\Controllers\Data.php(361): view('data/create/create4', [...])
 6 SYSTEMPATH\CodeIgniter.php(933): App\Controllers\Data->create4('10')
 7 SYSTEMPATH\CodeIgniter.php(509): CodeIgniter\CodeIgniter->runController(Object(App\Controllers\Data))
 8 SYSTEMPATH\CodeIgniter.php(355): CodeIgniter\CodeIgniter->handleRequest(null, Object(Config\Cache), false)
 9 SYSTEMPATH\Boot.php(312): CodeIgniter\CodeIgniter->run()
10 SYSTEMPATH\Boot.php(67): CodeIgniter\Boot::runCodeIgniter(Object(CodeIgniter\CodeIgniter))
11 FCPATH\index.php(56): CodeIgniter\Boot::bootWeb(Object(Config\Paths))
12 SYSTEMPATH\Commands\Server\rewrite.php(49): require_once('C:\\xampp\\htdocs\\prospera\\public\\index.php')
WARNING - 2024-07-22 03:08:22 --> [DEPRECATED] explode(): Passing null to parameter #2 ($string) of type string is deprecated in APPPATH\Views\data\create\create4.php on line 77.
 1 APPPATH\Views\data\create\create4.php(77): explode(',', null)
 2 SYSTEMPATH\View\View.php(234): include('C:\\xampp\\htdocs\\prospera\\app\\Views\\data\\create\\create4.php')
 3 SYSTEMPATH\View\View.php(237): CodeIgniter\View\View->CodeIgniter\View\{closure}()
 4 SYSTEMPATH\Common.php(1171): CodeIgniter\View\View->render('data/create/create4', [], true)
 5 APPPATH\Controllers\Data.php(361): view('data/create/create4', [...])
 6 SYSTEMPATH\CodeIgniter.php(933): App\Controllers\Data->create4('10')
 7 SYSTEMPATH\CodeIgniter.php(509): CodeIgniter\CodeIgniter->runController(Object(App\Controllers\Data))
 8 SYSTEMPATH\CodeIgniter.php(355): CodeIgniter\CodeIgniter->handleRequest(null, Object(Config\Cache), false)
 9 SYSTEMPATH\Boot.php(312): CodeIgniter\CodeIgniter->run()
10 SYSTEMPATH\Boot.php(67): CodeIgniter\Boot::runCodeIgniter(Object(CodeIgniter\CodeIgniter))
11 FCPATH\index.php(56): CodeIgniter\Boot::bootWeb(Object(Config\Paths))
12 SYSTEMPATH\Commands\Server\rewrite.php(49): require_once('C:\\xampp\\htdocs\\prospera\\public\\index.php')
WARNING - 2024-07-22 03:08:22 --> [DEPRECATED] explode(): Passing null to parameter #2 ($string) of type string is deprecated in APPPATH\Views\data\create\create4.php on line 78.
 1 APPPATH\Views\data\create\create4.php(78): explode(',', null)
 2 SYSTEMPATH\View\View.php(234): include('C:\\xampp\\htdocs\\prospera\\app\\Views\\data\\create\\create4.php')
 3 SYSTEMPATH\View\View.php(237): CodeIgniter\View\View->CodeIgniter\View\{closure}()
 4 SYSTEMPATH\Common.php(1171): CodeIgniter\View\View->render('data/create/create4', [], true)
 5 APPPATH\Controllers\Data.php(361): view('data/create/create4', [...])
 6 SYSTEMPATH\CodeIgniter.php(933): App\Controllers\Data->create4('10')
 7 SYSTEMPATH\CodeIgniter.php(509): CodeIgniter\CodeIgniter->runController(Object(App\Controllers\Data))
 8 SYSTEMPATH\CodeIgniter.php(355): CodeIgniter\CodeIgniter->handleRequest(null, Object(Config\Cache), false)
 9 SYSTEMPATH\Boot.php(312): CodeIgniter\CodeIgniter->run()
10 SYSTEMPATH\Boot.php(67): CodeIgniter\Boot::runCodeIgniter(Object(CodeIgniter\CodeIgniter))
11 FCPATH\index.php(56): CodeIgniter\Boot::bootWeb(Object(Config\Paths))
12 SYSTEMPATH\Commands\Server\rewrite.php(49): require_once('C:\\xampp\\htdocs\\prospera\\public\\index.php')
WARNING - 2024-07-22 03:08:22 --> [DEPRECATED] explode(): Passing null to parameter #2 ($string) of type string is deprecated in APPPATH\Views\data\create\create4.php on line 79.
 1 APPPATH\Views\data\create\create4.php(79): explode(',', null)
 2 SYSTEMPATH\View\View.php(234): include('C:\\xampp\\htdocs\\prospera\\app\\Views\\data\\create\\create4.php')
 3 SYSTEMPATH\View\View.php(237): CodeIgniter\View\View->CodeIgniter\View\{closure}()
 4 SYSTEMPATH\Common.php(1171): CodeIgniter\View\View->render('data/create/create4', [], true)
 5 APPPATH\Controllers\Data.php(361): view('data/create/create4', [...])
 6 SYSTEMPATH\CodeIgniter.php(933): App\Controllers\Data->create4('10')
 7 SYSTEMPATH\CodeIgniter.php(509): CodeIgniter\CodeIgniter->runController(Object(App\Controllers\Data))
 8 SYSTEMPATH\CodeIgniter.php(355): CodeIgniter\CodeIgniter->handleRequest(null, Object(Config\Cache), false)
 9 SYSTEMPATH\Boot.php(312): CodeIgniter\CodeIgniter->run()
10 SYSTEMPATH\Boot.php(67): CodeIgniter\Boot::runCodeIgniter(Object(CodeIgniter\CodeIgniter))
11 FCPATH\index.php(56): CodeIgniter\Boot::bootWeb(Object(Config\Paths))
12 SYSTEMPATH\Commands\Server\rewrite.php(49): require_once('C:\\xampp\\htdocs\\prospera\\public\\index.php')
WARNING - 2024-07-22 03:08:22 --> [DEPRECATED] explode(): Passing null to parameter #2 ($string) of type string is deprecated in APPPATH\Views\data\create\create4.php on line 80.
 1 APPPATH\Views\data\create\create4.php(80): explode(',', null)
 2 SYSTEMPATH\View\View.php(234): include('C:\\xampp\\htdocs\\prospera\\app\\Views\\data\\create\\create4.php')
 3 SYSTEMPATH\View\View.php(237): CodeIgniter\View\View->CodeIgniter\View\{closure}()
 4 SYSTEMPATH\Common.php(1171): CodeIgniter\View\View->render('data/create/create4', [], true)
 5 APPPATH\Controllers\Data.php(361): view('data/create/create4', [...])
 6 SYSTEMPATH\CodeIgniter.php(933): App\Controllers\Data->create4('10')
 7 SYSTEMPATH\CodeIgniter.php(509): CodeIgniter\CodeIgniter->runController(Object(App\Controllers\Data))
 8 SYSTEMPATH\CodeIgniter.php(355): CodeIgniter\CodeIgniter->handleRequest(null, Object(Config\Cache), false)
 9 SYSTEMPATH\Boot.php(312): CodeIgniter\CodeIgniter->run()
10 SYSTEMPATH\Boot.php(67): CodeIgniter\Boot::runCodeIgniter(Object(CodeIgniter\CodeIgniter))
11 FCPATH\index.php(56): CodeIgniter\Boot::bootWeb(Object(Config\Paths))
12 SYSTEMPATH\Commands\Server\rewrite.php(49): require_once('C:\\xampp\\htdocs\\prospera\\public\\index.php')
WARNING - 2024-07-22 03:08:22 --> [DEPRECATED] explode(): Passing null to parameter #2 ($string) of type string is deprecated in APPPATH\Views\data\create\create4.php on line 91.
 1 APPPATH\Views\data\create\create4.php(91): explode(',', null)
 2 SYSTEMPATH\View\View.php(234): include('C:\\xampp\\htdocs\\prospera\\app\\Views\\data\\create\\create4.php')
 3 SYSTEMPATH\View\View.php(237): CodeIgniter\View\View->CodeIgniter\View\{closure}()
 4 SYSTEMPATH\Common.php(1171): CodeIgniter\View\View->render('data/create/create4', [], true)
 5 APPPATH\Controllers\Data.php(361): view('data/create/create4', [...])
 6 SYSTEMPATH\CodeIgniter.php(933): App\Controllers\Data->create4('10')
 7 SYSTEMPATH\CodeIgniter.php(509): CodeIgniter\CodeIgniter->runController(Object(App\Controllers\Data))
 8 SYSTEMPATH\CodeIgniter.php(355): CodeIgniter\CodeIgniter->handleRequest(null, Object(Config\Cache), false)
 9 SYSTEMPATH\Boot.php(312): CodeIgniter\CodeIgniter->run()
10 SYSTEMPATH\Boot.php(67): CodeIgniter\Boot::runCodeIgniter(Object(CodeIgniter\CodeIgniter))
11 FCPATH\index.php(56): CodeIgniter\Boot::bootWeb(Object(Config\Paths))
12 SYSTEMPATH\Commands\Server\rewrite.php(49): require_once('C:\\xampp\\htdocs\\prospera\\public\\index.php')
WARNING - 2024-07-22 03:08:22 --> [DEPRECATED] explode(): Passing null to parameter #2 ($string) of type string is deprecated in APPPATH\Views\data\create\create4.php on line 92.
 1 APPPATH\Views\data\create\create4.php(92): explode(',', null)
 2 SYSTEMPATH\View\View.php(234): include('C:\\xampp\\htdocs\\prospera\\app\\Views\\data\\create\\create4.php')
 3 SYSTEMPATH\View\View.php(237): CodeIgniter\View\View->CodeIgniter\View\{closure}()
 4 SYSTEMPATH\Common.php(1171): CodeIgniter\View\View->render('data/create/create4', [], true)
 5 APPPATH\Controllers\Data.php(361): view('data/create/create4', [...])
 6 SYSTEMPATH\CodeIgniter.php(933): App\Controllers\Data->create4('10')
 7 SYSTEMPATH\CodeIgniter.php(509): CodeIgniter\CodeIgniter->runController(Object(App\Controllers\Data))
 8 SYSTEMPATH\CodeIgniter.php(355): CodeIgniter\CodeIgniter->handleRequest(null, Object(Config\Cache), false)
 9 SYSTEMPATH\Boot.php(312): CodeIgniter\CodeIgniter->run()
10 SYSTEMPATH\Boot.php(67): CodeIgniter\Boot::runCodeIgniter(Object(CodeIgniter\CodeIgniter))
11 FCPATH\index.php(56): CodeIgniter\Boot::bootWeb(Object(Config\Paths))
12 SYSTEMPATH\Commands\Server\rewrite.php(49): require_once('C:\\xampp\\htdocs\\prospera\\public\\index.php')
WARNING - 2024-07-22 03:08:22 --> [DEPRECATED] explode(): Passing null to parameter #2 ($string) of type string is deprecated in APPPATH\Views\data\create\create4.php on line 93.
 1 APPPATH\Views\data\create\create4.php(93): explode(',', null)
 2 SYSTEMPATH\View\View.php(234): include('C:\\xampp\\htdocs\\prospera\\app\\Views\\data\\create\\create4.php')
 3 SYSTEMPATH\View\View.php(237): CodeIgniter\View\View->CodeIgniter\View\{closure}()
 4 SYSTEMPATH\Common.php(1171): CodeIgniter\View\View->render('data/create/create4', [], true)
 5 APPPATH\Controllers\Data.php(361): view('data/create/create4', [...])
 6 SYSTEMPATH\CodeIgniter.php(933): App\Controllers\Data->create4('10')
 7 SYSTEMPATH\CodeIgniter.php(509): CodeIgniter\CodeIgniter->runController(Object(App\Controllers\Data))
 8 SYSTEMPATH\CodeIgniter.php(355): CodeIgniter\CodeIgniter->handleRequest(null, Object(Config\Cache), false)
 9 SYSTEMPATH\Boot.php(312): CodeIgniter\CodeIgniter->run()
10 SYSTEMPATH\Boot.php(67): CodeIgniter\Boot::runCodeIgniter(Object(CodeIgniter\CodeIgniter))
11 FCPATH\index.php(56): CodeIgniter\Boot::bootWeb(Object(Config\Paths))
12 SYSTEMPATH\Commands\Server\rewrite.php(49): require_once('C:\\xampp\\htdocs\\prospera\\public\\index.php')
WARNING - 2024-07-22 03:08:22 --> [DEPRECATED] explode(): Passing null to parameter #2 ($string) of type string is deprecated in APPPATH\Views\data\create\create4.php on line 94.
 1 APPPATH\Views\data\create\create4.php(94): explode(',', null)
 2 SYSTEMPATH\View\View.php(234): include('C:\\xampp\\htdocs\\prospera\\app\\Views\\data\\create\\create4.php')
 3 SYSTEMPATH\View\View.php(237): CodeIgniter\View\View->CodeIgniter\View\{closure}()
 4 SYSTEMPATH\Common.php(1171): CodeIgniter\View\View->render('data/create/create4', [], true)
 5 APPPATH\Controllers\Data.php(361): view('data/create/create4', [...])
 6 SYSTEMPATH\CodeIgniter.php(933): App\Controllers\Data->create4('10')
 7 SYSTEMPATH\CodeIgniter.php(509): CodeIgniter\CodeIgniter->runController(Object(App\Controllers\Data))
 8 SYSTEMPATH\CodeIgniter.php(355): CodeIgniter\CodeIgniter->handleRequest(null, Object(Config\Cache), false)
 9 SYSTEMPATH\Boot.php(312): CodeIgniter\CodeIgniter->run()
10 SYSTEMPATH\Boot.php(67): CodeIgniter\Boot::runCodeIgniter(Object(CodeIgniter\CodeIgniter))
11 FCPATH\index.php(56): CodeIgniter\Boot::bootWeb(Object(Config\Paths))
12 SYSTEMPATH\Commands\Server\rewrite.php(49): require_once('C:\\xampp\\htdocs\\prospera\\public\\index.php')
WARNING - 2024-07-22 03:08:22 --> [DEPRECATED] explode(): Passing null to parameter #2 ($string) of type string is deprecated in APPPATH\Views\data\create\create4.php on line 77.
 1 APPPATH\Views\data\create\create4.php(77): explode(',', null)
 2 SYSTEMPATH\View\View.php(234): include('C:\\xampp\\htdocs\\prospera\\app\\Views\\data\\create\\create4.php')
 3 SYSTEMPATH\View\View.php(237): CodeIgniter\View\View->CodeIgniter\View\{closure}()
 4 SYSTEMPATH\Common.php(1171): CodeIgniter\View\View->render('data/create/create4', [], true)
 5 APPPATH\Controllers\Data.php(361): view('data/create/create4', [...])
 6 SYSTEMPATH\CodeIgniter.php(933): App\Controllers\Data->create4('10')
 7 SYSTEMPATH\CodeIgniter.php(509): CodeIgniter\CodeIgniter->runController(Object(App\Controllers\Data))
 8 SYSTEMPATH\CodeIgniter.php(355): CodeIgniter\CodeIgniter->handleRequest(null, Object(Config\Cache), false)
 9 SYSTEMPATH\Boot.php(312): CodeIgniter\CodeIgniter->run()
10 SYSTEMPATH\Boot.php(67): CodeIgniter\Boot::runCodeIgniter(Object(CodeIgniter\CodeIgniter))
11 FCPATH\index.php(56): CodeIgniter\Boot::bootWeb(Object(Config\Paths))
12 SYSTEMPATH\Commands\Server\rewrite.php(49): require_once('C:\\xampp\\htdocs\\prospera\\public\\index.php')
WARNING - 2024-07-22 03:08:22 --> [DEPRECATED] explode(): Passing null to parameter #2 ($string) of type string is deprecated in APPPATH\Views\data\create\create4.php on line 78.
 1 APPPATH\Views\data\create\create4.php(78): explode(',', null)
 2 SYSTEMPATH\View\View.php(234): include('C:\\xampp\\htdocs\\prospera\\app\\Views\\data\\create\\create4.php')
 3 SYSTEMPATH\View\View.php(237): CodeIgniter\View\View->CodeIgniter\View\{closure}()
 4 SYSTEMPATH\Common.php(1171): CodeIgniter\View\View->render('data/create/create4', [], true)
 5 APPPATH\Controllers\Data.php(361): view('data/create/create4', [...])
 6 SYSTEMPATH\CodeIgniter.php(933): App\Controllers\Data->create4('10')
 7 SYSTEMPATH\CodeIgniter.php(509): CodeIgniter\CodeIgniter->runController(Object(App\Controllers\Data))
 8 SYSTEMPATH\CodeIgniter.php(355): CodeIgniter\CodeIgniter->handleRequest(null, Object(Config\Cache), false)
 9 SYSTEMPATH\Boot.php(312): CodeIgniter\CodeIgniter->run()
10 SYSTEMPATH\Boot.php(67): CodeIgniter\Boot::runCodeIgniter(Object(CodeIgniter\CodeIgniter))
11 FCPATH\index.php(56): CodeIgniter\Boot::bootWeb(Object(Config\Paths))
12 SYSTEMPATH\Commands\Server\rewrite.php(49): require_once('C:\\xampp\\htdocs\\prospera\\public\\index.php')
WARNING - 2024-07-22 03:08:22 --> [DEPRECATED] explode(): Passing null to parameter #2 ($string) of type string is deprecated in APPPATH\Views\data\create\create4.php on line 79.
 1 APPPATH\Views\data\create\create4.php(79): explode(',', null)
 2 SYSTEMPATH\View\View.php(234): include('C:\\xampp\\htdocs\\prospera\\app\\Views\\data\\create\\create4.php')
 3 SYSTEMPATH\View\View.php(237): CodeIgniter\View\View->CodeIgniter\View\{closure}()
 4 SYSTEMPATH\Common.php(1171): CodeIgniter\View\View->render('data/create/create4', [], true)
 5 APPPATH\Controllers\Data.php(361): view('data/create/create4', [...])
 6 SYSTEMPATH\CodeIgniter.php(933): App\Controllers\Data->create4('10')
 7 SYSTEMPATH\CodeIgniter.php(509): CodeIgniter\CodeIgniter->runController(Object(App\Controllers\Data))
 8 SYSTEMPATH\CodeIgniter.php(355): CodeIgniter\CodeIgniter->handleRequest(null, Object(Config\Cache), false)
 9 SYSTEMPATH\Boot.php(312): CodeIgniter\CodeIgniter->run()
10 SYSTEMPATH\Boot.php(67): CodeIgniter\Boot::runCodeIgniter(Object(CodeIgniter\CodeIgniter))
11 FCPATH\index.php(56): CodeIgniter\Boot::bootWeb(Object(Config\Paths))
12 SYSTEMPATH\Commands\Server\rewrite.php(49): require_once('C:\\xampp\\htdocs\\prospera\\public\\index.php')
WARNING - 2024-07-22 03:08:22 --> [DEPRECATED] explode(): Passing null to parameter #2 ($string) of type string is deprecated in APPPATH\Views\data\create\create4.php on line 80.
 1 APPPATH\Views\data\create\create4.php(80): explode(',', null)
 2 SYSTEMPATH\View\View.php(234): include('C:\\xampp\\htdocs\\prospera\\app\\Views\\data\\create\\create4.php')
 3 SYSTEMPATH\View\View.php(237): CodeIgniter\View\View->CodeIgniter\View\{closure}()
 4 SYSTEMPATH\Common.php(1171): CodeIgniter\View\View->render('data/create/create4', [], true)
 5 APPPATH\Controllers\Data.php(361): view('data/create/create4', [...])
 6 SYSTEMPATH\CodeIgniter.php(933): App\Controllers\Data->create4('10')
 7 SYSTEMPATH\CodeIgniter.php(509): CodeIgniter\CodeIgniter->runController(Object(App\Controllers\Data))
 8 SYSTEMPATH\CodeIgniter.php(355): CodeIgniter\CodeIgniter->handleRequest(null, Object(Config\Cache), false)
 9 SYSTEMPATH\Boot.php(312): CodeIgniter\CodeIgniter->run()
10 SYSTEMPATH\Boot.php(67): CodeIgniter\Boot::runCodeIgniter(Object(CodeIgniter\CodeIgniter))
11 FCPATH\index.php(56): CodeIgniter\Boot::bootWeb(Object(Config\Paths))
12 SYSTEMPATH\Commands\Server\rewrite.php(49): require_once('C:\\xampp\\htdocs\\prospera\\public\\index.php')
WARNING - 2024-07-22 03:08:22 --> [DEPRECATED] explode(): Passing null to parameter #2 ($string) of type string is deprecated in APPPATH\Views\data\create\create4.php on line 91.
 1 APPPATH\Views\data\create\create4.php(91): explode(',', null)
 2 SYSTEMPATH\View\View.php(234): include('C:\\xampp\\htdocs\\prospera\\app\\Views\\data\\create\\create4.php')
 3 SYSTEMPATH\View\View.php(237): CodeIgniter\View\View->CodeIgniter\View\{closure}()
 4 SYSTEMPATH\Common.php(1171): CodeIgniter\View\View->render('data/create/create4', [], true)
 5 APPPATH\Controllers\Data.php(361): view('data/create/create4', [...])
 6 SYSTEMPATH\CodeIgniter.php(933): App\Controllers\Data->create4('10')
 7 SYSTEMPATH\CodeIgniter.php(509): CodeIgniter\CodeIgniter->runController(Object(App\Controllers\Data))
 8 SYSTEMPATH\CodeIgniter.php(355): CodeIgniter\CodeIgniter->handleRequest(null, Object(Config\Cache), false)
 9 SYSTEMPATH\Boot.php(312): CodeIgniter\CodeIgniter->run()
10 SYSTEMPATH\Boot.php(67): CodeIgniter\Boot::runCodeIgniter(Object(CodeIgniter\CodeIgniter))
11 FCPATH\index.php(56): CodeIgniter\Boot::bootWeb(Object(Config\Paths))
12 SYSTEMPATH\Commands\Server\rewrite.php(49): require_once('C:\\xampp\\htdocs\\prospera\\public\\index.php')
WARNING - 2024-07-22 03:08:22 --> [DEPRECATED] explode(): Passing null to parameter #2 ($string) of type string is deprecated in APPPATH\Views\data\create\create4.php on line 92.
 1 APPPATH\Views\data\create\create4.php(92): explode(',', null)
 2 SYSTEMPATH\View\View.php(234): include('C:\\xampp\\htdocs\\prospera\\app\\Views\\data\\create\\create4.php')
 3 SYSTEMPATH\View\View.php(237): CodeIgniter\View\View->CodeIgniter\View\{closure}()
 4 SYSTEMPATH\Common.php(1171): CodeIgniter\View\View->render('data/create/create4', [], true)
 5 APPPATH\Controllers\Data.php(361): view('data/create/create4', [...])
 6 SYSTEMPATH\CodeIgniter.php(933): App\Controllers\Data->create4('10')
 7 SYSTEMPATH\CodeIgniter.php(509): CodeIgniter\CodeIgniter->runController(Object(App\Controllers\Data))
 8 SYSTEMPATH\CodeIgniter.php(355): CodeIgniter\CodeIgniter->handleRequest(null, Object(Config\Cache), false)
 9 SYSTEMPATH\Boot.php(312): CodeIgniter\CodeIgniter->run()
10 SYSTEMPATH\Boot.php(67): CodeIgniter\Boot::runCodeIgniter(Object(CodeIgniter\CodeIgniter))
11 FCPATH\index.php(56): CodeIgniter\Boot::bootWeb(Object(Config\Paths))
12 SYSTEMPATH\Commands\Server\rewrite.php(49): require_once('C:\\xampp\\htdocs\\prospera\\public\\index.php')
WARNING - 2024-07-22 03:08:22 --> [DEPRECATED] explode(): Passing null to parameter #2 ($string) of type string is deprecated in APPPATH\Views\data\create\create4.php on line 93.
 1 APPPATH\Views\data\create\create4.php(93): explode(',', null)
 2 SYSTEMPATH\View\View.php(234): include('C:\\xampp\\htdocs\\prospera\\app\\Views\\data\\create\\create4.php')
 3 SYSTEMPATH\View\View.php(237): CodeIgniter\View\View->CodeIgniter\View\{closure}()
 4 SYSTEMPATH\Common.php(1171): CodeIgniter\View\View->render('data/create/create4', [], true)
 5 APPPATH\Controllers\Data.php(361): view('data/create/create4', [...])
 6 SYSTEMPATH\CodeIgniter.php(933): App\Controllers\Data->create4('10')
 7 SYSTEMPATH\CodeIgniter.php(509): CodeIgniter\CodeIgniter->runController(Object(App\Controllers\Data))
 8 SYSTEMPATH\CodeIgniter.php(355): CodeIgniter\CodeIgniter->handleRequest(null, Object(Config\Cache), false)
 9 SYSTEMPATH\Boot.php(312): CodeIgniter\CodeIgniter->run()
10 SYSTEMPATH\Boot.php(67): CodeIgniter\Boot::runCodeIgniter(Object(CodeIgniter\CodeIgniter))
11 FCPATH\index.php(56): CodeIgniter\Boot::bootWeb(Object(Config\Paths))
12 SYSTEMPATH\Commands\Server\rewrite.php(49): require_once('C:\\xampp\\htdocs\\prospera\\public\\index.php')
WARNING - 2024-07-22 03:08:22 --> [DEPRECATED] explode(): Passing null to parameter #2 ($string) of type string is deprecated in APPPATH\Views\data\create\create4.php on line 94.
 1 APPPATH\Views\data\create\create4.php(94): explode(',', null)
 2 SYSTEMPATH\View\View.php(234): include('C:\\xampp\\htdocs\\prospera\\app\\Views\\data\\create\\create4.php')
 3 SYSTEMPATH\View\View.php(237): CodeIgniter\View\View->CodeIgniter\View\{closure}()
 4 SYSTEMPATH\Common.php(1171): CodeIgniter\View\View->render('data/create/create4', [], true)
 5 APPPATH\Controllers\Data.php(361): view('data/create/create4', [...])
 6 SYSTEMPATH\CodeIgniter.php(933): App\Controllers\Data->create4('10')
 7 SYSTEMPATH\CodeIgniter.php(509): CodeIgniter\CodeIgniter->runController(Object(App\Controllers\Data))
 8 SYSTEMPATH\CodeIgniter.php(355): CodeIgniter\CodeIgniter->handleRequest(null, Object(Config\Cache), false)
 9 SYSTEMPATH\Boot.php(312): CodeIgniter\CodeIgniter->run()
10 SYSTEMPATH\Boot.php(67): CodeIgniter\Boot::runCodeIgniter(Object(CodeIgniter\CodeIgniter))
11 FCPATH\index.php(56): CodeIgniter\Boot::bootWeb(Object(Config\Paths))
12 SYSTEMPATH\Commands\Server\rewrite.php(49): require_once('C:\\xampp\\htdocs\\prospera\\public\\index.php')
WARNING - 2024-07-22 03:08:22 --> [DEPRECATED] explode(): Passing null to parameter #2 ($string) of type string is deprecated in APPPATH\Views\data\create\create4.php on line 77.
 1 APPPATH\Views\data\create\create4.php(77): explode(',', null)
 2 SYSTEMPATH\View\View.php(234): include('C:\\xampp\\htdocs\\prospera\\app\\Views\\data\\create\\create4.php')
 3 SYSTEMPATH\View\View.php(237): CodeIgniter\View\View->CodeIgniter\View\{closure}()
 4 SYSTEMPATH\Common.php(1171): CodeIgniter\View\View->render('data/create/create4', [], true)
 5 APPPATH\Controllers\Data.php(361): view('data/create/create4', [...])
 6 SYSTEMPATH\CodeIgniter.php(933): App\Controllers\Data->create4('10')
 7 SYSTEMPATH\CodeIgniter.php(509): CodeIgniter\CodeIgniter->runController(Object(App\Controllers\Data))
 8 SYSTEMPATH\CodeIgniter.php(355): CodeIgniter\CodeIgniter->handleRequest(null, Object(Config\Cache), false)
 9 SYSTEMPATH\Boot.php(312): CodeIgniter\CodeIgniter->run()
10 SYSTEMPATH\Boot.php(67): CodeIgniter\Boot::runCodeIgniter(Object(CodeIgniter\CodeIgniter))
11 FCPATH\index.php(56): CodeIgniter\Boot::bootWeb(Object(Config\Paths))
12 SYSTEMPATH\Commands\Server\rewrite.php(49): require_once('C:\\xampp\\htdocs\\prospera\\public\\index.php')
WARNING - 2024-07-22 03:08:22 --> [DEPRECATED] explode(): Passing null to parameter #2 ($string) of type string is deprecated in APPPATH\Views\data\create\create4.php on line 78.
 1 APPPATH\Views\data\create\create4.php(78): explode(',', null)
 2 SYSTEMPATH\View\View.php(234): include('C:\\xampp\\htdocs\\prospera\\app\\Views\\data\\create\\create4.php')
 3 SYSTEMPATH\View\View.php(237): CodeIgniter\View\View->CodeIgniter\View\{closure}()
 4 SYSTEMPATH\Common.php(1171): CodeIgniter\View\View->render('data/create/create4', [], true)
 5 APPPATH\Controllers\Data.php(361): view('data/create/create4', [...])
 6 SYSTEMPATH\CodeIgniter.php(933): App\Controllers\Data->create4('10')
 7 SYSTEMPATH\CodeIgniter.php(509): CodeIgniter\CodeIgniter->runController(Object(App\Controllers\Data))
 8 SYSTEMPATH\CodeIgniter.php(355): CodeIgniter\CodeIgniter->handleRequest(null, Object(Config\Cache), false)
 9 SYSTEMPATH\Boot.php(312): CodeIgniter\CodeIgniter->run()
10 SYSTEMPATH\Boot.php(67): CodeIgniter\Boot::runCodeIgniter(Object(CodeIgniter\CodeIgniter))
11 FCPATH\index.php(56): CodeIgniter\Boot::bootWeb(Object(Config\Paths))
12 SYSTEMPATH\Commands\Server\rewrite.php(49): require_once('C:\\xampp\\htdocs\\prospera\\public\\index.php')
WARNING - 2024-07-22 03:08:22 --> [DEPRECATED] explode(): Passing null to parameter #2 ($string) of type string is deprecated in APPPATH\Views\data\create\create4.php on line 79.
 1 APPPATH\Views\data\create\create4.php(79): explode(',', null)
 2 SYSTEMPATH\View\View.php(234): include('C:\\xampp\\htdocs\\prospera\\app\\Views\\data\\create\\create4.php')
 3 SYSTEMPATH\View\View.php(237): CodeIgniter\View\View->CodeIgniter\View\{closure}()
 4 SYSTEMPATH\Common.php(1171): CodeIgniter\View\View->render('data/create/create4', [], true)
 5 APPPATH\Controllers\Data.php(361): view('data/create/create4', [...])
 6 SYSTEMPATH\CodeIgniter.php(933): App\Controllers\Data->create4('10')
 7 SYSTEMPATH\CodeIgniter.php(509): CodeIgniter\CodeIgniter->runController(Object(App\Controllers\Data))
 8 SYSTEMPATH\CodeIgniter.php(355): CodeIgniter\CodeIgniter->handleRequest(null, Object(Config\Cache), false)
 9 SYSTEMPATH\Boot.php(312): CodeIgniter\CodeIgniter->run()
10 SYSTEMPATH\Boot.php(67): CodeIgniter\Boot::runCodeIgniter(Object(CodeIgniter\CodeIgniter))
11 FCPATH\index.php(56): CodeIgniter\Boot::bootWeb(Object(Config\Paths))
12 SYSTEMPATH\Commands\Server\rewrite.php(49): require_once('C:\\xampp\\htdocs\\prospera\\public\\index.php')
WARNING - 2024-07-22 03:08:22 --> [DEPRECATED] explode(): Passing null to parameter #2 ($string) of type string is deprecated in APPPATH\Views\data\create\create4.php on line 80.
 1 APPPATH\Views\data\create\create4.php(80): explode(',', null)
 2 SYSTEMPATH\View\View.php(234): include('C:\\xampp\\htdocs\\prospera\\app\\Views\\data\\create\\create4.php')
 3 SYSTEMPATH\View\View.php(237): CodeIgniter\View\View->CodeIgniter\View\{closure}()
 4 SYSTEMPATH\Common.php(1171): CodeIgniter\View\View->render('data/create/create4', [], true)
 5 APPPATH\Controllers\Data.php(361): view('data/create/create4', [...])
 6 SYSTEMPATH\CodeIgniter.php(933): App\Controllers\Data->create4('10')
 7 SYSTEMPATH\CodeIgniter.php(509): CodeIgniter\CodeIgniter->runController(Object(App\Controllers\Data))
 8 SYSTEMPATH\CodeIgniter.php(355): CodeIgniter\CodeIgniter->handleRequest(null, Object(Config\Cache), false)
 9 SYSTEMPATH\Boot.php(312): CodeIgniter\CodeIgniter->run()
10 SYSTEMPATH\Boot.php(67): CodeIgniter\Boot::runCodeIgniter(Object(CodeIgniter\CodeIgniter))
11 FCPATH\index.php(56): CodeIgniter\Boot::bootWeb(Object(Config\Paths))
12 SYSTEMPATH\Commands\Server\rewrite.php(49): require_once('C:\\xampp\\htdocs\\prospera\\public\\index.php')
WARNING - 2024-07-22 03:08:22 --> [DEPRECATED] explode(): Passing null to parameter #2 ($string) of type string is deprecated in APPPATH\Views\data\create\create4.php on line 91.
 1 APPPATH\Views\data\create\create4.php(91): explode(',', null)
 2 SYSTEMPATH\View\View.php(234): include('C:\\xampp\\htdocs\\prospera\\app\\Views\\data\\create\\create4.php')
 3 SYSTEMPATH\View\View.php(237): CodeIgniter\View\View->CodeIgniter\View\{closure}()
 4 SYSTEMPATH\Common.php(1171): CodeIgniter\View\View->render('data/create/create4', [], true)
 5 APPPATH\Controllers\Data.php(361): view('data/create/create4', [...])
 6 SYSTEMPATH\CodeIgniter.php(933): App\Controllers\Data->create4('10')
 7 SYSTEMPATH\CodeIgniter.php(509): CodeIgniter\CodeIgniter->runController(Object(App\Controllers\Data))
 8 SYSTEMPATH\CodeIgniter.php(355): CodeIgniter\CodeIgniter->handleRequest(null, Object(Config\Cache), false)
 9 SYSTEMPATH\Boot.php(312): CodeIgniter\CodeIgniter->run()
10 SYSTEMPATH\Boot.php(67): CodeIgniter\Boot::runCodeIgniter(Object(CodeIgniter\CodeIgniter))
11 FCPATH\index.php(56): CodeIgniter\Boot::bootWeb(Object(Config\Paths))
12 SYSTEMPATH\Commands\Server\rewrite.php(49): require_once('C:\\xampp\\htdocs\\prospera\\public\\index.php')
WARNING - 2024-07-22 03:08:22 --> [DEPRECATED] explode(): Passing null to parameter #2 ($string) of type string is deprecated in APPPATH\Views\data\create\create4.php on line 92.
 1 APPPATH\Views\data\create\create4.php(92): explode(',', null)
 2 SYSTEMPATH\View\View.php(234): include('C:\\xampp\\htdocs\\prospera\\app\\Views\\data\\create\\create4.php')
 3 SYSTEMPATH\View\View.php(237): CodeIgniter\View\View->CodeIgniter\View\{closure}()
 4 SYSTEMPATH\Common.php(1171): CodeIgniter\View\View->render('data/create/create4', [], true)
 5 APPPATH\Controllers\Data.php(361): view('data/create/create4', [...])
 6 SYSTEMPATH\CodeIgniter.php(933): App\Controllers\Data->create4('10')
 7 SYSTEMPATH\CodeIgniter.php(509): CodeIgniter\CodeIgniter->runController(Object(App\Controllers\Data))
 8 SYSTEMPATH\CodeIgniter.php(355): CodeIgniter\CodeIgniter->handleRequest(null, Object(Config\Cache), false)
 9 SYSTEMPATH\Boot.php(312): CodeIgniter\CodeIgniter->run()
10 SYSTEMPATH\Boot.php(67): CodeIgniter\Boot::runCodeIgniter(Object(CodeIgniter\CodeIgniter))
11 FCPATH\index.php(56): CodeIgniter\Boot::bootWeb(Object(Config\Paths))
12 SYSTEMPATH\Commands\Server\rewrite.php(49): require_once('C:\\xampp\\htdocs\\prospera\\public\\index.php')
WARNING - 2024-07-22 03:08:22 --> [DEPRECATED] explode(): Passing null to parameter #2 ($string) of type string is deprecated in APPPATH\Views\data\create\create4.php on line 93.
 1 APPPATH\Views\data\create\create4.php(93): explode(',', null)
 2 SYSTEMPATH\View\View.php(234): include('C:\\xampp\\htdocs\\prospera\\app\\Views\\data\\create\\create4.php')
 3 SYSTEMPATH\View\View.php(237): CodeIgniter\View\View->CodeIgniter\View\{closure}()
 4 SYSTEMPATH\Common.php(1171): CodeIgniter\View\View->render('data/create/create4', [], true)
 5 APPPATH\Controllers\Data.php(361): view('data/create/create4', [...])
 6 SYSTEMPATH\CodeIgniter.php(933): App\Controllers\Data->create4('10')
 7 SYSTEMPATH\CodeIgniter.php(509): CodeIgniter\CodeIgniter->runController(Object(App\Controllers\Data))
 8 SYSTEMPATH\CodeIgniter.php(355): CodeIgniter\CodeIgniter->handleRequest(null, Object(Config\Cache), false)
 9 SYSTEMPATH\Boot.php(312): CodeIgniter\CodeIgniter->run()
10 SYSTEMPATH\Boot.php(67): CodeIgniter\Boot::runCodeIgniter(Object(CodeIgniter\CodeIgniter))
11 FCPATH\index.php(56): CodeIgniter\Boot::bootWeb(Object(Config\Paths))
12 SYSTEMPATH\Commands\Server\rewrite.php(49): require_once('C:\\xampp\\htdocs\\prospera\\public\\index.php')
WARNING - 2024-07-22 03:08:22 --> [DEPRECATED] explode(): Passing null to parameter #2 ($string) of type string is deprecated in APPPATH\Views\data\create\create4.php on line 94.
 1 APPPATH\Views\data\create\create4.php(94): explode(',', null)
 2 SYSTEMPATH\View\View.php(234): include('C:\\xampp\\htdocs\\prospera\\app\\Views\\data\\create\\create4.php')
 3 SYSTEMPATH\View\View.php(237): CodeIgniter\View\View->CodeIgniter\View\{closure}()
 4 SYSTEMPATH\Common.php(1171): CodeIgniter\View\View->render('data/create/create4', [], true)
 5 APPPATH\Controllers\Data.php(361): view('data/create/create4', [...])
 6 SYSTEMPATH\CodeIgniter.php(933): App\Controllers\Data->create4('10')
 7 SYSTEMPATH\CodeIgniter.php(509): CodeIgniter\CodeIgniter->runController(Object(App\Controllers\Data))
 8 SYSTEMPATH\CodeIgniter.php(355): CodeIgniter\CodeIgniter->handleRequest(null, Object(Config\Cache), false)
 9 SYSTEMPATH\Boot.php(312): CodeIgniter\CodeIgniter->run()
10 SYSTEMPATH\Boot.php(67): CodeIgniter\Boot::runCodeIgniter(Object(CodeIgniter\CodeIgniter))
11 FCPATH\index.php(56): CodeIgniter\Boot::bootWeb(Object(Config\Paths))
12 SYSTEMPATH\Commands\Server\rewrite.php(49): require_once('C:\\xampp\\htdocs\\prospera\\public\\index.php')
WARNING - 2024-07-22 03:08:22 --> [DEPRECATED] explode(): Passing null to parameter #2 ($string) of type string is deprecated in APPPATH\Views\data\create\create4.php on line 77.
 1 APPPATH\Views\data\create\create4.php(77): explode(',', null)
 2 SYSTEMPATH\View\View.php(234): include('C:\\xampp\\htdocs\\prospera\\app\\Views\\data\\create\\create4.php')
 3 SYSTEMPATH\View\View.php(237): CodeIgniter\View\View->CodeIgniter\View\{closure}()
 4 SYSTEMPATH\Common.php(1171): CodeIgniter\View\View->render('data/create/create4', [], true)
 5 APPPATH\Controllers\Data.php(361): view('data/create/create4', [...])
 6 SYSTEMPATH\CodeIgniter.php(933): App\Controllers\Data->create4('10')
 7 SYSTEMPATH\CodeIgniter.php(509): CodeIgniter\CodeIgniter->runController(Object(App\Controllers\Data))
 8 SYSTEMPATH\CodeIgniter.php(355): CodeIgniter\CodeIgniter->handleRequest(null, Object(Config\Cache), false)
 9 SYSTEMPATH\Boot.php(312): CodeIgniter\CodeIgniter->run()
10 SYSTEMPATH\Boot.php(67): CodeIgniter\Boot::runCodeIgniter(Object(CodeIgniter\CodeIgniter))
11 FCPATH\index.php(56): CodeIgniter\Boot::bootWeb(Object(Config\Paths))
12 SYSTEMPATH\Commands\Server\rewrite.php(49): require_once('C:\\xampp\\htdocs\\prospera\\public\\index.php')
WARNING - 2024-07-22 03:08:22 --> [DEPRECATED] explode(): Passing null to parameter #2 ($string) of type string is deprecated in APPPATH\Views\data\create\create4.php on line 78.
 1 APPPATH\Views\data\create\create4.php(78): explode(',', null)
 2 SYSTEMPATH\View\View.php(234): include('C:\\xampp\\htdocs\\prospera\\app\\Views\\data\\create\\create4.php')
 3 SYSTEMPATH\View\View.php(237): CodeIgniter\View\View->CodeIgniter\View\{closure}()
 4 SYSTEMPATH\Common.php(1171): CodeIgniter\View\View->render('data/create/create4', [], true)
 5 APPPATH\Controllers\Data.php(361): view('data/create/create4', [...])
 6 SYSTEMPATH\CodeIgniter.php(933): App\Controllers\Data->create4('10')
 7 SYSTEMPATH\CodeIgniter.php(509): CodeIgniter\CodeIgniter->runController(Object(App\Controllers\Data))
 8 SYSTEMPATH\CodeIgniter.php(355): CodeIgniter\CodeIgniter->handleRequest(null, Object(Config\Cache), false)
 9 SYSTEMPATH\Boot.php(312): CodeIgniter\CodeIgniter->run()
10 SYSTEMPATH\Boot.php(67): CodeIgniter\Boot::runCodeIgniter(Object(CodeIgniter\CodeIgniter))
11 FCPATH\index.php(56): CodeIgniter\Boot::bootWeb(Object(Config\Paths))
12 SYSTEMPATH\Commands\Server\rewrite.php(49): require_once('C:\\xampp\\htdocs\\prospera\\public\\index.php')
WARNING - 2024-07-22 03:08:22 --> [DEPRECATED] explode(): Passing null to parameter #2 ($string) of type string is deprecated in APPPATH\Views\data\create\create4.php on line 79.
 1 APPPATH\Views\data\create\create4.php(79): explode(',', null)
 2 SYSTEMPATH\View\View.php(234): include('C:\\xampp\\htdocs\\prospera\\app\\Views\\data\\create\\create4.php')
 3 SYSTEMPATH\View\View.php(237): CodeIgniter\View\View->CodeIgniter\View\{closure}()
 4 SYSTEMPATH\Common.php(1171): CodeIgniter\View\View->render('data/create/create4', [], true)
 5 APPPATH\Controllers\Data.php(361): view('data/create/create4', [...])
 6 SYSTEMPATH\CodeIgniter.php(933): App\Controllers\Data->create4('10')
 7 SYSTEMPATH\CodeIgniter.php(509): CodeIgniter\CodeIgniter->runController(Object(App\Controllers\Data))
 8 SYSTEMPATH\CodeIgniter.php(355): CodeIgniter\CodeIgniter->handleRequest(null, Object(Config\Cache), false)
 9 SYSTEMPATH\Boot.php(312): CodeIgniter\CodeIgniter->run()
10 SYSTEMPATH\Boot.php(67): CodeIgniter\Boot::runCodeIgniter(Object(CodeIgniter\CodeIgniter))
11 FCPATH\index.php(56): CodeIgniter\Boot::bootWeb(Object(Config\Paths))
12 SYSTEMPATH\Commands\Server\rewrite.php(49): require_once('C:\\xampp\\htdocs\\prospera\\public\\index.php')
WARNING - 2024-07-22 03:08:22 --> [DEPRECATED] explode(): Passing null to parameter #2 ($string) of type string is deprecated in APPPATH\Views\data\create\create4.php on line 80.
 1 APPPATH\Views\data\create\create4.php(80): explode(',', null)
 2 SYSTEMPATH\View\View.php(234): include('C:\\xampp\\htdocs\\prospera\\app\\Views\\data\\create\\create4.php')
 3 SYSTEMPATH\View\View.php(237): CodeIgniter\View\View->CodeIgniter\View\{closure}()
 4 SYSTEMPATH\Common.php(1171): CodeIgniter\View\View->render('data/create/create4', [], true)
 5 APPPATH\Controllers\Data.php(361): view('data/create/create4', [...])
 6 SYSTEMPATH\CodeIgniter.php(933): App\Controllers\Data->create4('10')
 7 SYSTEMPATH\CodeIgniter.php(509): CodeIgniter\CodeIgniter->runController(Object(App\Controllers\Data))
 8 SYSTEMPATH\CodeIgniter.php(355): CodeIgniter\CodeIgniter->handleRequest(null, Object(Config\Cache), false)
 9 SYSTEMPATH\Boot.php(312): CodeIgniter\CodeIgniter->run()
10 SYSTEMPATH\Boot.php(67): CodeIgniter\Boot::runCodeIgniter(Object(CodeIgniter\CodeIgniter))
11 FCPATH\index.php(56): CodeIgniter\Boot::bootWeb(Object(Config\Paths))
12 SYSTEMPATH\Commands\Server\rewrite.php(49): require_once('C:\\xampp\\htdocs\\prospera\\public\\index.php')
WARNING - 2024-07-22 03:08:22 --> [DEPRECATED] explode(): Passing null to parameter #2 ($string) of type string is deprecated in APPPATH\Views\data\create\create4.php on line 91.
 1 APPPATH\Views\data\create\create4.php(91): explode(',', null)
 2 SYSTEMPATH\View\View.php(234): include('C:\\xampp\\htdocs\\prospera\\app\\Views\\data\\create\\create4.php')
 3 SYSTEMPATH\View\View.php(237): CodeIgniter\View\View->CodeIgniter\View\{closure}()
 4 SYSTEMPATH\Common.php(1171): CodeIgniter\View\View->render('data/create/create4', [], true)
 5 APPPATH\Controllers\Data.php(361): view('data/create/create4', [...])
 6 SYSTEMPATH\CodeIgniter.php(933): App\Controllers\Data->create4('10')
 7 SYSTEMPATH\CodeIgniter.php(509): CodeIgniter\CodeIgniter->runController(Object(App\Controllers\Data))
 8 SYSTEMPATH\CodeIgniter.php(355): CodeIgniter\CodeIgniter->handleRequest(null, Object(Config\Cache), false)
 9 SYSTEMPATH\Boot.php(312): CodeIgniter\CodeIgniter->run()
10 SYSTEMPATH\Boot.php(67): CodeIgniter\Boot::runCodeIgniter(Object(CodeIgniter\CodeIgniter))
11 FCPATH\index.php(56): CodeIgniter\Boot::bootWeb(Object(Config\Paths))
12 SYSTEMPATH\Commands\Server\rewrite.php(49): require_once('C:\\xampp\\htdocs\\prospera\\public\\index.php')
WARNING - 2024-07-22 03:08:22 --> [DEPRECATED] explode(): Passing null to parameter #2 ($string) of type string is deprecated in APPPATH\Views\data\create\create4.php on line 92.
 1 APPPATH\Views\data\create\create4.php(92): explode(',', null)
 2 SYSTEMPATH\View\View.php(234): include('C:\\xampp\\htdocs\\prospera\\app\\Views\\data\\create\\create4.php')
 3 SYSTEMPATH\View\View.php(237): CodeIgniter\View\View->CodeIgniter\View\{closure}()
 4 SYSTEMPATH\Common.php(1171): CodeIgniter\View\View->render('data/create/create4', [], true)
 5 APPPATH\Controllers\Data.php(361): view('data/create/create4', [...])
 6 SYSTEMPATH\CodeIgniter.php(933): App\Controllers\Data->create4('10')
 7 SYSTEMPATH\CodeIgniter.php(509): CodeIgniter\CodeIgniter->runController(Object(App\Controllers\Data))
 8 SYSTEMPATH\CodeIgniter.php(355): CodeIgniter\CodeIgniter->handleRequest(null, Object(Config\Cache), false)
 9 SYSTEMPATH\Boot.php(312): CodeIgniter\CodeIgniter->run()
10 SYSTEMPATH\Boot.php(67): CodeIgniter\Boot::runCodeIgniter(Object(CodeIgniter\CodeIgniter))
11 FCPATH\index.php(56): CodeIgniter\Boot::bootWeb(Object(Config\Paths))
12 SYSTEMPATH\Commands\Server\rewrite.php(49): require_once('C:\\xampp\\htdocs\\prospera\\public\\index.php')
WARNING - 2024-07-22 03:08:22 --> [DEPRECATED] explode(): Passing null to parameter #2 ($string) of type string is deprecated in APPPATH\Views\data\create\create4.php on line 93.
 1 APPPATH\Views\data\create\create4.php(93): explode(',', null)
 2 SYSTEMPATH\View\View.php(234): include('C:\\xampp\\htdocs\\prospera\\app\\Views\\data\\create\\create4.php')
 3 SYSTEMPATH\View\View.php(237): CodeIgniter\View\View->CodeIgniter\View\{closure}()
 4 SYSTEMPATH\Common.php(1171): CodeIgniter\View\View->render('data/create/create4', [], true)
 5 APPPATH\Controllers\Data.php(361): view('data/create/create4', [...])
 6 SYSTEMPATH\CodeIgniter.php(933): App\Controllers\Data->create4('10')
 7 SYSTEMPATH\CodeIgniter.php(509): CodeIgniter\CodeIgniter->runController(Object(App\Controllers\Data))
 8 SYSTEMPATH\CodeIgniter.php(355): CodeIgniter\CodeIgniter->handleRequest(null, Object(Config\Cache), false)
 9 SYSTEMPATH\Boot.php(312): CodeIgniter\CodeIgniter->run()
10 SYSTEMPATH\Boot.php(67): CodeIgniter\Boot::runCodeIgniter(Object(CodeIgniter\CodeIgniter))
11 FCPATH\index.php(56): CodeIgniter\Boot::bootWeb(Object(Config\Paths))
12 SYSTEMPATH\Commands\Server\rewrite.php(49): require_once('C:\\xampp\\htdocs\\prospera\\public\\index.php')
WARNING - 2024-07-22 03:08:22 --> [DEPRECATED] explode(): Passing null to parameter #2 ($string) of type string is deprecated in APPPATH\Views\data\create\create4.php on line 94.
 1 APPPATH\Views\data\create\create4.php(94): explode(',', null)
 2 SYSTEMPATH\View\View.php(234): include('C:\\xampp\\htdocs\\prospera\\app\\Views\\data\\create\\create4.php')
 3 SYSTEMPATH\View\View.php(237): CodeIgniter\View\View->CodeIgniter\View\{closure}()
 4 SYSTEMPATH\Common.php(1171): CodeIgniter\View\View->render('data/create/create4', [], true)
 5 APPPATH\Controllers\Data.php(361): view('data/create/create4', [...])
 6 SYSTEMPATH\CodeIgniter.php(933): App\Controllers\Data->create4('10')
 7 SYSTEMPATH\CodeIgniter.php(509): CodeIgniter\CodeIgniter->runController(Object(App\Controllers\Data))
 8 SYSTEMPATH\CodeIgniter.php(355): CodeIgniter\CodeIgniter->handleRequest(null, Object(Config\Cache), false)
 9 SYSTEMPATH\Boot.php(312): CodeIgniter\CodeIgniter->run()
10 SYSTEMPATH\Boot.php(67): CodeIgniter\Boot::runCodeIgniter(Object(CodeIgniter\CodeIgniter))
11 FCPATH\index.php(56): CodeIgniter\Boot::bootWeb(Object(Config\Paths))
12 SYSTEMPATH\Commands\Server\rewrite.php(49): require_once('C:\\xampp\\htdocs\\prospera\\public\\index.php')
WARNING - 2024-07-22 03:12:18 --> [DEPRECATED] Creation of dynamic property App\Controllers\Data::$dataModel is deprecated in APPPATH\Controllers\Data.php on line 19.
 1 SYSTEMPATH\CodeIgniter.php(903): App\Controllers\Data->__construct()
 2 SYSTEMPATH\CodeIgniter.php(500): CodeIgniter\CodeIgniter->createController()
 3 SYSTEMPATH\CodeIgniter.php(355): CodeIgniter\CodeIgniter->handleRequest(null, Object(Config\Cache), false)
 4 SYSTEMPATH\Boot.php(312): CodeIgniter\CodeIgniter->run()
 5 SYSTEMPATH\Boot.php(67): CodeIgniter\Boot::runCodeIgniter(Object(CodeIgniter\CodeIgniter))
 6 FCPATH\index.php(56): CodeIgniter\Boot::bootWeb(Object(Config\Paths))
 7 SYSTEMPATH\Commands\Server\rewrite.php(49): require_once('C:\\xampp\\htdocs\\prospera\\public\\index.php')
WARNING - 2024-07-22 03:12:18 --> [DEPRECATED] Creation of dynamic property App\Controllers\Data::$desaModel is deprecated in APPPATH\Controllers\Data.php on line 20.
 1 SYSTEMPATH\CodeIgniter.php(903): App\Controllers\Data->__construct()
 2 SYSTEMPATH\CodeIgniter.php(500): CodeIgniter\CodeIgniter->createController()
 3 SYSTEMPATH\CodeIgniter.php(355): CodeIgniter\CodeIgniter->handleRequest(null, Object(Config\Cache), false)
 4 SYSTEMPATH\Boot.php(312): CodeIgniter\CodeIgniter->run()
 5 SYSTEMPATH\Boot.php(67): CodeIgniter\Boot::runCodeIgniter(Object(CodeIgniter\CodeIgniter))
 6 FCPATH\index.php(56): CodeIgniter\Boot::bootWeb(Object(Config\Paths))
 7 SYSTEMPATH\Commands\Server\rewrite.php(49): require_once('C:\\xampp\\htdocs\\prospera\\public\\index.php')
WARNING - 2024-07-22 03:12:18 --> [DEPRECATED] Creation of dynamic property App\Controllers\Data::$kecamatanModel is deprecated in APPPATH\Controllers\Data.php on line 21.
 1 SYSTEMPATH\CodeIgniter.php(903): App\Controllers\Data->__construct()
 2 SYSTEMPATH\CodeIgniter.php(500): CodeIgniter\CodeIgniter->createController()
 3 SYSTEMPATH\CodeIgniter.php(355): CodeIgniter\CodeIgniter->handleRequest(null, Object(Config\Cache), false)
 4 SYSTEMPATH\Boot.php(312): CodeIgniter\CodeIgniter->run()
 5 SYSTEMPATH\Boot.php(67): CodeIgniter\Boot::runCodeIgniter(Object(CodeIgniter\CodeIgniter))
 6 FCPATH\index.php(56): CodeIgniter\Boot::bootWeb(Object(Config\Paths))
 7 SYSTEMPATH\Commands\Server\rewrite.php(49): require_once('C:\\xampp\\htdocs\\prospera\\public\\index.php')
WARNING - 2024-07-22 03:12:18 --> [DEPRECATED] Creation of dynamic property App\Controllers\Data::$quesModel is deprecated in APPPATH\Controllers\Data.php on line 22.
 1 SYSTEMPATH\CodeIgniter.php(903): App\Controllers\Data->__construct()
 2 SYSTEMPATH\CodeIgniter.php(500): CodeIgniter\CodeIgniter->createController()
 3 SYSTEMPATH\CodeIgniter.php(355): CodeIgniter\CodeIgniter->handleRequest(null, Object(Config\Cache), false)
 4 SYSTEMPATH\Boot.php(312): CodeIgniter\CodeIgniter->run()
 5 SYSTEMPATH\Boot.php(67): CodeIgniter\Boot::runCodeIgniter(Object(CodeIgniter\CodeIgniter))
 6 FCPATH\index.php(56): CodeIgniter\Boot::bootWeb(Object(Config\Paths))
 7 SYSTEMPATH\Commands\Server\rewrite.php(49): require_once('C:\\xampp\\htdocs\\prospera\\public\\index.php')
WARNING - 2024-07-22 03:12:18 --> [DEPRECATED] Creation of dynamic property App\Controllers\Data::$slsModel is deprecated in APPPATH\Controllers\Data.php on line 23.
 1 SYSTEMPATH\CodeIgniter.php(903): App\Controllers\Data->__construct()
 2 SYSTEMPATH\CodeIgniter.php(500): CodeIgniter\CodeIgniter->createController()
 3 SYSTEMPATH\CodeIgniter.php(355): CodeIgniter\CodeIgniter->handleRequest(null, Object(Config\Cache), false)
 4 SYSTEMPATH\Boot.php(312): CodeIgniter\CodeIgniter->run()
 5 SYSTEMPATH\Boot.php(67): CodeIgniter\Boot::runCodeIgniter(Object(CodeIgniter\CodeIgniter))
 6 FCPATH\index.php(56): CodeIgniter\Boot::bootWeb(Object(Config\Paths))
 7 SYSTEMPATH\Commands\Server\rewrite.php(49): require_once('C:\\xampp\\htdocs\\prospera\\public\\index.php')
WARNING - 2024-07-22 03:12:18 --> [DEPRECATED] Creation of dynamic property App\Controllers\Data::$uri is deprecated in APPPATH\Controllers\Data.php on line 24.
 1 SYSTEMPATH\CodeIgniter.php(903): App\Controllers\Data->__construct()
 2 SYSTEMPATH\CodeIgniter.php(500): CodeIgniter\CodeIgniter->createController()
 3 SYSTEMPATH\CodeIgniter.php(355): CodeIgniter\CodeIgniter->handleRequest(null, Object(Config\Cache), false)
 4 SYSTEMPATH\Boot.php(312): CodeIgniter\CodeIgniter->run()
 5 SYSTEMPATH\Boot.php(67): CodeIgniter\Boot::runCodeIgniter(Object(CodeIgniter\CodeIgniter))
 6 FCPATH\index.php(56): CodeIgniter\Boot::bootWeb(Object(Config\Paths))
 7 SYSTEMPATH\Commands\Server\rewrite.php(49): require_once('C:\\xampp\\htdocs\\prospera\\public\\index.php')
WARNING - 2024-07-22 03:12:18 --> [DEPRECATED] Creation of dynamic property App\Controllers\Data::$dataModel is deprecated in APPPATH\Controllers\Data.php on line 19.
 1 SYSTEMPATH\CodeIgniter.php(903): App\Controllers\Data->__construct()
 2 SYSTEMPATH\CodeIgniter.php(500): CodeIgniter\CodeIgniter->createController()
 3 SYSTEMPATH\CodeIgniter.php(355): CodeIgniter\CodeIgniter->handleRequest(null, Object(Config\Cache), false)
 4 SYSTEMPATH\Boot.php(312): CodeIgniter\CodeIgniter->run()
 5 SYSTEMPATH\Boot.php(67): CodeIgniter\Boot::runCodeIgniter(Object(CodeIgniter\CodeIgniter))
 6 FCPATH\index.php(56): CodeIgniter\Boot::bootWeb(Object(Config\Paths))
 7 SYSTEMPATH\Commands\Server\rewrite.php(49): require_once('C:\\xampp\\htdocs\\prospera\\public\\index.php')
WARNING - 2024-07-22 03:12:18 --> [DEPRECATED] Creation of dynamic property App\Controllers\Data::$desaModel is deprecated in APPPATH\Controllers\Data.php on line 20.
 1 SYSTEMPATH\CodeIgniter.php(903): App\Controllers\Data->__construct()
 2 SYSTEMPATH\CodeIgniter.php(500): CodeIgniter\CodeIgniter->createController()
 3 SYSTEMPATH\CodeIgniter.php(355): CodeIgniter\CodeIgniter->handleRequest(null, Object(Config\Cache), false)
 4 SYSTEMPATH\Boot.php(312): CodeIgniter\CodeIgniter->run()
 5 SYSTEMPATH\Boot.php(67): CodeIgniter\Boot::runCodeIgniter(Object(CodeIgniter\CodeIgniter))
 6 FCPATH\index.php(56): CodeIgniter\Boot::bootWeb(Object(Config\Paths))
 7 SYSTEMPATH\Commands\Server\rewrite.php(49): require_once('C:\\xampp\\htdocs\\prospera\\public\\index.php')
WARNING - 2024-07-22 03:12:18 --> [DEPRECATED] Creation of dynamic property App\Controllers\Data::$kecamatanModel is deprecated in APPPATH\Controllers\Data.php on line 21.
 1 SYSTEMPATH\CodeIgniter.php(903): App\Controllers\Data->__construct()
 2 SYSTEMPATH\CodeIgniter.php(500): CodeIgniter\CodeIgniter->createController()
 3 SYSTEMPATH\CodeIgniter.php(355): CodeIgniter\CodeIgniter->handleRequest(null, Object(Config\Cache), false)
 4 SYSTEMPATH\Boot.php(312): CodeIgniter\CodeIgniter->run()
 5 SYSTEMPATH\Boot.php(67): CodeIgniter\Boot::runCodeIgniter(Object(CodeIgniter\CodeIgniter))
 6 FCPATH\index.php(56): CodeIgniter\Boot::bootWeb(Object(Config\Paths))
 7 SYSTEMPATH\Commands\Server\rewrite.php(49): require_once('C:\\xampp\\htdocs\\prospera\\public\\index.php')
WARNING - 2024-07-22 03:12:18 --> [DEPRECATED] Creation of dynamic property App\Controllers\Data::$quesModel is deprecated in APPPATH\Controllers\Data.php on line 22.
 1 SYSTEMPATH\CodeIgniter.php(903): App\Controllers\Data->__construct()
 2 SYSTEMPATH\CodeIgniter.php(500): CodeIgniter\CodeIgniter->createController()
 3 SYSTEMPATH\CodeIgniter.php(355): CodeIgniter\CodeIgniter->handleRequest(null, Object(Config\Cache), false)
 4 SYSTEMPATH\Boot.php(312): CodeIgniter\CodeIgniter->run()
 5 SYSTEMPATH\Boot.php(67): CodeIgniter\Boot::runCodeIgniter(Object(CodeIgniter\CodeIgniter))
 6 FCPATH\index.php(56): CodeIgniter\Boot::bootWeb(Object(Config\Paths))
 7 SYSTEMPATH\Commands\Server\rewrite.php(49): require_once('C:\\xampp\\htdocs\\prospera\\public\\index.php')
WARNING - 2024-07-22 03:12:18 --> [DEPRECATED] Creation of dynamic property App\Controllers\Data::$slsModel is deprecated in APPPATH\Controllers\Data.php on line 23.
 1 SYSTEMPATH\CodeIgniter.php(903): App\Controllers\Data->__construct()
 2 SYSTEMPATH\CodeIgniter.php(500): CodeIgniter\CodeIgniter->createController()
 3 SYSTEMPATH\CodeIgniter.php(355): CodeIgniter\CodeIgniter->handleRequest(null, Object(Config\Cache), false)
 4 SYSTEMPATH\Boot.php(312): CodeIgniter\CodeIgniter->run()
 5 SYSTEMPATH\Boot.php(67): CodeIgniter\Boot::runCodeIgniter(Object(CodeIgniter\CodeIgniter))
 6 FCPATH\index.php(56): CodeIgniter\Boot::bootWeb(Object(Config\Paths))
 7 SYSTEMPATH\Commands\Server\rewrite.php(49): require_once('C:\\xampp\\htdocs\\prospera\\public\\index.php')
WARNING - 2024-07-22 03:12:18 --> [DEPRECATED] Creation of dynamic property App\Controllers\Data::$uri is deprecated in APPPATH\Controllers\Data.php on line 24.
 1 SYSTEMPATH\CodeIgniter.php(903): App\Controllers\Data->__construct()
 2 SYSTEMPATH\CodeIgniter.php(500): CodeIgniter\CodeIgniter->createController()
 3 SYSTEMPATH\CodeIgniter.php(355): CodeIgniter\CodeIgniter->handleRequest(null, Object(Config\Cache), false)
 4 SYSTEMPATH\Boot.php(312): CodeIgniter\CodeIgniter->run()
 5 SYSTEMPATH\Boot.php(67): CodeIgniter\Boot::runCodeIgniter(Object(CodeIgniter\CodeIgniter))
 6 FCPATH\index.php(56): CodeIgniter\Boot::bootWeb(Object(Config\Paths))
 7 SYSTEMPATH\Commands\Server\rewrite.php(49): require_once('C:\\xampp\\htdocs\\prospera\\public\\index.php')
INFO - 2024-07-22 03:12:18 --> Session: Class initialized using 'CodeIgniter\Session\Handlers\FileHandler' driver.
WARNING - 2024-07-22 03:14:03 --> [DEPRECATED] Creation of dynamic property App\Controllers\Data::$dataModel is deprecated in APPPATH\Controllers\Data.php on line 19.
 1 SYSTEMPATH\CodeIgniter.php(903): App\Controllers\Data->__construct()
 2 SYSTEMPATH\CodeIgniter.php(500): CodeIgniter\CodeIgniter->createController()
 3 SYSTEMPATH\CodeIgniter.php(355): CodeIgniter\CodeIgniter->handleRequest(null, Object(Config\Cache), false)
 4 SYSTEMPATH\Boot.php(312): CodeIgniter\CodeIgniter->run()
 5 SYSTEMPATH\Boot.php(67): CodeIgniter\Boot::runCodeIgniter(Object(CodeIgniter\CodeIgniter))
 6 FCPATH\index.php(56): CodeIgniter\Boot::bootWeb(Object(Config\Paths))
 7 SYSTEMPATH\Commands\Server\rewrite.php(49): require_once('C:\\xampp\\htdocs\\prospera\\public\\index.php')
WARNING - 2024-07-22 03:14:03 --> [DEPRECATED] Creation of dynamic property App\Controllers\Data::$desaModel is deprecated in APPPATH\Controllers\Data.php on line 20.
 1 SYSTEMPATH\CodeIgniter.php(903): App\Controllers\Data->__construct()
 2 SYSTEMPATH\CodeIgniter.php(500): CodeIgniter\CodeIgniter->createController()
 3 SYSTEMPATH\CodeIgniter.php(355): CodeIgniter\CodeIgniter->handleRequest(null, Object(Config\Cache), false)
 4 SYSTEMPATH\Boot.php(312): CodeIgniter\CodeIgniter->run()
 5 SYSTEMPATH\Boot.php(67): CodeIgniter\Boot::runCodeIgniter(Object(CodeIgniter\CodeIgniter))
 6 FCPATH\index.php(56): CodeIgniter\Boot::bootWeb(Object(Config\Paths))
 7 SYSTEMPATH\Commands\Server\rewrite.php(49): require_once('C:\\xampp\\htdocs\\prospera\\public\\index.php')
WARNING - 2024-07-22 03:14:03 --> [DEPRECATED] Creation of dynamic property App\Controllers\Data::$kecamatanModel is deprecated in APPPATH\Controllers\Data.php on line 21.
 1 SYSTEMPATH\CodeIgniter.php(903): App\Controllers\Data->__construct()
 2 SYSTEMPATH\CodeIgniter.php(500): CodeIgniter\CodeIgniter->createController()
 3 SYSTEMPATH\CodeIgniter.php(355): CodeIgniter\CodeIgniter->handleRequest(null, Object(Config\Cache), false)
 4 SYSTEMPATH\Boot.php(312): CodeIgniter\CodeIgniter->run()
 5 SYSTEMPATH\Boot.php(67): CodeIgniter\Boot::runCodeIgniter(Object(CodeIgniter\CodeIgniter))
 6 FCPATH\index.php(56): CodeIgniter\Boot::bootWeb(Object(Config\Paths))
 7 SYSTEMPATH\Commands\Server\rewrite.php(49): require_once('C:\\xampp\\htdocs\\prospera\\public\\index.php')
WARNING - 2024-07-22 03:14:03 --> [DEPRECATED] Creation of dynamic property App\Controllers\Data::$quesModel is deprecated in APPPATH\Controllers\Data.php on line 22.
 1 SYSTEMPATH\CodeIgniter.php(903): App\Controllers\Data->__construct()
 2 SYSTEMPATH\CodeIgniter.php(500): CodeIgniter\CodeIgniter->createController()
 3 SYSTEMPATH\CodeIgniter.php(355): CodeIgniter\CodeIgniter->handleRequest(null, Object(Config\Cache), false)
 4 SYSTEMPATH\Boot.php(312): CodeIgniter\CodeIgniter->run()
 5 SYSTEMPATH\Boot.php(67): CodeIgniter\Boot::runCodeIgniter(Object(CodeIgniter\CodeIgniter))
 6 FCPATH\index.php(56): CodeIgniter\Boot::bootWeb(Object(Config\Paths))
 7 SYSTEMPATH\Commands\Server\rewrite.php(49): require_once('C:\\xampp\\htdocs\\prospera\\public\\index.php')
WARNING - 2024-07-22 03:14:03 --> [DEPRECATED] Creation of dynamic property App\Controllers\Data::$slsModel is deprecated in APPPATH\Controllers\Data.php on line 23.
 1 SYSTEMPATH\CodeIgniter.php(903): App\Controllers\Data->__construct()
 2 SYSTEMPATH\CodeIgniter.php(500): CodeIgniter\CodeIgniter->createController()
 3 SYSTEMPATH\CodeIgniter.php(355): CodeIgniter\CodeIgniter->handleRequest(null, Object(Config\Cache), false)
 4 SYSTEMPATH\Boot.php(312): CodeIgniter\CodeIgniter->run()
 5 SYSTEMPATH\Boot.php(67): CodeIgniter\Boot::runCodeIgniter(Object(CodeIgniter\CodeIgniter))
 6 FCPATH\index.php(56): CodeIgniter\Boot::bootWeb(Object(Config\Paths))
 7 SYSTEMPATH\Commands\Server\rewrite.php(49): require_once('C:\\xampp\\htdocs\\prospera\\public\\index.php')
WARNING - 2024-07-22 03:14:03 --> [DEPRECATED] Creation of dynamic property App\Controllers\Data::$uri is deprecated in APPPATH\Controllers\Data.php on line 24.
 1 SYSTEMPATH\CodeIgniter.php(903): App\Controllers\Data->__construct()
 2 SYSTEMPATH\CodeIgniter.php(500): CodeIgniter\CodeIgniter->createController()
 3 SYSTEMPATH\CodeIgniter.php(355): CodeIgniter\CodeIgniter->handleRequest(null, Object(Config\Cache), false)
 4 SYSTEMPATH\Boot.php(312): CodeIgniter\CodeIgniter->run()
 5 SYSTEMPATH\Boot.php(67): CodeIgniter\Boot::runCodeIgniter(Object(CodeIgniter\CodeIgniter))
 6 FCPATH\index.php(56): CodeIgniter\Boot::bootWeb(Object(Config\Paths))
 7 SYSTEMPATH\Commands\Server\rewrite.php(49): require_once('C:\\xampp\\htdocs\\prospera\\public\\index.php')
WARNING - 2024-07-22 03:14:03 --> [DEPRECATED] Creation of dynamic property App\Controllers\Data::$dataModel is deprecated in APPPATH\Controllers\Data.php on line 19.
 1 SYSTEMPATH\CodeIgniter.php(903): App\Controllers\Data->__construct()
 2 SYSTEMPATH\CodeIgniter.php(500): CodeIgniter\CodeIgniter->createController()
 3 SYSTEMPATH\CodeIgniter.php(355): CodeIgniter\CodeIgniter->handleRequest(null, Object(Config\Cache), false)
 4 SYSTEMPATH\Boot.php(312): CodeIgniter\CodeIgniter->run()
 5 SYSTEMPATH\Boot.php(67): CodeIgniter\Boot::runCodeIgniter(Object(CodeIgniter\CodeIgniter))
 6 FCPATH\index.php(56): CodeIgniter\Boot::bootWeb(Object(Config\Paths))
 7 SYSTEMPATH\Commands\Server\rewrite.php(49): require_once('C:\\xampp\\htdocs\\prospera\\public\\index.php')
WARNING - 2024-07-22 03:14:03 --> [DEPRECATED] Creation of dynamic property App\Controllers\Data::$desaModel is deprecated in APPPATH\Controllers\Data.php on line 20.
 1 SYSTEMPATH\CodeIgniter.php(903): App\Controllers\Data->__construct()
 2 SYSTEMPATH\CodeIgniter.php(500): CodeIgniter\CodeIgniter->createController()
 3 SYSTEMPATH\CodeIgniter.php(355): CodeIgniter\CodeIgniter->handleRequest(null, Object(Config\Cache), false)
 4 SYSTEMPATH\Boot.php(312): CodeIgniter\CodeIgniter->run()
 5 SYSTEMPATH\Boot.php(67): CodeIgniter\Boot::runCodeIgniter(Object(CodeIgniter\CodeIgniter))
 6 FCPATH\index.php(56): CodeIgniter\Boot::bootWeb(Object(Config\Paths))
 7 SYSTEMPATH\Commands\Server\rewrite.php(49): require_once('C:\\xampp\\htdocs\\prospera\\public\\index.php')
WARNING - 2024-07-22 03:14:03 --> [DEPRECATED] Creation of dynamic property App\Controllers\Data::$kecamatanModel is deprecated in APPPATH\Controllers\Data.php on line 21.
 1 SYSTEMPATH\CodeIgniter.php(903): App\Controllers\Data->__construct()
 2 SYSTEMPATH\CodeIgniter.php(500): CodeIgniter\CodeIgniter->createController()
 3 SYSTEMPATH\CodeIgniter.php(355): CodeIgniter\CodeIgniter->handleRequest(null, Object(Config\Cache), false)
 4 SYSTEMPATH\Boot.php(312): CodeIgniter\CodeIgniter->run()
 5 SYSTEMPATH\Boot.php(67): CodeIgniter\Boot::runCodeIgniter(Object(CodeIgniter\CodeIgniter))
 6 FCPATH\index.php(56): CodeIgniter\Boot::bootWeb(Object(Config\Paths))
 7 SYSTEMPATH\Commands\Server\rewrite.php(49): require_once('C:\\xampp\\htdocs\\prospera\\public\\index.php')
WARNING - 2024-07-22 03:14:03 --> [DEPRECATED] Creation of dynamic property App\Controllers\Data::$quesModel is deprecated in APPPATH\Controllers\Data.php on line 22.
 1 SYSTEMPATH\CodeIgniter.php(903): App\Controllers\Data->__construct()
 2 SYSTEMPATH\CodeIgniter.php(500): CodeIgniter\CodeIgniter->createController()
 3 SYSTEMPATH\CodeIgniter.php(355): CodeIgniter\CodeIgniter->handleRequest(null, Object(Config\Cache), false)
 4 SYSTEMPATH\Boot.php(312): CodeIgniter\CodeIgniter->run()
 5 SYSTEMPATH\Boot.php(67): CodeIgniter\Boot::runCodeIgniter(Object(CodeIgniter\CodeIgniter))
 6 FCPATH\index.php(56): CodeIgniter\Boot::bootWeb(Object(Config\Paths))
 7 SYSTEMPATH\Commands\Server\rewrite.php(49): require_once('C:\\xampp\\htdocs\\prospera\\public\\index.php')
WARNING - 2024-07-22 03:14:03 --> [DEPRECATED] Creation of dynamic property App\Controllers\Data::$slsModel is deprecated in APPPATH\Controllers\Data.php on line 23.
 1 SYSTEMPATH\CodeIgniter.php(903): App\Controllers\Data->__construct()
 2 SYSTEMPATH\CodeIgniter.php(500): CodeIgniter\CodeIgniter->createController()
 3 SYSTEMPATH\CodeIgniter.php(355): CodeIgniter\CodeIgniter->handleRequest(null, Object(Config\Cache), false)
 4 SYSTEMPATH\Boot.php(312): CodeIgniter\CodeIgniter->run()
 5 SYSTEMPATH\Boot.php(67): CodeIgniter\Boot::runCodeIgniter(Object(CodeIgniter\CodeIgniter))
 6 FCPATH\index.php(56): CodeIgniter\Boot::bootWeb(Object(Config\Paths))
 7 SYSTEMPATH\Commands\Server\rewrite.php(49): require_once('C:\\xampp\\htdocs\\prospera\\public\\index.php')
WARNING - 2024-07-22 03:14:03 --> [DEPRECATED] Creation of dynamic property App\Controllers\Data::$uri is deprecated in APPPATH\Controllers\Data.php on line 24.
 1 SYSTEMPATH\CodeIgniter.php(903): App\Controllers\Data->__construct()
 2 SYSTEMPATH\CodeIgniter.php(500): CodeIgniter\CodeIgniter->createController()
 3 SYSTEMPATH\CodeIgniter.php(355): CodeIgniter\CodeIgniter->handleRequest(null, Object(Config\Cache), false)
 4 SYSTEMPATH\Boot.php(312): CodeIgniter\CodeIgniter->run()
 5 SYSTEMPATH\Boot.php(67): CodeIgniter\Boot::runCodeIgniter(Object(CodeIgniter\CodeIgniter))
 6 FCPATH\index.php(56): CodeIgniter\Boot::bootWeb(Object(Config\Paths))
 7 SYSTEMPATH\Commands\Server\rewrite.php(49): require_once('C:\\xampp\\htdocs\\prospera\\public\\index.php')
INFO - 2024-07-22 03:14:03 --> Session: Class initialized using 'CodeIgniter\Session\Handlers\FileHandler' driver.
WARNING - 2024-07-22 03:14:52 --> [DEPRECATED] Creation of dynamic property App\Controllers\Data::$dataModel is deprecated in APPPATH\Controllers\Data.php on line 19.
 1 SYSTEMPATH\CodeIgniter.php(903): App\Controllers\Data->__construct()
 2 SYSTEMPATH\CodeIgniter.php(500): CodeIgniter\CodeIgniter->createController()
 3 SYSTEMPATH\CodeIgniter.php(355): CodeIgniter\CodeIgniter->handleRequest(null, Object(Config\Cache), false)
 4 SYSTEMPATH\Boot.php(312): CodeIgniter\CodeIgniter->run()
 5 SYSTEMPATH\Boot.php(67): CodeIgniter\Boot::runCodeIgniter(Object(CodeIgniter\CodeIgniter))
 6 FCPATH\index.php(56): CodeIgniter\Boot::bootWeb(Object(Config\Paths))
 7 SYSTEMPATH\Commands\Server\rewrite.php(49): require_once('C:\\xampp\\htdocs\\prospera\\public\\index.php')
WARNING - 2024-07-22 03:14:52 --> [DEPRECATED] Creation of dynamic property App\Controllers\Data::$desaModel is deprecated in APPPATH\Controllers\Data.php on line 20.
 1 SYSTEMPATH\CodeIgniter.php(903): App\Controllers\Data->__construct()
 2 SYSTEMPATH\CodeIgniter.php(500): CodeIgniter\CodeIgniter->createController()
 3 SYSTEMPATH\CodeIgniter.php(355): CodeIgniter\CodeIgniter->handleRequest(null, Object(Config\Cache), false)
 4 SYSTEMPATH\Boot.php(312): CodeIgniter\CodeIgniter->run()
 5 SYSTEMPATH\Boot.php(67): CodeIgniter\Boot::runCodeIgniter(Object(CodeIgniter\CodeIgniter))
 6 FCPATH\index.php(56): CodeIgniter\Boot::bootWeb(Object(Config\Paths))
 7 SYSTEMPATH\Commands\Server\rewrite.php(49): require_once('C:\\xampp\\htdocs\\prospera\\public\\index.php')
WARNING - 2024-07-22 03:14:52 --> [DEPRECATED] Creation of dynamic property App\Controllers\Data::$kecamatanModel is deprecated in APPPATH\Controllers\Data.php on line 21.
 1 SYSTEMPATH\CodeIgniter.php(903): App\Controllers\Data->__construct()
 2 SYSTEMPATH\CodeIgniter.php(500): CodeIgniter\CodeIgniter->createController()
 3 SYSTEMPATH\CodeIgniter.php(355): CodeIgniter\CodeIgniter->handleRequest(null, Object(Config\Cache), false)
 4 SYSTEMPATH\Boot.php(312): CodeIgniter\CodeIgniter->run()
 5 SYSTEMPATH\Boot.php(67): CodeIgniter\Boot::runCodeIgniter(Object(CodeIgniter\CodeIgniter))
 6 FCPATH\index.php(56): CodeIgniter\Boot::bootWeb(Object(Config\Paths))
 7 SYSTEMPATH\Commands\Server\rewrite.php(49): require_once('C:\\xampp\\htdocs\\prospera\\public\\index.php')
WARNING - 2024-07-22 03:14:52 --> [DEPRECATED] Creation of dynamic property App\Controllers\Data::$quesModel is deprecated in APPPATH\Controllers\Data.php on line 22.
 1 SYSTEMPATH\CodeIgniter.php(903): App\Controllers\Data->__construct()
 2 SYSTEMPATH\CodeIgniter.php(500): CodeIgniter\CodeIgniter->createController()
 3 SYSTEMPATH\CodeIgniter.php(355): CodeIgniter\CodeIgniter->handleRequest(null, Object(Config\Cache), false)
 4 SYSTEMPATH\Boot.php(312): CodeIgniter\CodeIgniter->run()
 5 SYSTEMPATH\Boot.php(67): CodeIgniter\Boot::runCodeIgniter(Object(CodeIgniter\CodeIgniter))
 6 FCPATH\index.php(56): CodeIgniter\Boot::bootWeb(Object(Config\Paths))
 7 SYSTEMPATH\Commands\Server\rewrite.php(49): require_once('C:\\xampp\\htdocs\\prospera\\public\\index.php')
WARNING - 2024-07-22 03:14:52 --> [DEPRECATED] Creation of dynamic property App\Controllers\Data::$slsModel is deprecated in APPPATH\Controllers\Data.php on line 23.
 1 SYSTEMPATH\CodeIgniter.php(903): App\Controllers\Data->__construct()
 2 SYSTEMPATH\CodeIgniter.php(500): CodeIgniter\CodeIgniter->createController()
 3 SYSTEMPATH\CodeIgniter.php(355): CodeIgniter\CodeIgniter->handleRequest(null, Object(Config\Cache), false)
 4 SYSTEMPATH\Boot.php(312): CodeIgniter\CodeIgniter->run()
 5 SYSTEMPATH\Boot.php(67): CodeIgniter\Boot::runCodeIgniter(Object(CodeIgniter\CodeIgniter))
 6 FCPATH\index.php(56): CodeIgniter\Boot::bootWeb(Object(Config\Paths))
 7 SYSTEMPATH\Commands\Server\rewrite.php(49): require_once('C:\\xampp\\htdocs\\prospera\\public\\index.php')
WARNING - 2024-07-22 03:14:52 --> [DEPRECATED] Creation of dynamic property App\Controllers\Data::$uri is deprecated in APPPATH\Controllers\Data.php on line 24.
 1 SYSTEMPATH\CodeIgniter.php(903): App\Controllers\Data->__construct()
 2 SYSTEMPATH\CodeIgniter.php(500): CodeIgniter\CodeIgniter->createController()
 3 SYSTEMPATH\CodeIgniter.php(355): CodeIgniter\CodeIgniter->handleRequest(null, Object(Config\Cache), false)
 4 SYSTEMPATH\Boot.php(312): CodeIgniter\CodeIgniter->run()
 5 SYSTEMPATH\Boot.php(67): CodeIgniter\Boot::runCodeIgniter(Object(CodeIgniter\CodeIgniter))
 6 FCPATH\index.php(56): CodeIgniter\Boot::bootWeb(Object(Config\Paths))
 7 SYSTEMPATH\Commands\Server\rewrite.php(49): require_once('C:\\xampp\\htdocs\\prospera\\public\\index.php')
WARNING - 2024-07-22 03:14:53 --> [DEPRECATED] Creation of dynamic property App\Controllers\Data::$dataModel is deprecated in APPPATH\Controllers\Data.php on line 19.
 1 SYSTEMPATH\CodeIgniter.php(903): App\Controllers\Data->__construct()
 2 SYSTEMPATH\CodeIgniter.php(500): CodeIgniter\CodeIgniter->createController()
 3 SYSTEMPATH\CodeIgniter.php(355): CodeIgniter\CodeIgniter->handleRequest(null, Object(Config\Cache), false)
 4 SYSTEMPATH\Boot.php(312): CodeIgniter\CodeIgniter->run()
 5 SYSTEMPATH\Boot.php(67): CodeIgniter\Boot::runCodeIgniter(Object(CodeIgniter\CodeIgniter))
 6 FCPATH\index.php(56): CodeIgniter\Boot::bootWeb(Object(Config\Paths))
 7 SYSTEMPATH\Commands\Server\rewrite.php(49): require_once('C:\\xampp\\htdocs\\prospera\\public\\index.php')
WARNING - 2024-07-22 03:14:53 --> [DEPRECATED] Creation of dynamic property App\Controllers\Data::$desaModel is deprecated in APPPATH\Controllers\Data.php on line 20.
 1 SYSTEMPATH\CodeIgniter.php(903): App\Controllers\Data->__construct()
 2 SYSTEMPATH\CodeIgniter.php(500): CodeIgniter\CodeIgniter->createController()
 3 SYSTEMPATH\CodeIgniter.php(355): CodeIgniter\CodeIgniter->handleRequest(null, Object(Config\Cache), false)
 4 SYSTEMPATH\Boot.php(312): CodeIgniter\CodeIgniter->run()
 5 SYSTEMPATH\Boot.php(67): CodeIgniter\Boot::runCodeIgniter(Object(CodeIgniter\CodeIgniter))
 6 FCPATH\index.php(56): CodeIgniter\Boot::bootWeb(Object(Config\Paths))
 7 SYSTEMPATH\Commands\Server\rewrite.php(49): require_once('C:\\xampp\\htdocs\\prospera\\public\\index.php')
WARNING - 2024-07-22 03:14:53 --> [DEPRECATED] Creation of dynamic property App\Controllers\Data::$kecamatanModel is deprecated in APPPATH\Controllers\Data.php on line 21.
 1 SYSTEMPATH\CodeIgniter.php(903): App\Controllers\Data->__construct()
 2 SYSTEMPATH\CodeIgniter.php(500): CodeIgniter\CodeIgniter->createController()
 3 SYSTEMPATH\CodeIgniter.php(355): CodeIgniter\CodeIgniter->handleRequest(null, Object(Config\Cache), false)
 4 SYSTEMPATH\Boot.php(312): CodeIgniter\CodeIgniter->run()
 5 SYSTEMPATH\Boot.php(67): CodeIgniter\Boot::runCodeIgniter(Object(CodeIgniter\CodeIgniter))
 6 FCPATH\index.php(56): CodeIgniter\Boot::bootWeb(Object(Config\Paths))
 7 SYSTEMPATH\Commands\Server\rewrite.php(49): require_once('C:\\xampp\\htdocs\\prospera\\public\\index.php')
WARNING - 2024-07-22 03:14:53 --> [DEPRECATED] Creation of dynamic property App\Controllers\Data::$quesModel is deprecated in APPPATH\Controllers\Data.php on line 22.
 1 SYSTEMPATH\CodeIgniter.php(903): App\Controllers\Data->__construct()
 2 SYSTEMPATH\CodeIgniter.php(500): CodeIgniter\CodeIgniter->createController()
 3 SYSTEMPATH\CodeIgniter.php(355): CodeIgniter\CodeIgniter->handleRequest(null, Object(Config\Cache), false)
 4 SYSTEMPATH\Boot.php(312): CodeIgniter\CodeIgniter->run()
 5 SYSTEMPATH\Boot.php(67): CodeIgniter\Boot::runCodeIgniter(Object(CodeIgniter\CodeIgniter))
 6 FCPATH\index.php(56): CodeIgniter\Boot::bootWeb(Object(Config\Paths))
 7 SYSTEMPATH\Commands\Server\rewrite.php(49): require_once('C:\\xampp\\htdocs\\prospera\\public\\index.php')
WARNING - 2024-07-22 03:14:53 --> [DEPRECATED] Creation of dynamic property App\Controllers\Data::$slsModel is deprecated in APPPATH\Controllers\Data.php on line 23.
 1 SYSTEMPATH\CodeIgniter.php(903): App\Controllers\Data->__construct()
 2 SYSTEMPATH\CodeIgniter.php(500): CodeIgniter\CodeIgniter->createController()
 3 SYSTEMPATH\CodeIgniter.php(355): CodeIgniter\CodeIgniter->handleRequest(null, Object(Config\Cache), false)
 4 SYSTEMPATH\Boot.php(312): CodeIgniter\CodeIgniter->run()
 5 SYSTEMPATH\Boot.php(67): CodeIgniter\Boot::runCodeIgniter(Object(CodeIgniter\CodeIgniter))
 6 FCPATH\index.php(56): CodeIgniter\Boot::bootWeb(Object(Config\Paths))
 7 SYSTEMPATH\Commands\Server\rewrite.php(49): require_once('C:\\xampp\\htdocs\\prospera\\public\\index.php')
WARNING - 2024-07-22 03:14:53 --> [DEPRECATED] Creation of dynamic property App\Controllers\Data::$uri is deprecated in APPPATH\Controllers\Data.php on line 24.
 1 SYSTEMPATH\CodeIgniter.php(903): App\Controllers\Data->__construct()
 2 SYSTEMPATH\CodeIgniter.php(500): CodeIgniter\CodeIgniter->createController()
 3 SYSTEMPATH\CodeIgniter.php(355): CodeIgniter\CodeIgniter->handleRequest(null, Object(Config\Cache), false)
 4 SYSTEMPATH\Boot.php(312): CodeIgniter\CodeIgniter->run()
 5 SYSTEMPATH\Boot.php(67): CodeIgniter\Boot::runCodeIgniter(Object(CodeIgniter\CodeIgniter))
 6 FCPATH\index.php(56): CodeIgniter\Boot::bootWeb(Object(Config\Paths))
 7 SYSTEMPATH\Commands\Server\rewrite.php(49): require_once('C:\\xampp\\htdocs\\prospera\\public\\index.php')
INFO - 2024-07-22 03:14:53 --> Session: Class initialized using 'CodeIgniter\Session\Handlers\FileHandler' driver.
WARNING - 2024-07-22 03:15:56 --> [DEPRECATED] Creation of dynamic property App\Controllers\Data::$dataModel is deprecated in APPPATH\Controllers\Data.php on line 19.
 1 SYSTEMPATH\CodeIgniter.php(903): App\Controllers\Data->__construct()
 2 SYSTEMPATH\CodeIgniter.php(500): CodeIgniter\CodeIgniter->createController()
 3 SYSTEMPATH\CodeIgniter.php(355): CodeIgniter\CodeIgniter->handleRequest(null, Object(Config\Cache), false)
 4 SYSTEMPATH\Boot.php(312): CodeIgniter\CodeIgniter->run()
 5 SYSTEMPATH\Boot.php(67): CodeIgniter\Boot::runCodeIgniter(Object(CodeIgniter\CodeIgniter))
 6 FCPATH\index.php(56): CodeIgniter\Boot::bootWeb(Object(Config\Paths))
 7 SYSTEMPATH\Commands\Server\rewrite.php(49): require_once('C:\\xampp\\htdocs\\prospera\\public\\index.php')
WARNING - 2024-07-22 03:15:56 --> [DEPRECATED] Creation of dynamic property App\Controllers\Data::$desaModel is deprecated in APPPATH\Controllers\Data.php on line 20.
 1 SYSTEMPATH\CodeIgniter.php(903): App\Controllers\Data->__construct()
 2 SYSTEMPATH\CodeIgniter.php(500): CodeIgniter\CodeIgniter->createController()
 3 SYSTEMPATH\CodeIgniter.php(355): CodeIgniter\CodeIgniter->handleRequest(null, Object(Config\Cache), false)
 4 SYSTEMPATH\Boot.php(312): CodeIgniter\CodeIgniter->run()
 5 SYSTEMPATH\Boot.php(67): CodeIgniter\Boot::runCodeIgniter(Object(CodeIgniter\CodeIgniter))
 6 FCPATH\index.php(56): CodeIgniter\Boot::bootWeb(Object(Config\Paths))
 7 SYSTEMPATH\Commands\Server\rewrite.php(49): require_once('C:\\xampp\\htdocs\\prospera\\public\\index.php')
WARNING - 2024-07-22 03:15:56 --> [DEPRECATED] Creation of dynamic property App\Controllers\Data::$kecamatanModel is deprecated in APPPATH\Controllers\Data.php on line 21.
 1 SYSTEMPATH\CodeIgniter.php(903): App\Controllers\Data->__construct()
 2 SYSTEMPATH\CodeIgniter.php(500): CodeIgniter\CodeIgniter->createController()
 3 SYSTEMPATH\CodeIgniter.php(355): CodeIgniter\CodeIgniter->handleRequest(null, Object(Config\Cache), false)
 4 SYSTEMPATH\Boot.php(312): CodeIgniter\CodeIgniter->run()
 5 SYSTEMPATH\Boot.php(67): CodeIgniter\Boot::runCodeIgniter(Object(CodeIgniter\CodeIgniter))
 6 FCPATH\index.php(56): CodeIgniter\Boot::bootWeb(Object(Config\Paths))
 7 SYSTEMPATH\Commands\Server\rewrite.php(49): require_once('C:\\xampp\\htdocs\\prospera\\public\\index.php')
WARNING - 2024-07-22 03:15:56 --> [DEPRECATED] Creation of dynamic property App\Controllers\Data::$quesModel is deprecated in APPPATH\Controllers\Data.php on line 22.
 1 SYSTEMPATH\CodeIgniter.php(903): App\Controllers\Data->__construct()
 2 SYSTEMPATH\CodeIgniter.php(500): CodeIgniter\CodeIgniter->createController()
 3 SYSTEMPATH\CodeIgniter.php(355): CodeIgniter\CodeIgniter->handleRequest(null, Object(Config\Cache), false)
 4 SYSTEMPATH\Boot.php(312): CodeIgniter\CodeIgniter->run()
 5 SYSTEMPATH\Boot.php(67): CodeIgniter\Boot::runCodeIgniter(Object(CodeIgniter\CodeIgniter))
 6 FCPATH\index.php(56): CodeIgniter\Boot::bootWeb(Object(Config\Paths))
 7 SYSTEMPATH\Commands\Server\rewrite.php(49): require_once('C:\\xampp\\htdocs\\prospera\\public\\index.php')
WARNING - 2024-07-22 03:15:56 --> [DEPRECATED] Creation of dynamic property App\Controllers\Data::$slsModel is deprecated in APPPATH\Controllers\Data.php on line 23.
 1 SYSTEMPATH\CodeIgniter.php(903): App\Controllers\Data->__construct()
 2 SYSTEMPATH\CodeIgniter.php(500): CodeIgniter\CodeIgniter->createController()
 3 SYSTEMPATH\CodeIgniter.php(355): CodeIgniter\CodeIgniter->handleRequest(null, Object(Config\Cache), false)
 4 SYSTEMPATH\Boot.php(312): CodeIgniter\CodeIgniter->run()
 5 SYSTEMPATH\Boot.php(67): CodeIgniter\Boot::runCodeIgniter(Object(CodeIgniter\CodeIgniter))
 6 FCPATH\index.php(56): CodeIgniter\Boot::bootWeb(Object(Config\Paths))
 7 SYSTEMPATH\Commands\Server\rewrite.php(49): require_once('C:\\xampp\\htdocs\\prospera\\public\\index.php')
WARNING - 2024-07-22 03:15:56 --> [DEPRECATED] Creation of dynamic property App\Controllers\Data::$uri is deprecated in APPPATH\Controllers\Data.php on line 24.
 1 SYSTEMPATH\CodeIgniter.php(903): App\Controllers\Data->__construct()
 2 SYSTEMPATH\CodeIgniter.php(500): CodeIgniter\CodeIgniter->createController()
 3 SYSTEMPATH\CodeIgniter.php(355): CodeIgniter\CodeIgniter->handleRequest(null, Object(Config\Cache), false)
 4 SYSTEMPATH\Boot.php(312): CodeIgniter\CodeIgniter->run()
 5 SYSTEMPATH\Boot.php(67): CodeIgniter\Boot::runCodeIgniter(Object(CodeIgniter\CodeIgniter))
 6 FCPATH\index.php(56): CodeIgniter\Boot::bootWeb(Object(Config\Paths))
 7 SYSTEMPATH\Commands\Server\rewrite.php(49): require_once('C:\\xampp\\htdocs\\prospera\\public\\index.php')
WARNING - 2024-07-22 03:15:56 --> [DEPRECATED] Creation of dynamic property App\Controllers\Data::$dataModel is deprecated in APPPATH\Controllers\Data.php on line 19.
 1 SYSTEMPATH\CodeIgniter.php(903): App\Controllers\Data->__construct()
 2 SYSTEMPATH\CodeIgniter.php(500): CodeIgniter\CodeIgniter->createController()
 3 SYSTEMPATH\CodeIgniter.php(355): CodeIgniter\CodeIgniter->handleRequest(null, Object(Config\Cache), false)
 4 SYSTEMPATH\Boot.php(312): CodeIgniter\CodeIgniter->run()
 5 SYSTEMPATH\Boot.php(67): CodeIgniter\Boot::runCodeIgniter(Object(CodeIgniter\CodeIgniter))
 6 FCPATH\index.php(56): CodeIgniter\Boot::bootWeb(Object(Config\Paths))
 7 SYSTEMPATH\Commands\Server\rewrite.php(49): require_once('C:\\xampp\\htdocs\\prospera\\public\\index.php')
WARNING - 2024-07-22 03:15:56 --> [DEPRECATED] Creation of dynamic property App\Controllers\Data::$desaModel is deprecated in APPPATH\Controllers\Data.php on line 20.
 1 SYSTEMPATH\CodeIgniter.php(903): App\Controllers\Data->__construct()
 2 SYSTEMPATH\CodeIgniter.php(500): CodeIgniter\CodeIgniter->createController()
 3 SYSTEMPATH\CodeIgniter.php(355): CodeIgniter\CodeIgniter->handleRequest(null, Object(Config\Cache), false)
 4 SYSTEMPATH\Boot.php(312): CodeIgniter\CodeIgniter->run()
 5 SYSTEMPATH\Boot.php(67): CodeIgniter\Boot::runCodeIgniter(Object(CodeIgniter\CodeIgniter))
 6 FCPATH\index.php(56): CodeIgniter\Boot::bootWeb(Object(Config\Paths))
 7 SYSTEMPATH\Commands\Server\rewrite.php(49): require_once('C:\\xampp\\htdocs\\prospera\\public\\index.php')
WARNING - 2024-07-22 03:15:56 --> [DEPRECATED] Creation of dynamic property App\Controllers\Data::$kecamatanModel is deprecated in APPPATH\Controllers\Data.php on line 21.
 1 SYSTEMPATH\CodeIgniter.php(903): App\Controllers\Data->__construct()
 2 SYSTEMPATH\CodeIgniter.php(500): CodeIgniter\CodeIgniter->createController()
 3 SYSTEMPATH\CodeIgniter.php(355): CodeIgniter\CodeIgniter->handleRequest(null, Object(Config\Cache), false)
 4 SYSTEMPATH\Boot.php(312): CodeIgniter\CodeIgniter->run()
 5 SYSTEMPATH\Boot.php(67): CodeIgniter\Boot::runCodeIgniter(Object(CodeIgniter\CodeIgniter))
 6 FCPATH\index.php(56): CodeIgniter\Boot::bootWeb(Object(Config\Paths))
 7 SYSTEMPATH\Commands\Server\rewrite.php(49): require_once('C:\\xampp\\htdocs\\prospera\\public\\index.php')
WARNING - 2024-07-22 03:15:56 --> [DEPRECATED] Creation of dynamic property App\Controllers\Data::$quesModel is deprecated in APPPATH\Controllers\Data.php on line 22.
 1 SYSTEMPATH\CodeIgniter.php(903): App\Controllers\Data->__construct()
 2 SYSTEMPATH\CodeIgniter.php(500): CodeIgniter\CodeIgniter->createController()
 3 SYSTEMPATH\CodeIgniter.php(355): CodeIgniter\CodeIgniter->handleRequest(null, Object(Config\Cache), false)
 4 SYSTEMPATH\Boot.php(312): CodeIgniter\CodeIgniter->run()
 5 SYSTEMPATH\Boot.php(67): CodeIgniter\Boot::runCodeIgniter(Object(CodeIgniter\CodeIgniter))
 6 FCPATH\index.php(56): CodeIgniter\Boot::bootWeb(Object(Config\Paths))
 7 SYSTEMPATH\Commands\Server\rewrite.php(49): require_once('C:\\xampp\\htdocs\\prospera\\public\\index.php')
WARNING - 2024-07-22 03:15:56 --> [DEPRECATED] Creation of dynamic property App\Controllers\Data::$slsModel is deprecated in APPPATH\Controllers\Data.php on line 23.
 1 SYSTEMPATH\CodeIgniter.php(903): App\Controllers\Data->__construct()
 2 SYSTEMPATH\CodeIgniter.php(500): CodeIgniter\CodeIgniter->createController()
 3 SYSTEMPATH\CodeIgniter.php(355): CodeIgniter\CodeIgniter->handleRequest(null, Object(Config\Cache), false)
 4 SYSTEMPATH\Boot.php(312): CodeIgniter\CodeIgniter->run()
 5 SYSTEMPATH\Boot.php(67): CodeIgniter\Boot::runCodeIgniter(Object(CodeIgniter\CodeIgniter))
 6 FCPATH\index.php(56): CodeIgniter\Boot::bootWeb(Object(Config\Paths))
 7 SYSTEMPATH\Commands\Server\rewrite.php(49): require_once('C:\\xampp\\htdocs\\prospera\\public\\index.php')
WARNING - 2024-07-22 03:15:56 --> [DEPRECATED] Creation of dynamic property App\Controllers\Data::$uri is deprecated in APPPATH\Controllers\Data.php on line 24.
 1 SYSTEMPATH\CodeIgniter.php(903): App\Controllers\Data->__construct()
 2 SYSTEMPATH\CodeIgniter.php(500): CodeIgniter\CodeIgniter->createController()
 3 SYSTEMPATH\CodeIgniter.php(355): CodeIgniter\CodeIgniter->handleRequest(null, Object(Config\Cache), false)
 4 SYSTEMPATH\Boot.php(312): CodeIgniter\CodeIgniter->run()
 5 SYSTEMPATH\Boot.php(67): CodeIgniter\Boot::runCodeIgniter(Object(CodeIgniter\CodeIgniter))
 6 FCPATH\index.php(56): CodeIgniter\Boot::bootWeb(Object(Config\Paths))
 7 SYSTEMPATH\Commands\Server\rewrite.php(49): require_once('C:\\xampp\\htdocs\\prospera\\public\\index.php')
INFO - 2024-07-22 03:15:56 --> Session: Class initialized using 'CodeIgniter\Session\Handlers\FileHandler' driver.
WARNING - 2024-07-22 03:16:11 --> [DEPRECATED] Creation of dynamic property App\Controllers\Data::$dataModel is deprecated in APPPATH\Controllers\Data.php on line 19.
 1 SYSTEMPATH\CodeIgniter.php(903): App\Controllers\Data->__construct()
 2 SYSTEMPATH\CodeIgniter.php(500): CodeIgniter\CodeIgniter->createController()
 3 SYSTEMPATH\CodeIgniter.php(355): CodeIgniter\CodeIgniter->handleRequest(null, Object(Config\Cache), false)
 4 SYSTEMPATH\Boot.php(312): CodeIgniter\CodeIgniter->run()
 5 SYSTEMPATH\Boot.php(67): CodeIgniter\Boot::runCodeIgniter(Object(CodeIgniter\CodeIgniter))
 6 FCPATH\index.php(56): CodeIgniter\Boot::bootWeb(Object(Config\Paths))
 7 SYSTEMPATH\Commands\Server\rewrite.php(49): require_once('C:\\xampp\\htdocs\\prospera\\public\\index.php')
WARNING - 2024-07-22 03:16:11 --> [DEPRECATED] Creation of dynamic property App\Controllers\Data::$desaModel is deprecated in APPPATH\Controllers\Data.php on line 20.
 1 SYSTEMPATH\CodeIgniter.php(903): App\Controllers\Data->__construct()
 2 SYSTEMPATH\CodeIgniter.php(500): CodeIgniter\CodeIgniter->createController()
 3 SYSTEMPATH\CodeIgniter.php(355): CodeIgniter\CodeIgniter->handleRequest(null, Object(Config\Cache), false)
 4 SYSTEMPATH\Boot.php(312): CodeIgniter\CodeIgniter->run()
 5 SYSTEMPATH\Boot.php(67): CodeIgniter\Boot::runCodeIgniter(Object(CodeIgniter\CodeIgniter))
 6 FCPATH\index.php(56): CodeIgniter\Boot::bootWeb(Object(Config\Paths))
 7 SYSTEMPATH\Commands\Server\rewrite.php(49): require_once('C:\\xampp\\htdocs\\prospera\\public\\index.php')
WARNING - 2024-07-22 03:16:11 --> [DEPRECATED] Creation of dynamic property App\Controllers\Data::$kecamatanModel is deprecated in APPPATH\Controllers\Data.php on line 21.
 1 SYSTEMPATH\CodeIgniter.php(903): App\Controllers\Data->__construct()
 2 SYSTEMPATH\CodeIgniter.php(500): CodeIgniter\CodeIgniter->createController()
 3 SYSTEMPATH\CodeIgniter.php(355): CodeIgniter\CodeIgniter->handleRequest(null, Object(Config\Cache), false)
 4 SYSTEMPATH\Boot.php(312): CodeIgniter\CodeIgniter->run()
 5 SYSTEMPATH\Boot.php(67): CodeIgniter\Boot::runCodeIgniter(Object(CodeIgniter\CodeIgniter))
 6 FCPATH\index.php(56): CodeIgniter\Boot::bootWeb(Object(Config\Paths))
 7 SYSTEMPATH\Commands\Server\rewrite.php(49): require_once('C:\\xampp\\htdocs\\prospera\\public\\index.php')
WARNING - 2024-07-22 03:16:11 --> [DEPRECATED] Creation of dynamic property App\Controllers\Data::$quesModel is deprecated in APPPATH\Controllers\Data.php on line 22.
 1 SYSTEMPATH\CodeIgniter.php(903): App\Controllers\Data->__construct()
 2 SYSTEMPATH\CodeIgniter.php(500): CodeIgniter\CodeIgniter->createController()
 3 SYSTEMPATH\CodeIgniter.php(355): CodeIgniter\CodeIgniter->handleRequest(null, Object(Config\Cache), false)
 4 SYSTEMPATH\Boot.php(312): CodeIgniter\CodeIgniter->run()
 5 SYSTEMPATH\Boot.php(67): CodeIgniter\Boot::runCodeIgniter(Object(CodeIgniter\CodeIgniter))
 6 FCPATH\index.php(56): CodeIgniter\Boot::bootWeb(Object(Config\Paths))
 7 SYSTEMPATH\Commands\Server\rewrite.php(49): require_once('C:\\xampp\\htdocs\\prospera\\public\\index.php')
WARNING - 2024-07-22 03:16:11 --> [DEPRECATED] Creation of dynamic property App\Controllers\Data::$slsModel is deprecated in APPPATH\Controllers\Data.php on line 23.
 1 SYSTEMPATH\CodeIgniter.php(903): App\Controllers\Data->__construct()
 2 SYSTEMPATH\CodeIgniter.php(500): CodeIgniter\CodeIgniter->createController()
 3 SYSTEMPATH\CodeIgniter.php(355): CodeIgniter\CodeIgniter->handleRequest(null, Object(Config\Cache), false)
 4 SYSTEMPATH\Boot.php(312): CodeIgniter\CodeIgniter->run()
 5 SYSTEMPATH\Boot.php(67): CodeIgniter\Boot::runCodeIgniter(Object(CodeIgniter\CodeIgniter))
 6 FCPATH\index.php(56): CodeIgniter\Boot::bootWeb(Object(Config\Paths))
 7 SYSTEMPATH\Commands\Server\rewrite.php(49): require_once('C:\\xampp\\htdocs\\prospera\\public\\index.php')
WARNING - 2024-07-22 03:16:11 --> [DEPRECATED] Creation of dynamic property App\Controllers\Data::$uri is deprecated in APPPATH\Controllers\Data.php on line 24.
 1 SYSTEMPATH\CodeIgniter.php(903): App\Controllers\Data->__construct()
 2 SYSTEMPATH\CodeIgniter.php(500): CodeIgniter\CodeIgniter->createController()
 3 SYSTEMPATH\CodeIgniter.php(355): CodeIgniter\CodeIgniter->handleRequest(null, Object(Config\Cache), false)
 4 SYSTEMPATH\Boot.php(312): CodeIgniter\CodeIgniter->run()
 5 SYSTEMPATH\Boot.php(67): CodeIgniter\Boot::runCodeIgniter(Object(CodeIgniter\CodeIgniter))
 6 FCPATH\index.php(56): CodeIgniter\Boot::bootWeb(Object(Config\Paths))
 7 SYSTEMPATH\Commands\Server\rewrite.php(49): require_once('C:\\xampp\\htdocs\\prospera\\public\\index.php')
WARNING - 2024-07-22 03:16:11 --> [DEPRECATED] Creation of dynamic property App\Controllers\Data::$dataModel is deprecated in APPPATH\Controllers\Data.php on line 19.
 1 SYSTEMPATH\CodeIgniter.php(903): App\Controllers\Data->__construct()
 2 SYSTEMPATH\CodeIgniter.php(500): CodeIgniter\CodeIgniter->createController()
 3 SYSTEMPATH\CodeIgniter.php(355): CodeIgniter\CodeIgniter->handleRequest(null, Object(Config\Cache), false)
 4 SYSTEMPATH\Boot.php(312): CodeIgniter\CodeIgniter->run()
 5 SYSTEMPATH\Boot.php(67): CodeIgniter\Boot::runCodeIgniter(Object(CodeIgniter\CodeIgniter))
 6 FCPATH\index.php(56): CodeIgniter\Boot::bootWeb(Object(Config\Paths))
 7 SYSTEMPATH\Commands\Server\rewrite.php(49): require_once('C:\\xampp\\htdocs\\prospera\\public\\index.php')
WARNING - 2024-07-22 03:16:11 --> [DEPRECATED] Creation of dynamic property App\Controllers\Data::$desaModel is deprecated in APPPATH\Controllers\Data.php on line 20.
 1 SYSTEMPATH\CodeIgniter.php(903): App\Controllers\Data->__construct()
 2 SYSTEMPATH\CodeIgniter.php(500): CodeIgniter\CodeIgniter->createController()
 3 SYSTEMPATH\CodeIgniter.php(355): CodeIgniter\CodeIgniter->handleRequest(null, Object(Config\Cache), false)
 4 SYSTEMPATH\Boot.php(312): CodeIgniter\CodeIgniter->run()
 5 SYSTEMPATH\Boot.php(67): CodeIgniter\Boot::runCodeIgniter(Object(CodeIgniter\CodeIgniter))
 6 FCPATH\index.php(56): CodeIgniter\Boot::bootWeb(Object(Config\Paths))
 7 SYSTEMPATH\Commands\Server\rewrite.php(49): require_once('C:\\xampp\\htdocs\\prospera\\public\\index.php')
WARNING - 2024-07-22 03:16:11 --> [DEPRECATED] Creation of dynamic property App\Controllers\Data::$kecamatanModel is deprecated in APPPATH\Controllers\Data.php on line 21.
 1 SYSTEMPATH\CodeIgniter.php(903): App\Controllers\Data->__construct()
 2 SYSTEMPATH\CodeIgniter.php(500): CodeIgniter\CodeIgniter->createController()
 3 SYSTEMPATH\CodeIgniter.php(355): CodeIgniter\CodeIgniter->handleRequest(null, Object(Config\Cache), false)
 4 SYSTEMPATH\Boot.php(312): CodeIgniter\CodeIgniter->run()
 5 SYSTEMPATH\Boot.php(67): CodeIgniter\Boot::runCodeIgniter(Object(CodeIgniter\CodeIgniter))
 6 FCPATH\index.php(56): CodeIgniter\Boot::bootWeb(Object(Config\Paths))
 7 SYSTEMPATH\Commands\Server\rewrite.php(49): require_once('C:\\xampp\\htdocs\\prospera\\public\\index.php')
WARNING - 2024-07-22 03:16:11 --> [DEPRECATED] Creation of dynamic property App\Controllers\Data::$quesModel is deprecated in APPPATH\Controllers\Data.php on line 22.
 1 SYSTEMPATH\CodeIgniter.php(903): App\Controllers\Data->__construct()
 2 SYSTEMPATH\CodeIgniter.php(500): CodeIgniter\CodeIgniter->createController()
 3 SYSTEMPATH\CodeIgniter.php(355): CodeIgniter\CodeIgniter->handleRequest(null, Object(Config\Cache), false)
 4 SYSTEMPATH\Boot.php(312): CodeIgniter\CodeIgniter->run()
 5 SYSTEMPATH\Boot.php(67): CodeIgniter\Boot::runCodeIgniter(Object(CodeIgniter\CodeIgniter))
 6 FCPATH\index.php(56): CodeIgniter\Boot::bootWeb(Object(Config\Paths))
 7 SYSTEMPATH\Commands\Server\rewrite.php(49): require_once('C:\\xampp\\htdocs\\prospera\\public\\index.php')
WARNING - 2024-07-22 03:16:11 --> [DEPRECATED] Creation of dynamic property App\Controllers\Data::$slsModel is deprecated in APPPATH\Controllers\Data.php on line 23.
 1 SYSTEMPATH\CodeIgniter.php(903): App\Controllers\Data->__construct()
 2 SYSTEMPATH\CodeIgniter.php(500): CodeIgniter\CodeIgniter->createController()
 3 SYSTEMPATH\CodeIgniter.php(355): CodeIgniter\CodeIgniter->handleRequest(null, Object(Config\Cache), false)
 4 SYSTEMPATH\Boot.php(312): CodeIgniter\CodeIgniter->run()
 5 SYSTEMPATH\Boot.php(67): CodeIgniter\Boot::runCodeIgniter(Object(CodeIgniter\CodeIgniter))
 6 FCPATH\index.php(56): CodeIgniter\Boot::bootWeb(Object(Config\Paths))
 7 SYSTEMPATH\Commands\Server\rewrite.php(49): require_once('C:\\xampp\\htdocs\\prospera\\public\\index.php')
WARNING - 2024-07-22 03:16:11 --> [DEPRECATED] Creation of dynamic property App\Controllers\Data::$uri is deprecated in APPPATH\Controllers\Data.php on line 24.
 1 SYSTEMPATH\CodeIgniter.php(903): App\Controllers\Data->__construct()
 2 SYSTEMPATH\CodeIgniter.php(500): CodeIgniter\CodeIgniter->createController()
 3 SYSTEMPATH\CodeIgniter.php(355): CodeIgniter\CodeIgniter->handleRequest(null, Object(Config\Cache), false)
 4 SYSTEMPATH\Boot.php(312): CodeIgniter\CodeIgniter->run()
 5 SYSTEMPATH\Boot.php(67): CodeIgniter\Boot::runCodeIgniter(Object(CodeIgniter\CodeIgniter))
 6 FCPATH\index.php(56): CodeIgniter\Boot::bootWeb(Object(Config\Paths))
 7 SYSTEMPATH\Commands\Server\rewrite.php(49): require_once('C:\\xampp\\htdocs\\prospera\\public\\index.php')
INFO - 2024-07-22 03:16:11 --> Session: Class initialized using 'CodeIgniter\Session\Handlers\FileHandler' driver.
WARNING - 2024-07-22 03:16:20 --> [DEPRECATED] Creation of dynamic property App\Controllers\Data::$dataModel is deprecated in APPPATH\Controllers\Data.php on line 19.
 1 SYSTEMPATH\CodeIgniter.php(903): App\Controllers\Data->__construct()
 2 SYSTEMPATH\CodeIgniter.php(500): CodeIgniter\CodeIgniter->createController()
 3 SYSTEMPATH\CodeIgniter.php(355): CodeIgniter\CodeIgniter->handleRequest(null, Object(Config\Cache), false)
 4 SYSTEMPATH\Boot.php(312): CodeIgniter\CodeIgniter->run()
 5 SYSTEMPATH\Boot.php(67): CodeIgniter\Boot::runCodeIgniter(Object(CodeIgniter\CodeIgniter))
 6 FCPATH\index.php(56): CodeIgniter\Boot::bootWeb(Object(Config\Paths))
 7 SYSTEMPATH\Commands\Server\rewrite.php(49): require_once('C:\\xampp\\htdocs\\prospera\\public\\index.php')
WARNING - 2024-07-22 03:16:20 --> [DEPRECATED] Creation of dynamic property App\Controllers\Data::$desaModel is deprecated in APPPATH\Controllers\Data.php on line 20.
 1 SYSTEMPATH\CodeIgniter.php(903): App\Controllers\Data->__construct()
 2 SYSTEMPATH\CodeIgniter.php(500): CodeIgniter\CodeIgniter->createController()
 3 SYSTEMPATH\CodeIgniter.php(355): CodeIgniter\CodeIgniter->handleRequest(null, Object(Config\Cache), false)
 4 SYSTEMPATH\Boot.php(312): CodeIgniter\CodeIgniter->run()
 5 SYSTEMPATH\Boot.php(67): CodeIgniter\Boot::runCodeIgniter(Object(CodeIgniter\CodeIgniter))
 6 FCPATH\index.php(56): CodeIgniter\Boot::bootWeb(Object(Config\Paths))
 7 SYSTEMPATH\Commands\Server\rewrite.php(49): require_once('C:\\xampp\\htdocs\\prospera\\public\\index.php')
WARNING - 2024-07-22 03:16:20 --> [DEPRECATED] Creation of dynamic property App\Controllers\Data::$kecamatanModel is deprecated in APPPATH\Controllers\Data.php on line 21.
 1 SYSTEMPATH\CodeIgniter.php(903): App\Controllers\Data->__construct()
 2 SYSTEMPATH\CodeIgniter.php(500): CodeIgniter\CodeIgniter->createController()
 3 SYSTEMPATH\CodeIgniter.php(355): CodeIgniter\CodeIgniter->handleRequest(null, Object(Config\Cache), false)
 4 SYSTEMPATH\Boot.php(312): CodeIgniter\CodeIgniter->run()
 5 SYSTEMPATH\Boot.php(67): CodeIgniter\Boot::runCodeIgniter(Object(CodeIgniter\CodeIgniter))
 6 FCPATH\index.php(56): CodeIgniter\Boot::bootWeb(Object(Config\Paths))
 7 SYSTEMPATH\Commands\Server\rewrite.php(49): require_once('C:\\xampp\\htdocs\\prospera\\public\\index.php')
WARNING - 2024-07-22 03:16:20 --> [DEPRECATED] Creation of dynamic property App\Controllers\Data::$quesModel is deprecated in APPPATH\Controllers\Data.php on line 22.
 1 SYSTEMPATH\CodeIgniter.php(903): App\Controllers\Data->__construct()
 2 SYSTEMPATH\CodeIgniter.php(500): CodeIgniter\CodeIgniter->createController()
 3 SYSTEMPATH\CodeIgniter.php(355): CodeIgniter\CodeIgniter->handleRequest(null, Object(Config\Cache), false)
 4 SYSTEMPATH\Boot.php(312): CodeIgniter\CodeIgniter->run()
 5 SYSTEMPATH\Boot.php(67): CodeIgniter\Boot::runCodeIgniter(Object(CodeIgniter\CodeIgniter))
 6 FCPATH\index.php(56): CodeIgniter\Boot::bootWeb(Object(Config\Paths))
 7 SYSTEMPATH\Commands\Server\rewrite.php(49): require_once('C:\\xampp\\htdocs\\prospera\\public\\index.php')
WARNING - 2024-07-22 03:16:20 --> [DEPRECATED] Creation of dynamic property App\Controllers\Data::$slsModel is deprecated in APPPATH\Controllers\Data.php on line 23.
 1 SYSTEMPATH\CodeIgniter.php(903): App\Controllers\Data->__construct()
 2 SYSTEMPATH\CodeIgniter.php(500): CodeIgniter\CodeIgniter->createController()
 3 SYSTEMPATH\CodeIgniter.php(355): CodeIgniter\CodeIgniter->handleRequest(null, Object(Config\Cache), false)
 4 SYSTEMPATH\Boot.php(312): CodeIgniter\CodeIgniter->run()
 5 SYSTEMPATH\Boot.php(67): CodeIgniter\Boot::runCodeIgniter(Object(CodeIgniter\CodeIgniter))
 6 FCPATH\index.php(56): CodeIgniter\Boot::bootWeb(Object(Config\Paths))
 7 SYSTEMPATH\Commands\Server\rewrite.php(49): require_once('C:\\xampp\\htdocs\\prospera\\public\\index.php')
WARNING - 2024-07-22 03:16:20 --> [DEPRECATED] Creation of dynamic property App\Controllers\Data::$uri is deprecated in APPPATH\Controllers\Data.php on line 24.
 1 SYSTEMPATH\CodeIgniter.php(903): App\Controllers\Data->__construct()
 2 SYSTEMPATH\CodeIgniter.php(500): CodeIgniter\CodeIgniter->createController()
 3 SYSTEMPATH\CodeIgniter.php(355): CodeIgniter\CodeIgniter->handleRequest(null, Object(Config\Cache), false)
 4 SYSTEMPATH\Boot.php(312): CodeIgniter\CodeIgniter->run()
 5 SYSTEMPATH\Boot.php(67): CodeIgniter\Boot::runCodeIgniter(Object(CodeIgniter\CodeIgniter))
 6 FCPATH\index.php(56): CodeIgniter\Boot::bootWeb(Object(Config\Paths))
 7 SYSTEMPATH\Commands\Server\rewrite.php(49): require_once('C:\\xampp\\htdocs\\prospera\\public\\index.php')
WARNING - 2024-07-22 03:16:20 --> [DEPRECATED] Creation of dynamic property App\Controllers\Data::$dataModel is deprecated in APPPATH\Controllers\Data.php on line 19.
 1 SYSTEMPATH\CodeIgniter.php(903): App\Controllers\Data->__construct()
 2 SYSTEMPATH\CodeIgniter.php(500): CodeIgniter\CodeIgniter->createController()
 3 SYSTEMPATH\CodeIgniter.php(355): CodeIgniter\CodeIgniter->handleRequest(null, Object(Config\Cache), false)
 4 SYSTEMPATH\Boot.php(312): CodeIgniter\CodeIgniter->run()
 5 SYSTEMPATH\Boot.php(67): CodeIgniter\Boot::runCodeIgniter(Object(CodeIgniter\CodeIgniter))
 6 FCPATH\index.php(56): CodeIgniter\Boot::bootWeb(Object(Config\Paths))
 7 SYSTEMPATH\Commands\Server\rewrite.php(49): require_once('C:\\xampp\\htdocs\\prospera\\public\\index.php')
WARNING - 2024-07-22 03:16:20 --> [DEPRECATED] Creation of dynamic property App\Controllers\Data::$desaModel is deprecated in APPPATH\Controllers\Data.php on line 20.
 1 SYSTEMPATH\CodeIgniter.php(903): App\Controllers\Data->__construct()
 2 SYSTEMPATH\CodeIgniter.php(500): CodeIgniter\CodeIgniter->createController()
 3 SYSTEMPATH\CodeIgniter.php(355): CodeIgniter\CodeIgniter->handleRequest(null, Object(Config\Cache), false)
 4 SYSTEMPATH\Boot.php(312): CodeIgniter\CodeIgniter->run()
 5 SYSTEMPATH\Boot.php(67): CodeIgniter\Boot::runCodeIgniter(Object(CodeIgniter\CodeIgniter))
 6 FCPATH\index.php(56): CodeIgniter\Boot::bootWeb(Object(Config\Paths))
 7 SYSTEMPATH\Commands\Server\rewrite.php(49): require_once('C:\\xampp\\htdocs\\prospera\\public\\index.php')
WARNING - 2024-07-22 03:16:20 --> [DEPRECATED] Creation of dynamic property App\Controllers\Data::$kecamatanModel is deprecated in APPPATH\Controllers\Data.php on line 21.
 1 SYSTEMPATH\CodeIgniter.php(903): App\Controllers\Data->__construct()
 2 SYSTEMPATH\CodeIgniter.php(500): CodeIgniter\CodeIgniter->createController()
 3 SYSTEMPATH\CodeIgniter.php(355): CodeIgniter\CodeIgniter->handleRequest(null, Object(Config\Cache), false)
 4 SYSTEMPATH\Boot.php(312): CodeIgniter\CodeIgniter->run()
 5 SYSTEMPATH\Boot.php(67): CodeIgniter\Boot::runCodeIgniter(Object(CodeIgniter\CodeIgniter))
 6 FCPATH\index.php(56): CodeIgniter\Boot::bootWeb(Object(Config\Paths))
 7 SYSTEMPATH\Commands\Server\rewrite.php(49): require_once('C:\\xampp\\htdocs\\prospera\\public\\index.php')
WARNING - 2024-07-22 03:16:20 --> [DEPRECATED] Creation of dynamic property App\Controllers\Data::$quesModel is deprecated in APPPATH\Controllers\Data.php on line 22.
 1 SYSTEMPATH\CodeIgniter.php(903): App\Controllers\Data->__construct()
 2 SYSTEMPATH\CodeIgniter.php(500): CodeIgniter\CodeIgniter->createController()
 3 SYSTEMPATH\CodeIgniter.php(355): CodeIgniter\CodeIgniter->handleRequest(null, Object(Config\Cache), false)
 4 SYSTEMPATH\Boot.php(312): CodeIgniter\CodeIgniter->run()
 5 SYSTEMPATH\Boot.php(67): CodeIgniter\Boot::runCodeIgniter(Object(CodeIgniter\CodeIgniter))
 6 FCPATH\index.php(56): CodeIgniter\Boot::bootWeb(Object(Config\Paths))
 7 SYSTEMPATH\Commands\Server\rewrite.php(49): require_once('C:\\xampp\\htdocs\\prospera\\public\\index.php')
WARNING - 2024-07-22 03:16:20 --> [DEPRECATED] Creation of dynamic property App\Controllers\Data::$slsModel is deprecated in APPPATH\Controllers\Data.php on line 23.
 1 SYSTEMPATH\CodeIgniter.php(903): App\Controllers\Data->__construct()
 2 SYSTEMPATH\CodeIgniter.php(500): CodeIgniter\CodeIgniter->createController()
 3 SYSTEMPATH\CodeIgniter.php(355): CodeIgniter\CodeIgniter->handleRequest(null, Object(Config\Cache), false)
 4 SYSTEMPATH\Boot.php(312): CodeIgniter\CodeIgniter->run()
 5 SYSTEMPATH\Boot.php(67): CodeIgniter\Boot::runCodeIgniter(Object(CodeIgniter\CodeIgniter))
 6 FCPATH\index.php(56): CodeIgniter\Boot::bootWeb(Object(Config\Paths))
 7 SYSTEMPATH\Commands\Server\rewrite.php(49): require_once('C:\\xampp\\htdocs\\prospera\\public\\index.php')
WARNING - 2024-07-22 03:16:20 --> [DEPRECATED] Creation of dynamic property App\Controllers\Data::$uri is deprecated in APPPATH\Controllers\Data.php on line 24.
 1 SYSTEMPATH\CodeIgniter.php(903): App\Controllers\Data->__construct()
 2 SYSTEMPATH\CodeIgniter.php(500): CodeIgniter\CodeIgniter->createController()
 3 SYSTEMPATH\CodeIgniter.php(355): CodeIgniter\CodeIgniter->handleRequest(null, Object(Config\Cache), false)
 4 SYSTEMPATH\Boot.php(312): CodeIgniter\CodeIgniter->run()
 5 SYSTEMPATH\Boot.php(67): CodeIgniter\Boot::runCodeIgniter(Object(CodeIgniter\CodeIgniter))
 6 FCPATH\index.php(56): CodeIgniter\Boot::bootWeb(Object(Config\Paths))
 7 SYSTEMPATH\Commands\Server\rewrite.php(49): require_once('C:\\xampp\\htdocs\\prospera\\public\\index.php')
INFO - 2024-07-22 03:16:20 --> Session: Class initialized using 'CodeIgniter\Session\Handlers\FileHandler' driver.
WARNING - 2024-07-22 03:16:50 --> [DEPRECATED] Creation of dynamic property App\Controllers\Data::$dataModel is deprecated in APPPATH\Controllers\Data.php on line 19.
 1 SYSTEMPATH\CodeIgniter.php(903): App\Controllers\Data->__construct()
 2 SYSTEMPATH\CodeIgniter.php(500): CodeIgniter\CodeIgniter->createController()
 3 SYSTEMPATH\CodeIgniter.php(355): CodeIgniter\CodeIgniter->handleRequest(null, Object(Config\Cache), false)
 4 SYSTEMPATH\Boot.php(312): CodeIgniter\CodeIgniter->run()
 5 SYSTEMPATH\Boot.php(67): CodeIgniter\Boot::runCodeIgniter(Object(CodeIgniter\CodeIgniter))
 6 FCPATH\index.php(56): CodeIgniter\Boot::bootWeb(Object(Config\Paths))
 7 SYSTEMPATH\Commands\Server\rewrite.php(49): require_once('C:\\xampp\\htdocs\\prospera\\public\\index.php')
WARNING - 2024-07-22 03:16:50 --> [DEPRECATED] Creation of dynamic property App\Controllers\Data::$desaModel is deprecated in APPPATH\Controllers\Data.php on line 20.
 1 SYSTEMPATH\CodeIgniter.php(903): App\Controllers\Data->__construct()
 2 SYSTEMPATH\CodeIgniter.php(500): CodeIgniter\CodeIgniter->createController()
 3 SYSTEMPATH\CodeIgniter.php(355): CodeIgniter\CodeIgniter->handleRequest(null, Object(Config\Cache), false)
 4 SYSTEMPATH\Boot.php(312): CodeIgniter\CodeIgniter->run()
 5 SYSTEMPATH\Boot.php(67): CodeIgniter\Boot::runCodeIgniter(Object(CodeIgniter\CodeIgniter))
 6 FCPATH\index.php(56): CodeIgniter\Boot::bootWeb(Object(Config\Paths))
 7 SYSTEMPATH\Commands\Server\rewrite.php(49): require_once('C:\\xampp\\htdocs\\prospera\\public\\index.php')
WARNING - 2024-07-22 03:16:50 --> [DEPRECATED] Creation of dynamic property App\Controllers\Data::$kecamatanModel is deprecated in APPPATH\Controllers\Data.php on line 21.
 1 SYSTEMPATH\CodeIgniter.php(903): App\Controllers\Data->__construct()
 2 SYSTEMPATH\CodeIgniter.php(500): CodeIgniter\CodeIgniter->createController()
 3 SYSTEMPATH\CodeIgniter.php(355): CodeIgniter\CodeIgniter->handleRequest(null, Object(Config\Cache), false)
 4 SYSTEMPATH\Boot.php(312): CodeIgniter\CodeIgniter->run()
 5 SYSTEMPATH\Boot.php(67): CodeIgniter\Boot::runCodeIgniter(Object(CodeIgniter\CodeIgniter))
 6 FCPATH\index.php(56): CodeIgniter\Boot::bootWeb(Object(Config\Paths))
 7 SYSTEMPATH\Commands\Server\rewrite.php(49): require_once('C:\\xampp\\htdocs\\prospera\\public\\index.php')
WARNING - 2024-07-22 03:16:50 --> [DEPRECATED] Creation of dynamic property App\Controllers\Data::$quesModel is deprecated in APPPATH\Controllers\Data.php on line 22.
 1 SYSTEMPATH\CodeIgniter.php(903): App\Controllers\Data->__construct()
 2 SYSTEMPATH\CodeIgniter.php(500): CodeIgniter\CodeIgniter->createController()
 3 SYSTEMPATH\CodeIgniter.php(355): CodeIgniter\CodeIgniter->handleRequest(null, Object(Config\Cache), false)
 4 SYSTEMPATH\Boot.php(312): CodeIgniter\CodeIgniter->run()
 5 SYSTEMPATH\Boot.php(67): CodeIgniter\Boot::runCodeIgniter(Object(CodeIgniter\CodeIgniter))
 6 FCPATH\index.php(56): CodeIgniter\Boot::bootWeb(Object(Config\Paths))
 7 SYSTEMPATH\Commands\Server\rewrite.php(49): require_once('C:\\xampp\\htdocs\\prospera\\public\\index.php')
WARNING - 2024-07-22 03:16:50 --> [DEPRECATED] Creation of dynamic property App\Controllers\Data::$slsModel is deprecated in APPPATH\Controllers\Data.php on line 23.
 1 SYSTEMPATH\CodeIgniter.php(903): App\Controllers\Data->__construct()
 2 SYSTEMPATH\CodeIgniter.php(500): CodeIgniter\CodeIgniter->createController()
 3 SYSTEMPATH\CodeIgniter.php(355): CodeIgniter\CodeIgniter->handleRequest(null, Object(Config\Cache), false)
 4 SYSTEMPATH\Boot.php(312): CodeIgniter\CodeIgniter->run()
 5 SYSTEMPATH\Boot.php(67): CodeIgniter\Boot::runCodeIgniter(Object(CodeIgniter\CodeIgniter))
 6 FCPATH\index.php(56): CodeIgniter\Boot::bootWeb(Object(Config\Paths))
 7 SYSTEMPATH\Commands\Server\rewrite.php(49): require_once('C:\\xampp\\htdocs\\prospera\\public\\index.php')
WARNING - 2024-07-22 03:16:50 --> [DEPRECATED] Creation of dynamic property App\Controllers\Data::$uri is deprecated in APPPATH\Controllers\Data.php on line 24.
 1 SYSTEMPATH\CodeIgniter.php(903): App\Controllers\Data->__construct()
 2 SYSTEMPATH\CodeIgniter.php(500): CodeIgniter\CodeIgniter->createController()
 3 SYSTEMPATH\CodeIgniter.php(355): CodeIgniter\CodeIgniter->handleRequest(null, Object(Config\Cache), false)
 4 SYSTEMPATH\Boot.php(312): CodeIgniter\CodeIgniter->run()
 5 SYSTEMPATH\Boot.php(67): CodeIgniter\Boot::runCodeIgniter(Object(CodeIgniter\CodeIgniter))
 6 FCPATH\index.php(56): CodeIgniter\Boot::bootWeb(Object(Config\Paths))
 7 SYSTEMPATH\Commands\Server\rewrite.php(49): require_once('C:\\xampp\\htdocs\\prospera\\public\\index.php')
WARNING - 2024-07-22 03:16:51 --> [DEPRECATED] Creation of dynamic property App\Controllers\Data::$dataModel is deprecated in APPPATH\Controllers\Data.php on line 19.
 1 SYSTEMPATH\CodeIgniter.php(903): App\Controllers\Data->__construct()
 2 SYSTEMPATH\CodeIgniter.php(500): CodeIgniter\CodeIgniter->createController()
 3 SYSTEMPATH\CodeIgniter.php(355): CodeIgniter\CodeIgniter->handleRequest(null, Object(Config\Cache), false)
 4 SYSTEMPATH\Boot.php(312): CodeIgniter\CodeIgniter->run()
 5 SYSTEMPATH\Boot.php(67): CodeIgniter\Boot::runCodeIgniter(Object(CodeIgniter\CodeIgniter))
 6 FCPATH\index.php(56): CodeIgniter\Boot::bootWeb(Object(Config\Paths))
 7 SYSTEMPATH\Commands\Server\rewrite.php(49): require_once('C:\\xampp\\htdocs\\prospera\\public\\index.php')
WARNING - 2024-07-22 03:16:51 --> [DEPRECATED] Creation of dynamic property App\Controllers\Data::$desaModel is deprecated in APPPATH\Controllers\Data.php on line 20.
 1 SYSTEMPATH\CodeIgniter.php(903): App\Controllers\Data->__construct()
 2 SYSTEMPATH\CodeIgniter.php(500): CodeIgniter\CodeIgniter->createController()
 3 SYSTEMPATH\CodeIgniter.php(355): CodeIgniter\CodeIgniter->handleRequest(null, Object(Config\Cache), false)
 4 SYSTEMPATH\Boot.php(312): CodeIgniter\CodeIgniter->run()
 5 SYSTEMPATH\Boot.php(67): CodeIgniter\Boot::runCodeIgniter(Object(CodeIgniter\CodeIgniter))
 6 FCPATH\index.php(56): CodeIgniter\Boot::bootWeb(Object(Config\Paths))
 7 SYSTEMPATH\Commands\Server\rewrite.php(49): require_once('C:\\xampp\\htdocs\\prospera\\public\\index.php')
WARNING - 2024-07-22 03:16:51 --> [DEPRECATED] Creation of dynamic property App\Controllers\Data::$kecamatanModel is deprecated in APPPATH\Controllers\Data.php on line 21.
 1 SYSTEMPATH\CodeIgniter.php(903): App\Controllers\Data->__construct()
 2 SYSTEMPATH\CodeIgniter.php(500): CodeIgniter\CodeIgniter->createController()
 3 SYSTEMPATH\CodeIgniter.php(355): CodeIgniter\CodeIgniter->handleRequest(null, Object(Config\Cache), false)
 4 SYSTEMPATH\Boot.php(312): CodeIgniter\CodeIgniter->run()
 5 SYSTEMPATH\Boot.php(67): CodeIgniter\Boot::runCodeIgniter(Object(CodeIgniter\CodeIgniter))
 6 FCPATH\index.php(56): CodeIgniter\Boot::bootWeb(Object(Config\Paths))
 7 SYSTEMPATH\Commands\Server\rewrite.php(49): require_once('C:\\xampp\\htdocs\\prospera\\public\\index.php')
WARNING - 2024-07-22 03:16:51 --> [DEPRECATED] Creation of dynamic property App\Controllers\Data::$quesModel is deprecated in APPPATH\Controllers\Data.php on line 22.
 1 SYSTEMPATH\CodeIgniter.php(903): App\Controllers\Data->__construct()
 2 SYSTEMPATH\CodeIgniter.php(500): CodeIgniter\CodeIgniter->createController()
 3 SYSTEMPATH\CodeIgniter.php(355): CodeIgniter\CodeIgniter->handleRequest(null, Object(Config\Cache), false)
 4 SYSTEMPATH\Boot.php(312): CodeIgniter\CodeIgniter->run()
 5 SYSTEMPATH\Boot.php(67): CodeIgniter\Boot::runCodeIgniter(Object(CodeIgniter\CodeIgniter))
 6 FCPATH\index.php(56): CodeIgniter\Boot::bootWeb(Object(Config\Paths))
 7 SYSTEMPATH\Commands\Server\rewrite.php(49): require_once('C:\\xampp\\htdocs\\prospera\\public\\index.php')
WARNING - 2024-07-22 03:16:51 --> [DEPRECATED] Creation of dynamic property App\Controllers\Data::$slsModel is deprecated in APPPATH\Controllers\Data.php on line 23.
 1 SYSTEMPATH\CodeIgniter.php(903): App\Controllers\Data->__construct()
 2 SYSTEMPATH\CodeIgniter.php(500): CodeIgniter\CodeIgniter->createController()
 3 SYSTEMPATH\CodeIgniter.php(355): CodeIgniter\CodeIgniter->handleRequest(null, Object(Config\Cache), false)
 4 SYSTEMPATH\Boot.php(312): CodeIgniter\CodeIgniter->run()
 5 SYSTEMPATH\Boot.php(67): CodeIgniter\Boot::runCodeIgniter(Object(CodeIgniter\CodeIgniter))
 6 FCPATH\index.php(56): CodeIgniter\Boot::bootWeb(Object(Config\Paths))
 7 SYSTEMPATH\Commands\Server\rewrite.php(49): require_once('C:\\xampp\\htdocs\\prospera\\public\\index.php')
WARNING - 2024-07-22 03:16:51 --> [DEPRECATED] Creation of dynamic property App\Controllers\Data::$uri is deprecated in APPPATH\Controllers\Data.php on line 24.
 1 SYSTEMPATH\CodeIgniter.php(903): App\Controllers\Data->__construct()
 2 SYSTEMPATH\CodeIgniter.php(500): CodeIgniter\CodeIgniter->createController()
 3 SYSTEMPATH\CodeIgniter.php(355): CodeIgniter\CodeIgniter->handleRequest(null, Object(Config\Cache), false)
 4 SYSTEMPATH\Boot.php(312): CodeIgniter\CodeIgniter->run()
 5 SYSTEMPATH\Boot.php(67): CodeIgniter\Boot::runCodeIgniter(Object(CodeIgniter\CodeIgniter))
 6 FCPATH\index.php(56): CodeIgniter\Boot::bootWeb(Object(Config\Paths))
 7 SYSTEMPATH\Commands\Server\rewrite.php(49): require_once('C:\\xampp\\htdocs\\prospera\\public\\index.php')
INFO - 2024-07-22 03:16:51 --> Session: Class initialized using 'CodeIgniter\Session\Handlers\FileHandler' driver.
WARNING - 2024-07-22 04:29:37 --> [DEPRECATED] Creation of dynamic property App\Controllers\Data::$dataModel is deprecated in APPPATH\Controllers\Data.php on line 19.
 1 SYSTEMPATH\CodeIgniter.php(903): App\Controllers\Data->__construct()
 2 SYSTEMPATH\CodeIgniter.php(500): CodeIgniter\CodeIgniter->createController()
 3 SYSTEMPATH\CodeIgniter.php(355): CodeIgniter\CodeIgniter->handleRequest(null, Object(Config\Cache), false)
 4 SYSTEMPATH\Boot.php(312): CodeIgniter\CodeIgniter->run()
 5 SYSTEMPATH\Boot.php(67): CodeIgniter\Boot::runCodeIgniter(Object(CodeIgniter\CodeIgniter))
 6 FCPATH\index.php(56): CodeIgniter\Boot::bootWeb(Object(Config\Paths))
 7 SYSTEMPATH\Commands\Server\rewrite.php(49): require_once('C:\\xampp\\htdocs\\prospera\\public\\index.php')
WARNING - 2024-07-22 04:29:37 --> [DEPRECATED] Creation of dynamic property App\Controllers\Data::$desaModel is deprecated in APPPATH\Controllers\Data.php on line 20.
 1 SYSTEMPATH\CodeIgniter.php(903): App\Controllers\Data->__construct()
 2 SYSTEMPATH\CodeIgniter.php(500): CodeIgniter\CodeIgniter->createController()
 3 SYSTEMPATH\CodeIgniter.php(355): CodeIgniter\CodeIgniter->handleRequest(null, Object(Config\Cache), false)
 4 SYSTEMPATH\Boot.php(312): CodeIgniter\CodeIgniter->run()
 5 SYSTEMPATH\Boot.php(67): CodeIgniter\Boot::runCodeIgniter(Object(CodeIgniter\CodeIgniter))
 6 FCPATH\index.php(56): CodeIgniter\Boot::bootWeb(Object(Config\Paths))
 7 SYSTEMPATH\Commands\Server\rewrite.php(49): require_once('C:\\xampp\\htdocs\\prospera\\public\\index.php')
WARNING - 2024-07-22 04:29:37 --> [DEPRECATED] Creation of dynamic property App\Controllers\Data::$kecamatanModel is deprecated in APPPATH\Controllers\Data.php on line 21.
 1 SYSTEMPATH\CodeIgniter.php(903): App\Controllers\Data->__construct()
 2 SYSTEMPATH\CodeIgniter.php(500): CodeIgniter\CodeIgniter->createController()
 3 SYSTEMPATH\CodeIgniter.php(355): CodeIgniter\CodeIgniter->handleRequest(null, Object(Config\Cache), false)
 4 SYSTEMPATH\Boot.php(312): CodeIgniter\CodeIgniter->run()
 5 SYSTEMPATH\Boot.php(67): CodeIgniter\Boot::runCodeIgniter(Object(CodeIgniter\CodeIgniter))
 6 FCPATH\index.php(56): CodeIgniter\Boot::bootWeb(Object(Config\Paths))
 7 SYSTEMPATH\Commands\Server\rewrite.php(49): require_once('C:\\xampp\\htdocs\\prospera\\public\\index.php')
WARNING - 2024-07-22 04:29:37 --> [DEPRECATED] Creation of dynamic property App\Controllers\Data::$quesModel is deprecated in APPPATH\Controllers\Data.php on line 22.
 1 SYSTEMPATH\CodeIgniter.php(903): App\Controllers\Data->__construct()
 2 SYSTEMPATH\CodeIgniter.php(500): CodeIgniter\CodeIgniter->createController()
 3 SYSTEMPATH\CodeIgniter.php(355): CodeIgniter\CodeIgniter->handleRequest(null, Object(Config\Cache), false)
 4 SYSTEMPATH\Boot.php(312): CodeIgniter\CodeIgniter->run()
 5 SYSTEMPATH\Boot.php(67): CodeIgniter\Boot::runCodeIgniter(Object(CodeIgniter\CodeIgniter))
 6 FCPATH\index.php(56): CodeIgniter\Boot::bootWeb(Object(Config\Paths))
 7 SYSTEMPATH\Commands\Server\rewrite.php(49): require_once('C:\\xampp\\htdocs\\prospera\\public\\index.php')
WARNING - 2024-07-22 04:29:37 --> [DEPRECATED] Creation of dynamic property App\Controllers\Data::$slsModel is deprecated in APPPATH\Controllers\Data.php on line 23.
 1 SYSTEMPATH\CodeIgniter.php(903): App\Controllers\Data->__construct()
 2 SYSTEMPATH\CodeIgniter.php(500): CodeIgniter\CodeIgniter->createController()
 3 SYSTEMPATH\CodeIgniter.php(355): CodeIgniter\CodeIgniter->handleRequest(null, Object(Config\Cache), false)
 4 SYSTEMPATH\Boot.php(312): CodeIgniter\CodeIgniter->run()
 5 SYSTEMPATH\Boot.php(67): CodeIgniter\Boot::runCodeIgniter(Object(CodeIgniter\CodeIgniter))
 6 FCPATH\index.php(56): CodeIgniter\Boot::bootWeb(Object(Config\Paths))
 7 SYSTEMPATH\Commands\Server\rewrite.php(49): require_once('C:\\xampp\\htdocs\\prospera\\public\\index.php')
WARNING - 2024-07-22 04:29:37 --> [DEPRECATED] Creation of dynamic property App\Controllers\Data::$uri is deprecated in APPPATH\Controllers\Data.php on line 24.
 1 SYSTEMPATH\CodeIgniter.php(903): App\Controllers\Data->__construct()
 2 SYSTEMPATH\CodeIgniter.php(500): CodeIgniter\CodeIgniter->createController()
 3 SYSTEMPATH\CodeIgniter.php(355): CodeIgniter\CodeIgniter->handleRequest(null, Object(Config\Cache), false)
 4 SYSTEMPATH\Boot.php(312): CodeIgniter\CodeIgniter->run()
 5 SYSTEMPATH\Boot.php(67): CodeIgniter\Boot::runCodeIgniter(Object(CodeIgniter\CodeIgniter))
 6 FCPATH\index.php(56): CodeIgniter\Boot::bootWeb(Object(Config\Paths))
 7 SYSTEMPATH\Commands\Server\rewrite.php(49): require_once('C:\\xampp\\htdocs\\prospera\\public\\index.php')
INFO - 2024-07-22 04:29:37 --> Session: Class initialized using 'CodeIgniter\Session\Handlers\FileHandler' driver.
INFO - 2024-07-22 07:42:28 --> Session: Class initialized using 'CodeIgniter\Session\Handlers\FileHandler' driver.
INFO - 2024-07-22 07:43:00 --> Session: Class initialized using 'CodeIgniter\Session\Handlers\FileHandler' driver.
INFO - 2024-07-22 07:43:08 --> Session: Class initialized using 'CodeIgniter\Session\Handlers\FileHandler' driver.
WARNING - 2024-07-22 07:43:08 --> [DEPRECATED] Creation of dynamic property App\Controllers\Data::$dataModel is deprecated in APPPATH\Controllers\Data.php on line 19.
 1 SYSTEMPATH\CodeIgniter.php(903): App\Controllers\Data->__construct()
 2 SYSTEMPATH\CodeIgniter.php(500): CodeIgniter\CodeIgniter->createController()
 3 SYSTEMPATH\CodeIgniter.php(355): CodeIgniter\CodeIgniter->handleRequest(null, Object(Config\Cache), false)
 4 SYSTEMPATH\Boot.php(312): CodeIgniter\CodeIgniter->run()
 5 SYSTEMPATH\Boot.php(67): CodeIgniter\Boot::runCodeIgniter(Object(CodeIgniter\CodeIgniter))
 6 FCPATH\index.php(56): CodeIgniter\Boot::bootWeb(Object(Config\Paths))
 7 SYSTEMPATH\Commands\Server\rewrite.php(49): require_once('C:\\xampp\\htdocs\\prospera\\public\\index.php')
WARNING - 2024-07-22 07:43:08 --> [DEPRECATED] Creation of dynamic property App\Controllers\Data::$desaModel is deprecated in APPPATH\Controllers\Data.php on line 20.
 1 SYSTEMPATH\CodeIgniter.php(903): App\Controllers\Data->__construct()
 2 SYSTEMPATH\CodeIgniter.php(500): CodeIgniter\CodeIgniter->createController()
 3 SYSTEMPATH\CodeIgniter.php(355): CodeIgniter\CodeIgniter->handleRequest(null, Object(Config\Cache), false)
 4 SYSTEMPATH\Boot.php(312): CodeIgniter\CodeIgniter->run()
 5 SYSTEMPATH\Boot.php(67): CodeIgniter\Boot::runCodeIgniter(Object(CodeIgniter\CodeIgniter))
 6 FCPATH\index.php(56): CodeIgniter\Boot::bootWeb(Object(Config\Paths))
 7 SYSTEMPATH\Commands\Server\rewrite.php(49): require_once('C:\\xampp\\htdocs\\prospera\\public\\index.php')
WARNING - 2024-07-22 07:43:08 --> [DEPRECATED] Creation of dynamic property App\Controllers\Data::$kecamatanModel is deprecated in APPPATH\Controllers\Data.php on line 21.
 1 SYSTEMPATH\CodeIgniter.php(903): App\Controllers\Data->__construct()
 2 SYSTEMPATH\CodeIgniter.php(500): CodeIgniter\CodeIgniter->createController()
 3 SYSTEMPATH\CodeIgniter.php(355): CodeIgniter\CodeIgniter->handleRequest(null, Object(Config\Cache), false)
 4 SYSTEMPATH\Boot.php(312): CodeIgniter\CodeIgniter->run()
 5 SYSTEMPATH\Boot.php(67): CodeIgniter\Boot::runCodeIgniter(Object(CodeIgniter\CodeIgniter))
 6 FCPATH\index.php(56): CodeIgniter\Boot::bootWeb(Object(Config\Paths))
 7 SYSTEMPATH\Commands\Server\rewrite.php(49): require_once('C:\\xampp\\htdocs\\prospera\\public\\index.php')
WARNING - 2024-07-22 07:43:08 --> [DEPRECATED] Creation of dynamic property App\Controllers\Data::$quesModel is deprecated in APPPATH\Controllers\Data.php on line 22.
 1 SYSTEMPATH\CodeIgniter.php(903): App\Controllers\Data->__construct()
 2 SYSTEMPATH\CodeIgniter.php(500): CodeIgniter\CodeIgniter->createController()
 3 SYSTEMPATH\CodeIgniter.php(355): CodeIgniter\CodeIgniter->handleRequest(null, Object(Config\Cache), false)
 4 SYSTEMPATH\Boot.php(312): CodeIgniter\CodeIgniter->run()
 5 SYSTEMPATH\Boot.php(67): CodeIgniter\Boot::runCodeIgniter(Object(CodeIgniter\CodeIgniter))
 6 FCPATH\index.php(56): CodeIgniter\Boot::bootWeb(Object(Config\Paths))
 7 SYSTEMPATH\Commands\Server\rewrite.php(49): require_once('C:\\xampp\\htdocs\\prospera\\public\\index.php')
WARNING - 2024-07-22 07:43:08 --> [DEPRECATED] Creation of dynamic property App\Controllers\Data::$slsModel is deprecated in APPPATH\Controllers\Data.php on line 23.
 1 SYSTEMPATH\CodeIgniter.php(903): App\Controllers\Data->__construct()
 2 SYSTEMPATH\CodeIgniter.php(500): CodeIgniter\CodeIgniter->createController()
 3 SYSTEMPATH\CodeIgniter.php(355): CodeIgniter\CodeIgniter->handleRequest(null, Object(Config\Cache), false)
 4 SYSTEMPATH\Boot.php(312): CodeIgniter\CodeIgniter->run()
 5 SYSTEMPATH\Boot.php(67): CodeIgniter\Boot::runCodeIgniter(Object(CodeIgniter\CodeIgniter))
 6 FCPATH\index.php(56): CodeIgniter\Boot::bootWeb(Object(Config\Paths))
 7 SYSTEMPATH\Commands\Server\rewrite.php(49): require_once('C:\\xampp\\htdocs\\prospera\\public\\index.php')
WARNING - 2024-07-22 07:43:08 --> [DEPRECATED] Creation of dynamic property App\Controllers\Data::$uri is deprecated in APPPATH\Controllers\Data.php on line 24.
 1 SYSTEMPATH\CodeIgniter.php(903): App\Controllers\Data->__construct()
 2 SYSTEMPATH\CodeIgniter.php(500): CodeIgniter\CodeIgniter->createController()
 3 SYSTEMPATH\CodeIgniter.php(355): CodeIgniter\CodeIgniter->handleRequest(null, Object(Config\Cache), false)
 4 SYSTEMPATH\Boot.php(312): CodeIgniter\CodeIgniter->run()
 5 SYSTEMPATH\Boot.php(67): CodeIgniter\Boot::runCodeIgniter(Object(CodeIgniter\CodeIgniter))
 6 FCPATH\index.php(56): CodeIgniter\Boot::bootWeb(Object(Config\Paths))
 7 SYSTEMPATH\Commands\Server\rewrite.php(49): require_once('C:\\xampp\\htdocs\\prospera\\public\\index.php')
INFO - 2024-07-22 07:43:08 --> Session: Class initialized using 'CodeIgniter\Session\Handlers\FileHandler' driver.
WARNING - 2024-07-22 07:43:19 --> [DEPRECATED] Creation of dynamic property App\Controllers\Data::$dataModel is deprecated in APPPATH\Controllers\Data.php on line 19.
 1 SYSTEMPATH\CodeIgniter.php(903): App\Controllers\Data->__construct()
 2 SYSTEMPATH\CodeIgniter.php(500): CodeIgniter\CodeIgniter->createController()
 3 SYSTEMPATH\CodeIgniter.php(355): CodeIgniter\CodeIgniter->handleRequest(null, Object(Config\Cache), false)
 4 SYSTEMPATH\Boot.php(312): CodeIgniter\CodeIgniter->run()
 5 SYSTEMPATH\Boot.php(67): CodeIgniter\Boot::runCodeIgniter(Object(CodeIgniter\CodeIgniter))
 6 FCPATH\index.php(56): CodeIgniter\Boot::bootWeb(Object(Config\Paths))
 7 SYSTEMPATH\Commands\Server\rewrite.php(49): require_once('C:\\xampp\\htdocs\\prospera\\public\\index.php')
WARNING - 2024-07-22 07:43:19 --> [DEPRECATED] Creation of dynamic property App\Controllers\Data::$desaModel is deprecated in APPPATH\Controllers\Data.php on line 20.
 1 SYSTEMPATH\CodeIgniter.php(903): App\Controllers\Data->__construct()
 2 SYSTEMPATH\CodeIgniter.php(500): CodeIgniter\CodeIgniter->createController()
 3 SYSTEMPATH\CodeIgniter.php(355): CodeIgniter\CodeIgniter->handleRequest(null, Object(Config\Cache), false)
 4 SYSTEMPATH\Boot.php(312): CodeIgniter\CodeIgniter->run()
 5 SYSTEMPATH\Boot.php(67): CodeIgniter\Boot::runCodeIgniter(Object(CodeIgniter\CodeIgniter))
 6 FCPATH\index.php(56): CodeIgniter\Boot::bootWeb(Object(Config\Paths))
 7 SYSTEMPATH\Commands\Server\rewrite.php(49): require_once('C:\\xampp\\htdocs\\prospera\\public\\index.php')
WARNING - 2024-07-22 07:43:19 --> [DEPRECATED] Creation of dynamic property App\Controllers\Data::$kecamatanModel is deprecated in APPPATH\Controllers\Data.php on line 21.
 1 SYSTEMPATH\CodeIgniter.php(903): App\Controllers\Data->__construct()
 2 SYSTEMPATH\CodeIgniter.php(500): CodeIgniter\CodeIgniter->createController()
 3 SYSTEMPATH\CodeIgniter.php(355): CodeIgniter\CodeIgniter->handleRequest(null, Object(Config\Cache), false)
 4 SYSTEMPATH\Boot.php(312): CodeIgniter\CodeIgniter->run()
 5 SYSTEMPATH\Boot.php(67): CodeIgniter\Boot::runCodeIgniter(Object(CodeIgniter\CodeIgniter))
 6 FCPATH\index.php(56): CodeIgniter\Boot::bootWeb(Object(Config\Paths))
 7 SYSTEMPATH\Commands\Server\rewrite.php(49): require_once('C:\\xampp\\htdocs\\prospera\\public\\index.php')
WARNING - 2024-07-22 07:43:19 --> [DEPRECATED] Creation of dynamic property App\Controllers\Data::$quesModel is deprecated in APPPATH\Controllers\Data.php on line 22.
 1 SYSTEMPATH\CodeIgniter.php(903): App\Controllers\Data->__construct()
 2 SYSTEMPATH\CodeIgniter.php(500): CodeIgniter\CodeIgniter->createController()
 3 SYSTEMPATH\CodeIgniter.php(355): CodeIgniter\CodeIgniter->handleRequest(null, Object(Config\Cache), false)
 4 SYSTEMPATH\Boot.php(312): CodeIgniter\CodeIgniter->run()
 5 SYSTEMPATH\Boot.php(67): CodeIgniter\Boot::runCodeIgniter(Object(CodeIgniter\CodeIgniter))
 6 FCPATH\index.php(56): CodeIgniter\Boot::bootWeb(Object(Config\Paths))
 7 SYSTEMPATH\Commands\Server\rewrite.php(49): require_once('C:\\xampp\\htdocs\\prospera\\public\\index.php')
WARNING - 2024-07-22 07:43:19 --> [DEPRECATED] Creation of dynamic property App\Controllers\Data::$slsModel is deprecated in APPPATH\Controllers\Data.php on line 23.
 1 SYSTEMPATH\CodeIgniter.php(903): App\Controllers\Data->__construct()
 2 SYSTEMPATH\CodeIgniter.php(500): CodeIgniter\CodeIgniter->createController()
 3 SYSTEMPATH\CodeIgniter.php(355): CodeIgniter\CodeIgniter->handleRequest(null, Object(Config\Cache), false)
 4 SYSTEMPATH\Boot.php(312): CodeIgniter\CodeIgniter->run()
 5 SYSTEMPATH\Boot.php(67): CodeIgniter\Boot::runCodeIgniter(Object(CodeIgniter\CodeIgniter))
 6 FCPATH\index.php(56): CodeIgniter\Boot::bootWeb(Object(Config\Paths))
 7 SYSTEMPATH\Commands\Server\rewrite.php(49): require_once('C:\\xampp\\htdocs\\prospera\\public\\index.php')
WARNING - 2024-07-22 07:43:19 --> [DEPRECATED] Creation of dynamic property App\Controllers\Data::$uri is deprecated in APPPATH\Controllers\Data.php on line 24.
 1 SYSTEMPATH\CodeIgniter.php(903): App\Controllers\Data->__construct()
 2 SYSTEMPATH\CodeIgniter.php(500): CodeIgniter\CodeIgniter->createController()
 3 SYSTEMPATH\CodeIgniter.php(355): CodeIgniter\CodeIgniter->handleRequest(null, Object(Config\Cache), false)
 4 SYSTEMPATH\Boot.php(312): CodeIgniter\CodeIgniter->run()
 5 SYSTEMPATH\Boot.php(67): CodeIgniter\Boot::runCodeIgniter(Object(CodeIgniter\CodeIgniter))
 6 FCPATH\index.php(56): CodeIgniter\Boot::bootWeb(Object(Config\Paths))
 7 SYSTEMPATH\Commands\Server\rewrite.php(49): require_once('C:\\xampp\\htdocs\\prospera\\public\\index.php')
INFO - 2024-07-22 07:43:19 --> Session: Class initialized using 'CodeIgniter\Session\Handlers\FileHandler' driver.
WARNING - 2024-07-22 07:43:19 --> [DEPRECATED] Creation of dynamic property App\Controllers\Data::$dataModel is deprecated in APPPATH\Controllers\Data.php on line 19.
 1 SYSTEMPATH\CodeIgniter.php(903): App\Controllers\Data->__construct()
 2 SYSTEMPATH\CodeIgniter.php(500): CodeIgniter\CodeIgniter->createController()
 3 SYSTEMPATH\CodeIgniter.php(355): CodeIgniter\CodeIgniter->handleRequest(null, Object(Config\Cache), false)
 4 SYSTEMPATH\Boot.php(312): CodeIgniter\CodeIgniter->run()
 5 SYSTEMPATH\Boot.php(67): CodeIgniter\Boot::runCodeIgniter(Object(CodeIgniter\CodeIgniter))
 6 FCPATH\index.php(56): CodeIgniter\Boot::bootWeb(Object(Config\Paths))
 7 SYSTEMPATH\Commands\Server\rewrite.php(49): require_once('C:\\xampp\\htdocs\\prospera\\public\\index.php')
WARNING - 2024-07-22 07:43:19 --> [DEPRECATED] Creation of dynamic property App\Controllers\Data::$desaModel is deprecated in APPPATH\Controllers\Data.php on line 20.
 1 SYSTEMPATH\CodeIgniter.php(903): App\Controllers\Data->__construct()
 2 SYSTEMPATH\CodeIgniter.php(500): CodeIgniter\CodeIgniter->createController()
 3 SYSTEMPATH\CodeIgniter.php(355): CodeIgniter\CodeIgniter->handleRequest(null, Object(Config\Cache), false)
 4 SYSTEMPATH\Boot.php(312): CodeIgniter\CodeIgniter->run()
 5 SYSTEMPATH\Boot.php(67): CodeIgniter\Boot::runCodeIgniter(Object(CodeIgniter\CodeIgniter))
 6 FCPATH\index.php(56): CodeIgniter\Boot::bootWeb(Object(Config\Paths))
 7 SYSTEMPATH\Commands\Server\rewrite.php(49): require_once('C:\\xampp\\htdocs\\prospera\\public\\index.php')
WARNING - 2024-07-22 07:43:19 --> [DEPRECATED] Creation of dynamic property App\Controllers\Data::$kecamatanModel is deprecated in APPPATH\Controllers\Data.php on line 21.
 1 SYSTEMPATH\CodeIgniter.php(903): App\Controllers\Data->__construct()
 2 SYSTEMPATH\CodeIgniter.php(500): CodeIgniter\CodeIgniter->createController()
 3 SYSTEMPATH\CodeIgniter.php(355): CodeIgniter\CodeIgniter->handleRequest(null, Object(Config\Cache), false)
 4 SYSTEMPATH\Boot.php(312): CodeIgniter\CodeIgniter->run()
 5 SYSTEMPATH\Boot.php(67): CodeIgniter\Boot::runCodeIgniter(Object(CodeIgniter\CodeIgniter))
 6 FCPATH\index.php(56): CodeIgniter\Boot::bootWeb(Object(Config\Paths))
 7 SYSTEMPATH\Commands\Server\rewrite.php(49): require_once('C:\\xampp\\htdocs\\prospera\\public\\index.php')
WARNING - 2024-07-22 07:43:19 --> [DEPRECATED] Creation of dynamic property App\Controllers\Data::$quesModel is deprecated in APPPATH\Controllers\Data.php on line 22.
 1 SYSTEMPATH\CodeIgniter.php(903): App\Controllers\Data->__construct()
 2 SYSTEMPATH\CodeIgniter.php(500): CodeIgniter\CodeIgniter->createController()
 3 SYSTEMPATH\CodeIgniter.php(355): CodeIgniter\CodeIgniter->handleRequest(null, Object(Config\Cache), false)
 4 SYSTEMPATH\Boot.php(312): CodeIgniter\CodeIgniter->run()
 5 SYSTEMPATH\Boot.php(67): CodeIgniter\Boot::runCodeIgniter(Object(CodeIgniter\CodeIgniter))
 6 FCPATH\index.php(56): CodeIgniter\Boot::bootWeb(Object(Config\Paths))
 7 SYSTEMPATH\Commands\Server\rewrite.php(49): require_once('C:\\xampp\\htdocs\\prospera\\public\\index.php')
WARNING - 2024-07-22 07:43:19 --> [DEPRECATED] Creation of dynamic property App\Controllers\Data::$slsModel is deprecated in APPPATH\Controllers\Data.php on line 23.
 1 SYSTEMPATH\CodeIgniter.php(903): App\Controllers\Data->__construct()
 2 SYSTEMPATH\CodeIgniter.php(500): CodeIgniter\CodeIgniter->createController()
 3 SYSTEMPATH\CodeIgniter.php(355): CodeIgniter\CodeIgniter->handleRequest(null, Object(Config\Cache), false)
 4 SYSTEMPATH\Boot.php(312): CodeIgniter\CodeIgniter->run()
 5 SYSTEMPATH\Boot.php(67): CodeIgniter\Boot::runCodeIgniter(Object(CodeIgniter\CodeIgniter))
 6 FCPATH\index.php(56): CodeIgniter\Boot::bootWeb(Object(Config\Paths))
 7 SYSTEMPATH\Commands\Server\rewrite.php(49): require_once('C:\\xampp\\htdocs\\prospera\\public\\index.php')
WARNING - 2024-07-22 07:43:19 --> [DEPRECATED] Creation of dynamic property App\Controllers\Data::$uri is deprecated in APPPATH\Controllers\Data.php on line 24.
 1 SYSTEMPATH\CodeIgniter.php(903): App\Controllers\Data->__construct()
 2 SYSTEMPATH\CodeIgniter.php(500): CodeIgniter\CodeIgniter->createController()
 3 SYSTEMPATH\CodeIgniter.php(355): CodeIgniter\CodeIgniter->handleRequest(null, Object(Config\Cache), false)
 4 SYSTEMPATH\Boot.php(312): CodeIgniter\CodeIgniter->run()
 5 SYSTEMPATH\Boot.php(67): CodeIgniter\Boot::runCodeIgniter(Object(CodeIgniter\CodeIgniter))
 6 FCPATH\index.php(56): CodeIgniter\Boot::bootWeb(Object(Config\Paths))
 7 SYSTEMPATH\Commands\Server\rewrite.php(49): require_once('C:\\xampp\\htdocs\\prospera\\public\\index.php')
INFO - 2024-07-22 07:43:19 --> Session: Class initialized using 'CodeIgniter\Session\Handlers\FileHandler' driver.
WARNING - 2024-07-22 07:43:32 --> [DEPRECATED] Creation of dynamic property App\Controllers\Data::$dataModel is deprecated in APPPATH\Controllers\Data.php on line 19.
 1 SYSTEMPATH\CodeIgniter.php(903): App\Controllers\Data->__construct()
 2 SYSTEMPATH\CodeIgniter.php(500): CodeIgniter\CodeIgniter->createController()
 3 SYSTEMPATH\CodeIgniter.php(355): CodeIgniter\CodeIgniter->handleRequest(null, Object(Config\Cache), false)
 4 SYSTEMPATH\Boot.php(312): CodeIgniter\CodeIgniter->run()
 5 SYSTEMPATH\Boot.php(67): CodeIgniter\Boot::runCodeIgniter(Object(CodeIgniter\CodeIgniter))
 6 FCPATH\index.php(56): CodeIgniter\Boot::bootWeb(Object(Config\Paths))
 7 SYSTEMPATH\Commands\Server\rewrite.php(49): require_once('C:\\xampp\\htdocs\\prospera\\public\\index.php')
WARNING - 2024-07-22 07:43:32 --> [DEPRECATED] Creation of dynamic property App\Controllers\Data::$desaModel is deprecated in APPPATH\Controllers\Data.php on line 20.
 1 SYSTEMPATH\CodeIgniter.php(903): App\Controllers\Data->__construct()
 2 SYSTEMPATH\CodeIgniter.php(500): CodeIgniter\CodeIgniter->createController()
 3 SYSTEMPATH\CodeIgniter.php(355): CodeIgniter\CodeIgniter->handleRequest(null, Object(Config\Cache), false)
 4 SYSTEMPATH\Boot.php(312): CodeIgniter\CodeIgniter->run()
 5 SYSTEMPATH\Boot.php(67): CodeIgniter\Boot::runCodeIgniter(Object(CodeIgniter\CodeIgniter))
 6 FCPATH\index.php(56): CodeIgniter\Boot::bootWeb(Object(Config\Paths))
 7 SYSTEMPATH\Commands\Server\rewrite.php(49): require_once('C:\\xampp\\htdocs\\prospera\\public\\index.php')
WARNING - 2024-07-22 07:43:32 --> [DEPRECATED] Creation of dynamic property App\Controllers\Data::$kecamatanModel is deprecated in APPPATH\Controllers\Data.php on line 21.
 1 SYSTEMPATH\CodeIgniter.php(903): App\Controllers\Data->__construct()
 2 SYSTEMPATH\CodeIgniter.php(500): CodeIgniter\CodeIgniter->createController()
 3 SYSTEMPATH\CodeIgniter.php(355): CodeIgniter\CodeIgniter->handleRequest(null, Object(Config\Cache), false)
 4 SYSTEMPATH\Boot.php(312): CodeIgniter\CodeIgniter->run()
 5 SYSTEMPATH\Boot.php(67): CodeIgniter\Boot::runCodeIgniter(Object(CodeIgniter\CodeIgniter))
 6 FCPATH\index.php(56): CodeIgniter\Boot::bootWeb(Object(Config\Paths))
 7 SYSTEMPATH\Commands\Server\rewrite.php(49): require_once('C:\\xampp\\htdocs\\prospera\\public\\index.php')
WARNING - 2024-07-22 07:43:32 --> [DEPRECATED] Creation of dynamic property App\Controllers\Data::$quesModel is deprecated in APPPATH\Controllers\Data.php on line 22.
 1 SYSTEMPATH\CodeIgniter.php(903): App\Controllers\Data->__construct()
 2 SYSTEMPATH\CodeIgniter.php(500): CodeIgniter\CodeIgniter->createController()
 3 SYSTEMPATH\CodeIgniter.php(355): CodeIgniter\CodeIgniter->handleRequest(null, Object(Config\Cache), false)
 4 SYSTEMPATH\Boot.php(312): CodeIgniter\CodeIgniter->run()
 5 SYSTEMPATH\Boot.php(67): CodeIgniter\Boot::runCodeIgniter(Object(CodeIgniter\CodeIgniter))
 6 FCPATH\index.php(56): CodeIgniter\Boot::bootWeb(Object(Config\Paths))
 7 SYSTEMPATH\Commands\Server\rewrite.php(49): require_once('C:\\xampp\\htdocs\\prospera\\public\\index.php')
WARNING - 2024-07-22 07:43:32 --> [DEPRECATED] Creation of dynamic property App\Controllers\Data::$slsModel is deprecated in APPPATH\Controllers\Data.php on line 23.
 1 SYSTEMPATH\CodeIgniter.php(903): App\Controllers\Data->__construct()
 2 SYSTEMPATH\CodeIgniter.php(500): CodeIgniter\CodeIgniter->createController()
 3 SYSTEMPATH\CodeIgniter.php(355): CodeIgniter\CodeIgniter->handleRequest(null, Object(Config\Cache), false)
 4 SYSTEMPATH\Boot.php(312): CodeIgniter\CodeIgniter->run()
 5 SYSTEMPATH\Boot.php(67): CodeIgniter\Boot::runCodeIgniter(Object(CodeIgniter\CodeIgniter))
 6 FCPATH\index.php(56): CodeIgniter\Boot::bootWeb(Object(Config\Paths))
 7 SYSTEMPATH\Commands\Server\rewrite.php(49): require_once('C:\\xampp\\htdocs\\prospera\\public\\index.php')
WARNING - 2024-07-22 07:43:32 --> [DEPRECATED] Creation of dynamic property App\Controllers\Data::$uri is deprecated in APPPATH\Controllers\Data.php on line 24.
 1 SYSTEMPATH\CodeIgniter.php(903): App\Controllers\Data->__construct()
 2 SYSTEMPATH\CodeIgniter.php(500): CodeIgniter\CodeIgniter->createController()
 3 SYSTEMPATH\CodeIgniter.php(355): CodeIgniter\CodeIgniter->handleRequest(null, Object(Config\Cache), false)
 4 SYSTEMPATH\Boot.php(312): CodeIgniter\CodeIgniter->run()
 5 SYSTEMPATH\Boot.php(67): CodeIgniter\Boot::runCodeIgniter(Object(CodeIgniter\CodeIgniter))
 6 FCPATH\index.php(56): CodeIgniter\Boot::bootWeb(Object(Config\Paths))
 7 SYSTEMPATH\Commands\Server\rewrite.php(49): require_once('C:\\xampp\\htdocs\\prospera\\public\\index.php')
INFO - 2024-07-22 07:43:32 --> Session: Class initialized using 'CodeIgniter\Session\Handlers\FileHandler' driver.
WARNING - 2024-07-22 07:43:34 --> [DEPRECATED] Creation of dynamic property App\Controllers\Data::$dataModel is deprecated in APPPATH\Controllers\Data.php on line 19.
 1 SYSTEMPATH\CodeIgniter.php(903): App\Controllers\Data->__construct()
 2 SYSTEMPATH\CodeIgniter.php(500): CodeIgniter\CodeIgniter->createController()
 3 SYSTEMPATH\CodeIgniter.php(355): CodeIgniter\CodeIgniter->handleRequest(null, Object(Config\Cache), false)
 4 SYSTEMPATH\Boot.php(312): CodeIgniter\CodeIgniter->run()
 5 SYSTEMPATH\Boot.php(67): CodeIgniter\Boot::runCodeIgniter(Object(CodeIgniter\CodeIgniter))
 6 FCPATH\index.php(56): CodeIgniter\Boot::bootWeb(Object(Config\Paths))
 7 SYSTEMPATH\Commands\Server\rewrite.php(49): require_once('C:\\xampp\\htdocs\\prospera\\public\\index.php')
WARNING - 2024-07-22 07:43:34 --> [DEPRECATED] Creation of dynamic property App\Controllers\Data::$desaModel is deprecated in APPPATH\Controllers\Data.php on line 20.
 1 SYSTEMPATH\CodeIgniter.php(903): App\Controllers\Data->__construct()
 2 SYSTEMPATH\CodeIgniter.php(500): CodeIgniter\CodeIgniter->createController()
 3 SYSTEMPATH\CodeIgniter.php(355): CodeIgniter\CodeIgniter->handleRequest(null, Object(Config\Cache), false)
 4 SYSTEMPATH\Boot.php(312): CodeIgniter\CodeIgniter->run()
 5 SYSTEMPATH\Boot.php(67): CodeIgniter\Boot::runCodeIgniter(Object(CodeIgniter\CodeIgniter))
 6 FCPATH\index.php(56): CodeIgniter\Boot::bootWeb(Object(Config\Paths))
 7 SYSTEMPATH\Commands\Server\rewrite.php(49): require_once('C:\\xampp\\htdocs\\prospera\\public\\index.php')
WARNING - 2024-07-22 07:43:34 --> [DEPRECATED] Creation of dynamic property App\Controllers\Data::$kecamatanModel is deprecated in APPPATH\Controllers\Data.php on line 21.
 1 SYSTEMPATH\CodeIgniter.php(903): App\Controllers\Data->__construct()
 2 SYSTEMPATH\CodeIgniter.php(500): CodeIgniter\CodeIgniter->createController()
 3 SYSTEMPATH\CodeIgniter.php(355): CodeIgniter\CodeIgniter->handleRequest(null, Object(Config\Cache), false)
 4 SYSTEMPATH\Boot.php(312): CodeIgniter\CodeIgniter->run()
 5 SYSTEMPATH\Boot.php(67): CodeIgniter\Boot::runCodeIgniter(Object(CodeIgniter\CodeIgniter))
 6 FCPATH\index.php(56): CodeIgniter\Boot::bootWeb(Object(Config\Paths))
 7 SYSTEMPATH\Commands\Server\rewrite.php(49): require_once('C:\\xampp\\htdocs\\prospera\\public\\index.php')
WARNING - 2024-07-22 07:43:34 --> [DEPRECATED] Creation of dynamic property App\Controllers\Data::$quesModel is deprecated in APPPATH\Controllers\Data.php on line 22.
 1 SYSTEMPATH\CodeIgniter.php(903): App\Controllers\Data->__construct()
 2 SYSTEMPATH\CodeIgniter.php(500): CodeIgniter\CodeIgniter->createController()
 3 SYSTEMPATH\CodeIgniter.php(355): CodeIgniter\CodeIgniter->handleRequest(null, Object(Config\Cache), false)
 4 SYSTEMPATH\Boot.php(312): CodeIgniter\CodeIgniter->run()
 5 SYSTEMPATH\Boot.php(67): CodeIgniter\Boot::runCodeIgniter(Object(CodeIgniter\CodeIgniter))
 6 FCPATH\index.php(56): CodeIgniter\Boot::bootWeb(Object(Config\Paths))
 7 SYSTEMPATH\Commands\Server\rewrite.php(49): require_once('C:\\xampp\\htdocs\\prospera\\public\\index.php')
WARNING - 2024-07-22 07:43:34 --> [DEPRECATED] Creation of dynamic property App\Controllers\Data::$slsModel is deprecated in APPPATH\Controllers\Data.php on line 23.
 1 SYSTEMPATH\CodeIgniter.php(903): App\Controllers\Data->__construct()
 2 SYSTEMPATH\CodeIgniter.php(500): CodeIgniter\CodeIgniter->createController()
 3 SYSTEMPATH\CodeIgniter.php(355): CodeIgniter\CodeIgniter->handleRequest(null, Object(Config\Cache), false)
 4 SYSTEMPATH\Boot.php(312): CodeIgniter\CodeIgniter->run()
 5 SYSTEMPATH\Boot.php(67): CodeIgniter\Boot::runCodeIgniter(Object(CodeIgniter\CodeIgniter))
 6 FCPATH\index.php(56): CodeIgniter\Boot::bootWeb(Object(Config\Paths))
 7 SYSTEMPATH\Commands\Server\rewrite.php(49): require_once('C:\\xampp\\htdocs\\prospera\\public\\index.php')
WARNING - 2024-07-22 07:43:34 --> [DEPRECATED] Creation of dynamic property App\Controllers\Data::$uri is deprecated in APPPATH\Controllers\Data.php on line 24.
 1 SYSTEMPATH\CodeIgniter.php(903): App\Controllers\Data->__construct()
 2 SYSTEMPATH\CodeIgniter.php(500): CodeIgniter\CodeIgniter->createController()
 3 SYSTEMPATH\CodeIgniter.php(355): CodeIgniter\CodeIgniter->handleRequest(null, Object(Config\Cache), false)
 4 SYSTEMPATH\Boot.php(312): CodeIgniter\CodeIgniter->run()
 5 SYSTEMPATH\Boot.php(67): CodeIgniter\Boot::runCodeIgniter(Object(CodeIgniter\CodeIgniter))
 6 FCPATH\index.php(56): CodeIgniter\Boot::bootWeb(Object(Config\Paths))
 7 SYSTEMPATH\Commands\Server\rewrite.php(49): require_once('C:\\xampp\\htdocs\\prospera\\public\\index.php')
INFO - 2024-07-22 07:43:34 --> Session: Class initialized using 'CodeIgniter\Session\Handlers\FileHandler' driver.
WARNING - 2024-07-22 07:43:37 --> [DEPRECATED] Creation of dynamic property App\Controllers\Data::$dataModel is deprecated in APPPATH\Controllers\Data.php on line 19.
 1 SYSTEMPATH\CodeIgniter.php(903): App\Controllers\Data->__construct()
 2 SYSTEMPATH\CodeIgniter.php(500): CodeIgniter\CodeIgniter->createController()
 3 SYSTEMPATH\CodeIgniter.php(355): CodeIgniter\CodeIgniter->handleRequest(null, Object(Config\Cache), false)
 4 SYSTEMPATH\Boot.php(312): CodeIgniter\CodeIgniter->run()
 5 SYSTEMPATH\Boot.php(67): CodeIgniter\Boot::runCodeIgniter(Object(CodeIgniter\CodeIgniter))
 6 FCPATH\index.php(56): CodeIgniter\Boot::bootWeb(Object(Config\Paths))
 7 SYSTEMPATH\Commands\Server\rewrite.php(49): require_once('C:\\xampp\\htdocs\\prospera\\public\\index.php')
WARNING - 2024-07-22 07:43:37 --> [DEPRECATED] Creation of dynamic property App\Controllers\Data::$desaModel is deprecated in APPPATH\Controllers\Data.php on line 20.
 1 SYSTEMPATH\CodeIgniter.php(903): App\Controllers\Data->__construct()
 2 SYSTEMPATH\CodeIgniter.php(500): CodeIgniter\CodeIgniter->createController()
 3 SYSTEMPATH\CodeIgniter.php(355): CodeIgniter\CodeIgniter->handleRequest(null, Object(Config\Cache), false)
 4 SYSTEMPATH\Boot.php(312): CodeIgniter\CodeIgniter->run()
 5 SYSTEMPATH\Boot.php(67): CodeIgniter\Boot::runCodeIgniter(Object(CodeIgniter\CodeIgniter))
 6 FCPATH\index.php(56): CodeIgniter\Boot::bootWeb(Object(Config\Paths))
 7 SYSTEMPATH\Commands\Server\rewrite.php(49): require_once('C:\\xampp\\htdocs\\prospera\\public\\index.php')
WARNING - 2024-07-22 07:43:37 --> [DEPRECATED] Creation of dynamic property App\Controllers\Data::$kecamatanModel is deprecated in APPPATH\Controllers\Data.php on line 21.
 1 SYSTEMPATH\CodeIgniter.php(903): App\Controllers\Data->__construct()
 2 SYSTEMPATH\CodeIgniter.php(500): CodeIgniter\CodeIgniter->createController()
 3 SYSTEMPATH\CodeIgniter.php(355): CodeIgniter\CodeIgniter->handleRequest(null, Object(Config\Cache), false)
 4 SYSTEMPATH\Boot.php(312): CodeIgniter\CodeIgniter->run()
 5 SYSTEMPATH\Boot.php(67): CodeIgniter\Boot::runCodeIgniter(Object(CodeIgniter\CodeIgniter))
 6 FCPATH\index.php(56): CodeIgniter\Boot::bootWeb(Object(Config\Paths))
 7 SYSTEMPATH\Commands\Server\rewrite.php(49): require_once('C:\\xampp\\htdocs\\prospera\\public\\index.php')
WARNING - 2024-07-22 07:43:37 --> [DEPRECATED] Creation of dynamic property App\Controllers\Data::$quesModel is deprecated in APPPATH\Controllers\Data.php on line 22.
 1 SYSTEMPATH\CodeIgniter.php(903): App\Controllers\Data->__construct()
 2 SYSTEMPATH\CodeIgniter.php(500): CodeIgniter\CodeIgniter->createController()
 3 SYSTEMPATH\CodeIgniter.php(355): CodeIgniter\CodeIgniter->handleRequest(null, Object(Config\Cache), false)
 4 SYSTEMPATH\Boot.php(312): CodeIgniter\CodeIgniter->run()
 5 SYSTEMPATH\Boot.php(67): CodeIgniter\Boot::runCodeIgniter(Object(CodeIgniter\CodeIgniter))
 6 FCPATH\index.php(56): CodeIgniter\Boot::bootWeb(Object(Config\Paths))
 7 SYSTEMPATH\Commands\Server\rewrite.php(49): require_once('C:\\xampp\\htdocs\\prospera\\public\\index.php')
WARNING - 2024-07-22 07:43:37 --> [DEPRECATED] Creation of dynamic property App\Controllers\Data::$slsModel is deprecated in APPPATH\Controllers\Data.php on line 23.
 1 SYSTEMPATH\CodeIgniter.php(903): App\Controllers\Data->__construct()
 2 SYSTEMPATH\CodeIgniter.php(500): CodeIgniter\CodeIgniter->createController()
 3 SYSTEMPATH\CodeIgniter.php(355): CodeIgniter\CodeIgniter->handleRequest(null, Object(Config\Cache), false)
 4 SYSTEMPATH\Boot.php(312): CodeIgniter\CodeIgniter->run()
 5 SYSTEMPATH\Boot.php(67): CodeIgniter\Boot::runCodeIgniter(Object(CodeIgniter\CodeIgniter))
 6 FCPATH\index.php(56): CodeIgniter\Boot::bootWeb(Object(Config\Paths))
 7 SYSTEMPATH\Commands\Server\rewrite.php(49): require_once('C:\\xampp\\htdocs\\prospera\\public\\index.php')
WARNING - 2024-07-22 07:43:37 --> [DEPRECATED] Creation of dynamic property App\Controllers\Data::$uri is deprecated in APPPATH\Controllers\Data.php on line 24.
 1 SYSTEMPATH\CodeIgniter.php(903): App\Controllers\Data->__construct()
 2 SYSTEMPATH\CodeIgniter.php(500): CodeIgniter\CodeIgniter->createController()
 3 SYSTEMPATH\CodeIgniter.php(355): CodeIgniter\CodeIgniter->handleRequest(null, Object(Config\Cache), false)
 4 SYSTEMPATH\Boot.php(312): CodeIgniter\CodeIgniter->run()
 5 SYSTEMPATH\Boot.php(67): CodeIgniter\Boot::runCodeIgniter(Object(CodeIgniter\CodeIgniter))
 6 FCPATH\index.php(56): CodeIgniter\Boot::bootWeb(Object(Config\Paths))
 7 SYSTEMPATH\Commands\Server\rewrite.php(49): require_once('C:\\xampp\\htdocs\\prospera\\public\\index.php')
INFO - 2024-07-22 07:43:37 --> Session: Class initialized using 'CodeIgniter\Session\Handlers\FileHandler' driver.
WARNING - 2024-07-22 07:43:44 --> [DEPRECATED] Creation of dynamic property App\Controllers\Data::$dataModel is deprecated in APPPATH\Controllers\Data.php on line 19.
 1 SYSTEMPATH\CodeIgniter.php(903): App\Controllers\Data->__construct()
 2 SYSTEMPATH\CodeIgniter.php(500): CodeIgniter\CodeIgniter->createController()
 3 SYSTEMPATH\CodeIgniter.php(355): CodeIgniter\CodeIgniter->handleRequest(null, Object(Config\Cache), false)
 4 SYSTEMPATH\Boot.php(312): CodeIgniter\CodeIgniter->run()
 5 SYSTEMPATH\Boot.php(67): CodeIgniter\Boot::runCodeIgniter(Object(CodeIgniter\CodeIgniter))
 6 FCPATH\index.php(56): CodeIgniter\Boot::bootWeb(Object(Config\Paths))
 7 SYSTEMPATH\Commands\Server\rewrite.php(49): require_once('C:\\xampp\\htdocs\\prospera\\public\\index.php')
WARNING - 2024-07-22 07:43:44 --> [DEPRECATED] Creation of dynamic property App\Controllers\Data::$desaModel is deprecated in APPPATH\Controllers\Data.php on line 20.
 1 SYSTEMPATH\CodeIgniter.php(903): App\Controllers\Data->__construct()
 2 SYSTEMPATH\CodeIgniter.php(500): CodeIgniter\CodeIgniter->createController()
 3 SYSTEMPATH\CodeIgniter.php(355): CodeIgniter\CodeIgniter->handleRequest(null, Object(Config\Cache), false)
 4 SYSTEMPATH\Boot.php(312): CodeIgniter\CodeIgniter->run()
 5 SYSTEMPATH\Boot.php(67): CodeIgniter\Boot::runCodeIgniter(Object(CodeIgniter\CodeIgniter))
 6 FCPATH\index.php(56): CodeIgniter\Boot::bootWeb(Object(Config\Paths))
 7 SYSTEMPATH\Commands\Server\rewrite.php(49): require_once('C:\\xampp\\htdocs\\prospera\\public\\index.php')
WARNING - 2024-07-22 07:43:44 --> [DEPRECATED] Creation of dynamic property App\Controllers\Data::$kecamatanModel is deprecated in APPPATH\Controllers\Data.php on line 21.
 1 SYSTEMPATH\CodeIgniter.php(903): App\Controllers\Data->__construct()
 2 SYSTEMPATH\CodeIgniter.php(500): CodeIgniter\CodeIgniter->createController()
 3 SYSTEMPATH\CodeIgniter.php(355): CodeIgniter\CodeIgniter->handleRequest(null, Object(Config\Cache), false)
 4 SYSTEMPATH\Boot.php(312): CodeIgniter\CodeIgniter->run()
 5 SYSTEMPATH\Boot.php(67): CodeIgniter\Boot::runCodeIgniter(Object(CodeIgniter\CodeIgniter))
 6 FCPATH\index.php(56): CodeIgniter\Boot::bootWeb(Object(Config\Paths))
 7 SYSTEMPATH\Commands\Server\rewrite.php(49): require_once('C:\\xampp\\htdocs\\prospera\\public\\index.php')
WARNING - 2024-07-22 07:43:44 --> [DEPRECATED] Creation of dynamic property App\Controllers\Data::$quesModel is deprecated in APPPATH\Controllers\Data.php on line 22.
 1 SYSTEMPATH\CodeIgniter.php(903): App\Controllers\Data->__construct()
 2 SYSTEMPATH\CodeIgniter.php(500): CodeIgniter\CodeIgniter->createController()
 3 SYSTEMPATH\CodeIgniter.php(355): CodeIgniter\CodeIgniter->handleRequest(null, Object(Config\Cache), false)
 4 SYSTEMPATH\Boot.php(312): CodeIgniter\CodeIgniter->run()
 5 SYSTEMPATH\Boot.php(67): CodeIgniter\Boot::runCodeIgniter(Object(CodeIgniter\CodeIgniter))
 6 FCPATH\index.php(56): CodeIgniter\Boot::bootWeb(Object(Config\Paths))
 7 SYSTEMPATH\Commands\Server\rewrite.php(49): require_once('C:\\xampp\\htdocs\\prospera\\public\\index.php')
WARNING - 2024-07-22 07:43:44 --> [DEPRECATED] Creation of dynamic property App\Controllers\Data::$slsModel is deprecated in APPPATH\Controllers\Data.php on line 23.
 1 SYSTEMPATH\CodeIgniter.php(903): App\Controllers\Data->__construct()
 2 SYSTEMPATH\CodeIgniter.php(500): CodeIgniter\CodeIgniter->createController()
 3 SYSTEMPATH\CodeIgniter.php(355): CodeIgniter\CodeIgniter->handleRequest(null, Object(Config\Cache), false)
 4 SYSTEMPATH\Boot.php(312): CodeIgniter\CodeIgniter->run()
 5 SYSTEMPATH\Boot.php(67): CodeIgniter\Boot::runCodeIgniter(Object(CodeIgniter\CodeIgniter))
 6 FCPATH\index.php(56): CodeIgniter\Boot::bootWeb(Object(Config\Paths))
 7 SYSTEMPATH\Commands\Server\rewrite.php(49): require_once('C:\\xampp\\htdocs\\prospera\\public\\index.php')
WARNING - 2024-07-22 07:43:44 --> [DEPRECATED] Creation of dynamic property App\Controllers\Data::$uri is deprecated in APPPATH\Controllers\Data.php on line 24.
 1 SYSTEMPATH\CodeIgniter.php(903): App\Controllers\Data->__construct()
 2 SYSTEMPATH\CodeIgniter.php(500): CodeIgniter\CodeIgniter->createController()
 3 SYSTEMPATH\CodeIgniter.php(355): CodeIgniter\CodeIgniter->handleRequest(null, Object(Config\Cache), false)
 4 SYSTEMPATH\Boot.php(312): CodeIgniter\CodeIgniter->run()
 5 SYSTEMPATH\Boot.php(67): CodeIgniter\Boot::runCodeIgniter(Object(CodeIgniter\CodeIgniter))
 6 FCPATH\index.php(56): CodeIgniter\Boot::bootWeb(Object(Config\Paths))
 7 SYSTEMPATH\Commands\Server\rewrite.php(49): require_once('C:\\xampp\\htdocs\\prospera\\public\\index.php')
INFO - 2024-07-22 07:43:44 --> Session: Class initialized using 'CodeIgniter\Session\Handlers\FileHandler' driver.
WARNING - 2024-07-22 07:43:54 --> [DEPRECATED] Creation of dynamic property App\Controllers\Data::$dataModel is deprecated in APPPATH\Controllers\Data.php on line 19.
 1 SYSTEMPATH\CodeIgniter.php(903): App\Controllers\Data->__construct()
 2 SYSTEMPATH\CodeIgniter.php(500): CodeIgniter\CodeIgniter->createController()
 3 SYSTEMPATH\CodeIgniter.php(355): CodeIgniter\CodeIgniter->handleRequest(null, Object(Config\Cache), false)
 4 SYSTEMPATH\Boot.php(312): CodeIgniter\CodeIgniter->run()
 5 SYSTEMPATH\Boot.php(67): CodeIgniter\Boot::runCodeIgniter(Object(CodeIgniter\CodeIgniter))
 6 FCPATH\index.php(56): CodeIgniter\Boot::bootWeb(Object(Config\Paths))
 7 SYSTEMPATH\Commands\Server\rewrite.php(49): require_once('C:\\xampp\\htdocs\\prospera\\public\\index.php')
WARNING - 2024-07-22 07:43:54 --> [DEPRECATED] Creation of dynamic property App\Controllers\Data::$desaModel is deprecated in APPPATH\Controllers\Data.php on line 20.
 1 SYSTEMPATH\CodeIgniter.php(903): App\Controllers\Data->__construct()
 2 SYSTEMPATH\CodeIgniter.php(500): CodeIgniter\CodeIgniter->createController()
 3 SYSTEMPATH\CodeIgniter.php(355): CodeIgniter\CodeIgniter->handleRequest(null, Object(Config\Cache), false)
 4 SYSTEMPATH\Boot.php(312): CodeIgniter\CodeIgniter->run()
 5 SYSTEMPATH\Boot.php(67): CodeIgniter\Boot::runCodeIgniter(Object(CodeIgniter\CodeIgniter))
 6 FCPATH\index.php(56): CodeIgniter\Boot::bootWeb(Object(Config\Paths))
 7 SYSTEMPATH\Commands\Server\rewrite.php(49): require_once('C:\\xampp\\htdocs\\prospera\\public\\index.php')
WARNING - 2024-07-22 07:43:54 --> [DEPRECATED] Creation of dynamic property App\Controllers\Data::$kecamatanModel is deprecated in APPPATH\Controllers\Data.php on line 21.
 1 SYSTEMPATH\CodeIgniter.php(903): App\Controllers\Data->__construct()
 2 SYSTEMPATH\CodeIgniter.php(500): CodeIgniter\CodeIgniter->createController()
 3 SYSTEMPATH\CodeIgniter.php(355): CodeIgniter\CodeIgniter->handleRequest(null, Object(Config\Cache), false)
 4 SYSTEMPATH\Boot.php(312): CodeIgniter\CodeIgniter->run()
 5 SYSTEMPATH\Boot.php(67): CodeIgniter\Boot::runCodeIgniter(Object(CodeIgniter\CodeIgniter))
 6 FCPATH\index.php(56): CodeIgniter\Boot::bootWeb(Object(Config\Paths))
 7 SYSTEMPATH\Commands\Server\rewrite.php(49): require_once('C:\\xampp\\htdocs\\prospera\\public\\index.php')
WARNING - 2024-07-22 07:43:54 --> [DEPRECATED] Creation of dynamic property App\Controllers\Data::$quesModel is deprecated in APPPATH\Controllers\Data.php on line 22.
 1 SYSTEMPATH\CodeIgniter.php(903): App\Controllers\Data->__construct()
 2 SYSTEMPATH\CodeIgniter.php(500): CodeIgniter\CodeIgniter->createController()
 3 SYSTEMPATH\CodeIgniter.php(355): CodeIgniter\CodeIgniter->handleRequest(null, Object(Config\Cache), false)
 4 SYSTEMPATH\Boot.php(312): CodeIgniter\CodeIgniter->run()
 5 SYSTEMPATH\Boot.php(67): CodeIgniter\Boot::runCodeIgniter(Object(CodeIgniter\CodeIgniter))
 6 FCPATH\index.php(56): CodeIgniter\Boot::bootWeb(Object(Config\Paths))
 7 SYSTEMPATH\Commands\Server\rewrite.php(49): require_once('C:\\xampp\\htdocs\\prospera\\public\\index.php')
WARNING - 2024-07-22 07:43:54 --> [DEPRECATED] Creation of dynamic property App\Controllers\Data::$slsModel is deprecated in APPPATH\Controllers\Data.php on line 23.
 1 SYSTEMPATH\CodeIgniter.php(903): App\Controllers\Data->__construct()
 2 SYSTEMPATH\CodeIgniter.php(500): CodeIgniter\CodeIgniter->createController()
 3 SYSTEMPATH\CodeIgniter.php(355): CodeIgniter\CodeIgniter->handleRequest(null, Object(Config\Cache), false)
 4 SYSTEMPATH\Boot.php(312): CodeIgniter\CodeIgniter->run()
 5 SYSTEMPATH\Boot.php(67): CodeIgniter\Boot::runCodeIgniter(Object(CodeIgniter\CodeIgniter))
 6 FCPATH\index.php(56): CodeIgniter\Boot::bootWeb(Object(Config\Paths))
 7 SYSTEMPATH\Commands\Server\rewrite.php(49): require_once('C:\\xampp\\htdocs\\prospera\\public\\index.php')
WARNING - 2024-07-22 07:43:54 --> [DEPRECATED] Creation of dynamic property App\Controllers\Data::$uri is deprecated in APPPATH\Controllers\Data.php on line 24.
 1 SYSTEMPATH\CodeIgniter.php(903): App\Controllers\Data->__construct()
 2 SYSTEMPATH\CodeIgniter.php(500): CodeIgniter\CodeIgniter->createController()
 3 SYSTEMPATH\CodeIgniter.php(355): CodeIgniter\CodeIgniter->handleRequest(null, Object(Config\Cache), false)
 4 SYSTEMPATH\Boot.php(312): CodeIgniter\CodeIgniter->run()
 5 SYSTEMPATH\Boot.php(67): CodeIgniter\Boot::runCodeIgniter(Object(CodeIgniter\CodeIgniter))
 6 FCPATH\index.php(56): CodeIgniter\Boot::bootWeb(Object(Config\Paths))
 7 SYSTEMPATH\Commands\Server\rewrite.php(49): require_once('C:\\xampp\\htdocs\\prospera\\public\\index.php')
INFO - 2024-07-22 07:43:54 --> Session: Class initialized using 'CodeIgniter\Session\Handlers\FileHandler' driver.
WARNING - 2024-07-22 07:43:59 --> [DEPRECATED] Creation of dynamic property App\Controllers\Data::$dataModel is deprecated in APPPATH\Controllers\Data.php on line 19.
 1 SYSTEMPATH\CodeIgniter.php(903): App\Controllers\Data->__construct()
 2 SYSTEMPATH\CodeIgniter.php(500): CodeIgniter\CodeIgniter->createController()
 3 SYSTEMPATH\CodeIgniter.php(355): CodeIgniter\CodeIgniter->handleRequest(null, Object(Config\Cache), false)
 4 SYSTEMPATH\Boot.php(312): CodeIgniter\CodeIgniter->run()
 5 SYSTEMPATH\Boot.php(67): CodeIgniter\Boot::runCodeIgniter(Object(CodeIgniter\CodeIgniter))
 6 FCPATH\index.php(56): CodeIgniter\Boot::bootWeb(Object(Config\Paths))
 7 SYSTEMPATH\Commands\Server\rewrite.php(49): require_once('C:\\xampp\\htdocs\\prospera\\public\\index.php')
WARNING - 2024-07-22 07:43:59 --> [DEPRECATED] Creation of dynamic property App\Controllers\Data::$desaModel is deprecated in APPPATH\Controllers\Data.php on line 20.
 1 SYSTEMPATH\CodeIgniter.php(903): App\Controllers\Data->__construct()
 2 SYSTEMPATH\CodeIgniter.php(500): CodeIgniter\CodeIgniter->createController()
 3 SYSTEMPATH\CodeIgniter.php(355): CodeIgniter\CodeIgniter->handleRequest(null, Object(Config\Cache), false)
 4 SYSTEMPATH\Boot.php(312): CodeIgniter\CodeIgniter->run()
 5 SYSTEMPATH\Boot.php(67): CodeIgniter\Boot::runCodeIgniter(Object(CodeIgniter\CodeIgniter))
 6 FCPATH\index.php(56): CodeIgniter\Boot::bootWeb(Object(Config\Paths))
 7 SYSTEMPATH\Commands\Server\rewrite.php(49): require_once('C:\\xampp\\htdocs\\prospera\\public\\index.php')
WARNING - 2024-07-22 07:43:59 --> [DEPRECATED] Creation of dynamic property App\Controllers\Data::$kecamatanModel is deprecated in APPPATH\Controllers\Data.php on line 21.
 1 SYSTEMPATH\CodeIgniter.php(903): App\Controllers\Data->__construct()
 2 SYSTEMPATH\CodeIgniter.php(500): CodeIgniter\CodeIgniter->createController()
 3 SYSTEMPATH\CodeIgniter.php(355): CodeIgniter\CodeIgniter->handleRequest(null, Object(Config\Cache), false)
 4 SYSTEMPATH\Boot.php(312): CodeIgniter\CodeIgniter->run()
 5 SYSTEMPATH\Boot.php(67): CodeIgniter\Boot::runCodeIgniter(Object(CodeIgniter\CodeIgniter))
 6 FCPATH\index.php(56): CodeIgniter\Boot::bootWeb(Object(Config\Paths))
 7 SYSTEMPATH\Commands\Server\rewrite.php(49): require_once('C:\\xampp\\htdocs\\prospera\\public\\index.php')
WARNING - 2024-07-22 07:43:59 --> [DEPRECATED] Creation of dynamic property App\Controllers\Data::$quesModel is deprecated in APPPATH\Controllers\Data.php on line 22.
 1 SYSTEMPATH\CodeIgniter.php(903): App\Controllers\Data->__construct()
 2 SYSTEMPATH\CodeIgniter.php(500): CodeIgniter\CodeIgniter->createController()
 3 SYSTEMPATH\CodeIgniter.php(355): CodeIgniter\CodeIgniter->handleRequest(null, Object(Config\Cache), false)
 4 SYSTEMPATH\Boot.php(312): CodeIgniter\CodeIgniter->run()
 5 SYSTEMPATH\Boot.php(67): CodeIgniter\Boot::runCodeIgniter(Object(CodeIgniter\CodeIgniter))
 6 FCPATH\index.php(56): CodeIgniter\Boot::bootWeb(Object(Config\Paths))
 7 SYSTEMPATH\Commands\Server\rewrite.php(49): require_once('C:\\xampp\\htdocs\\prospera\\public\\index.php')
WARNING - 2024-07-22 07:43:59 --> [DEPRECATED] Creation of dynamic property App\Controllers\Data::$slsModel is deprecated in APPPATH\Controllers\Data.php on line 23.
 1 SYSTEMPATH\CodeIgniter.php(903): App\Controllers\Data->__construct()
 2 SYSTEMPATH\CodeIgniter.php(500): CodeIgniter\CodeIgniter->createController()
 3 SYSTEMPATH\CodeIgniter.php(355): CodeIgniter\CodeIgniter->handleRequest(null, Object(Config\Cache), false)
 4 SYSTEMPATH\Boot.php(312): CodeIgniter\CodeIgniter->run()
 5 SYSTEMPATH\Boot.php(67): CodeIgniter\Boot::runCodeIgniter(Object(CodeIgniter\CodeIgniter))
 6 FCPATH\index.php(56): CodeIgniter\Boot::bootWeb(Object(Config\Paths))
 7 SYSTEMPATH\Commands\Server\rewrite.php(49): require_once('C:\\xampp\\htdocs\\prospera\\public\\index.php')
WARNING - 2024-07-22 07:43:59 --> [DEPRECATED] Creation of dynamic property App\Controllers\Data::$uri is deprecated in APPPATH\Controllers\Data.php on line 24.
 1 SYSTEMPATH\CodeIgniter.php(903): App\Controllers\Data->__construct()
 2 SYSTEMPATH\CodeIgniter.php(500): CodeIgniter\CodeIgniter->createController()
 3 SYSTEMPATH\CodeIgniter.php(355): CodeIgniter\CodeIgniter->handleRequest(null, Object(Config\Cache), false)
 4 SYSTEMPATH\Boot.php(312): CodeIgniter\CodeIgniter->run()
 5 SYSTEMPATH\Boot.php(67): CodeIgniter\Boot::runCodeIgniter(Object(CodeIgniter\CodeIgniter))
 6 FCPATH\index.php(56): CodeIgniter\Boot::bootWeb(Object(Config\Paths))
 7 SYSTEMPATH\Commands\Server\rewrite.php(49): require_once('C:\\xampp\\htdocs\\prospera\\public\\index.php')
INFO - 2024-07-22 07:43:59 --> Session: Class initialized using 'CodeIgniter\Session\Handlers\FileHandler' driver.
WARNING - 2024-07-22 07:44:07 --> [DEPRECATED] Creation of dynamic property App\Controllers\Data::$dataModel is deprecated in APPPATH\Controllers\Data.php on line 19.
 1 SYSTEMPATH\CodeIgniter.php(903): App\Controllers\Data->__construct()
 2 SYSTEMPATH\CodeIgniter.php(500): CodeIgniter\CodeIgniter->createController()
 3 SYSTEMPATH\CodeIgniter.php(355): CodeIgniter\CodeIgniter->handleRequest(null, Object(Config\Cache), false)
 4 SYSTEMPATH\Boot.php(312): CodeIgniter\CodeIgniter->run()
 5 SYSTEMPATH\Boot.php(67): CodeIgniter\Boot::runCodeIgniter(Object(CodeIgniter\CodeIgniter))
 6 FCPATH\index.php(56): CodeIgniter\Boot::bootWeb(Object(Config\Paths))
 7 SYSTEMPATH\Commands\Server\rewrite.php(49): require_once('C:\\xampp\\htdocs\\prospera\\public\\index.php')
WARNING - 2024-07-22 07:44:07 --> [DEPRECATED] Creation of dynamic property App\Controllers\Data::$desaModel is deprecated in APPPATH\Controllers\Data.php on line 20.
 1 SYSTEMPATH\CodeIgniter.php(903): App\Controllers\Data->__construct()
 2 SYSTEMPATH\CodeIgniter.php(500): CodeIgniter\CodeIgniter->createController()
 3 SYSTEMPATH\CodeIgniter.php(355): CodeIgniter\CodeIgniter->handleRequest(null, Object(Config\Cache), false)
 4 SYSTEMPATH\Boot.php(312): CodeIgniter\CodeIgniter->run()
 5 SYSTEMPATH\Boot.php(67): CodeIgniter\Boot::runCodeIgniter(Object(CodeIgniter\CodeIgniter))
 6 FCPATH\index.php(56): CodeIgniter\Boot::bootWeb(Object(Config\Paths))
 7 SYSTEMPATH\Commands\Server\rewrite.php(49): require_once('C:\\xampp\\htdocs\\prospera\\public\\index.php')
WARNING - 2024-07-22 07:44:07 --> [DEPRECATED] Creation of dynamic property App\Controllers\Data::$kecamatanModel is deprecated in APPPATH\Controllers\Data.php on line 21.
 1 SYSTEMPATH\CodeIgniter.php(903): App\Controllers\Data->__construct()
 2 SYSTEMPATH\CodeIgniter.php(500): CodeIgniter\CodeIgniter->createController()
 3 SYSTEMPATH\CodeIgniter.php(355): CodeIgniter\CodeIgniter->handleRequest(null, Object(Config\Cache), false)
 4 SYSTEMPATH\Boot.php(312): CodeIgniter\CodeIgniter->run()
 5 SYSTEMPATH\Boot.php(67): CodeIgniter\Boot::runCodeIgniter(Object(CodeIgniter\CodeIgniter))
 6 FCPATH\index.php(56): CodeIgniter\Boot::bootWeb(Object(Config\Paths))
 7 SYSTEMPATH\Commands\Server\rewrite.php(49): require_once('C:\\xampp\\htdocs\\prospera\\public\\index.php')
WARNING - 2024-07-22 07:44:07 --> [DEPRECATED] Creation of dynamic property App\Controllers\Data::$quesModel is deprecated in APPPATH\Controllers\Data.php on line 22.
 1 SYSTEMPATH\CodeIgniter.php(903): App\Controllers\Data->__construct()
 2 SYSTEMPATH\CodeIgniter.php(500): CodeIgniter\CodeIgniter->createController()
 3 SYSTEMPATH\CodeIgniter.php(355): CodeIgniter\CodeIgniter->handleRequest(null, Object(Config\Cache), false)
 4 SYSTEMPATH\Boot.php(312): CodeIgniter\CodeIgniter->run()
 5 SYSTEMPATH\Boot.php(67): CodeIgniter\Boot::runCodeIgniter(Object(CodeIgniter\CodeIgniter))
 6 FCPATH\index.php(56): CodeIgniter\Boot::bootWeb(Object(Config\Paths))
 7 SYSTEMPATH\Commands\Server\rewrite.php(49): require_once('C:\\xampp\\htdocs\\prospera\\public\\index.php')
WARNING - 2024-07-22 07:44:07 --> [DEPRECATED] Creation of dynamic property App\Controllers\Data::$slsModel is deprecated in APPPATH\Controllers\Data.php on line 23.
 1 SYSTEMPATH\CodeIgniter.php(903): App\Controllers\Data->__construct()
 2 SYSTEMPATH\CodeIgniter.php(500): CodeIgniter\CodeIgniter->createController()
 3 SYSTEMPATH\CodeIgniter.php(355): CodeIgniter\CodeIgniter->handleRequest(null, Object(Config\Cache), false)
 4 SYSTEMPATH\Boot.php(312): CodeIgniter\CodeIgniter->run()
 5 SYSTEMPATH\Boot.php(67): CodeIgniter\Boot::runCodeIgniter(Object(CodeIgniter\CodeIgniter))
 6 FCPATH\index.php(56): CodeIgniter\Boot::bootWeb(Object(Config\Paths))
 7 SYSTEMPATH\Commands\Server\rewrite.php(49): require_once('C:\\xampp\\htdocs\\prospera\\public\\index.php')
WARNING - 2024-07-22 07:44:07 --> [DEPRECATED] Creation of dynamic property App\Controllers\Data::$uri is deprecated in APPPATH\Controllers\Data.php on line 24.
 1 SYSTEMPATH\CodeIgniter.php(903): App\Controllers\Data->__construct()
 2 SYSTEMPATH\CodeIgniter.php(500): CodeIgniter\CodeIgniter->createController()
 3 SYSTEMPATH\CodeIgniter.php(355): CodeIgniter\CodeIgniter->handleRequest(null, Object(Config\Cache), false)
 4 SYSTEMPATH\Boot.php(312): CodeIgniter\CodeIgniter->run()
 5 SYSTEMPATH\Boot.php(67): CodeIgniter\Boot::runCodeIgniter(Object(CodeIgniter\CodeIgniter))
 6 FCPATH\index.php(56): CodeIgniter\Boot::bootWeb(Object(Config\Paths))
 7 SYSTEMPATH\Commands\Server\rewrite.php(49): require_once('C:\\xampp\\htdocs\\prospera\\public\\index.php')
INFO - 2024-07-22 07:44:07 --> Session: Class initialized using 'CodeIgniter\Session\Handlers\FileHandler' driver.
WARNING - 2024-07-22 07:44:10 --> [DEPRECATED] Creation of dynamic property App\Controllers\Data::$dataModel is deprecated in APPPATH\Controllers\Data.php on line 19.
 1 SYSTEMPATH\CodeIgniter.php(903): App\Controllers\Data->__construct()
 2 SYSTEMPATH\CodeIgniter.php(500): CodeIgniter\CodeIgniter->createController()
 3 SYSTEMPATH\CodeIgniter.php(355): CodeIgniter\CodeIgniter->handleRequest(null, Object(Config\Cache), false)
 4 SYSTEMPATH\Boot.php(312): CodeIgniter\CodeIgniter->run()
 5 SYSTEMPATH\Boot.php(67): CodeIgniter\Boot::runCodeIgniter(Object(CodeIgniter\CodeIgniter))
 6 FCPATH\index.php(56): CodeIgniter\Boot::bootWeb(Object(Config\Paths))
 7 SYSTEMPATH\Commands\Server\rewrite.php(49): require_once('C:\\xampp\\htdocs\\prospera\\public\\index.php')
WARNING - 2024-07-22 07:44:10 --> [DEPRECATED] Creation of dynamic property App\Controllers\Data::$desaModel is deprecated in APPPATH\Controllers\Data.php on line 20.
 1 SYSTEMPATH\CodeIgniter.php(903): App\Controllers\Data->__construct()
 2 SYSTEMPATH\CodeIgniter.php(500): CodeIgniter\CodeIgniter->createController()
 3 SYSTEMPATH\CodeIgniter.php(355): CodeIgniter\CodeIgniter->handleRequest(null, Object(Config\Cache), false)
 4 SYSTEMPATH\Boot.php(312): CodeIgniter\CodeIgniter->run()
 5 SYSTEMPATH\Boot.php(67): CodeIgniter\Boot::runCodeIgniter(Object(CodeIgniter\CodeIgniter))
 6 FCPATH\index.php(56): CodeIgniter\Boot::bootWeb(Object(Config\Paths))
 7 SYSTEMPATH\Commands\Server\rewrite.php(49): require_once('C:\\xampp\\htdocs\\prospera\\public\\index.php')
WARNING - 2024-07-22 07:44:10 --> [DEPRECATED] Creation of dynamic property App\Controllers\Data::$kecamatanModel is deprecated in APPPATH\Controllers\Data.php on line 21.
 1 SYSTEMPATH\CodeIgniter.php(903): App\Controllers\Data->__construct()
 2 SYSTEMPATH\CodeIgniter.php(500): CodeIgniter\CodeIgniter->createController()
 3 SYSTEMPATH\CodeIgniter.php(355): CodeIgniter\CodeIgniter->handleRequest(null, Object(Config\Cache), false)
 4 SYSTEMPATH\Boot.php(312): CodeIgniter\CodeIgniter->run()
 5 SYSTEMPATH\Boot.php(67): CodeIgniter\Boot::runCodeIgniter(Object(CodeIgniter\CodeIgniter))
 6 FCPATH\index.php(56): CodeIgniter\Boot::bootWeb(Object(Config\Paths))
 7 SYSTEMPATH\Commands\Server\rewrite.php(49): require_once('C:\\xampp\\htdocs\\prospera\\public\\index.php')
WARNING - 2024-07-22 07:44:10 --> [DEPRECATED] Creation of dynamic property App\Controllers\Data::$quesModel is deprecated in APPPATH\Controllers\Data.php on line 22.
 1 SYSTEMPATH\CodeIgniter.php(903): App\Controllers\Data->__construct()
 2 SYSTEMPATH\CodeIgniter.php(500): CodeIgniter\CodeIgniter->createController()
 3 SYSTEMPATH\CodeIgniter.php(355): CodeIgniter\CodeIgniter->handleRequest(null, Object(Config\Cache), false)
 4 SYSTEMPATH\Boot.php(312): CodeIgniter\CodeIgniter->run()
 5 SYSTEMPATH\Boot.php(67): CodeIgniter\Boot::runCodeIgniter(Object(CodeIgniter\CodeIgniter))
 6 FCPATH\index.php(56): CodeIgniter\Boot::bootWeb(Object(Config\Paths))
 7 SYSTEMPATH\Commands\Server\rewrite.php(49): require_once('C:\\xampp\\htdocs\\prospera\\public\\index.php')
WARNING - 2024-07-22 07:44:10 --> [DEPRECATED] Creation of dynamic property App\Controllers\Data::$slsModel is deprecated in APPPATH\Controllers\Data.php on line 23.
 1 SYSTEMPATH\CodeIgniter.php(903): App\Controllers\Data->__construct()
 2 SYSTEMPATH\CodeIgniter.php(500): CodeIgniter\CodeIgniter->createController()
 3 SYSTEMPATH\CodeIgniter.php(355): CodeIgniter\CodeIgniter->handleRequest(null, Object(Config\Cache), false)
 4 SYSTEMPATH\Boot.php(312): CodeIgniter\CodeIgniter->run()
 5 SYSTEMPATH\Boot.php(67): CodeIgniter\Boot::runCodeIgniter(Object(CodeIgniter\CodeIgniter))
 6 FCPATH\index.php(56): CodeIgniter\Boot::bootWeb(Object(Config\Paths))
 7 SYSTEMPATH\Commands\Server\rewrite.php(49): require_once('C:\\xampp\\htdocs\\prospera\\public\\index.php')
WARNING - 2024-07-22 07:44:10 --> [DEPRECATED] Creation of dynamic property App\Controllers\Data::$uri is deprecated in APPPATH\Controllers\Data.php on line 24.
 1 SYSTEMPATH\CodeIgniter.php(903): App\Controllers\Data->__construct()
 2 SYSTEMPATH\CodeIgniter.php(500): CodeIgniter\CodeIgniter->createController()
 3 SYSTEMPATH\CodeIgniter.php(355): CodeIgniter\CodeIgniter->handleRequest(null, Object(Config\Cache), false)
 4 SYSTEMPATH\Boot.php(312): CodeIgniter\CodeIgniter->run()
 5 SYSTEMPATH\Boot.php(67): CodeIgniter\Boot::runCodeIgniter(Object(CodeIgniter\CodeIgniter))
 6 FCPATH\index.php(56): CodeIgniter\Boot::bootWeb(Object(Config\Paths))
 7 SYSTEMPATH\Commands\Server\rewrite.php(49): require_once('C:\\xampp\\htdocs\\prospera\\public\\index.php')
INFO - 2024-07-22 07:44:10 --> Session: Class initialized using 'CodeIgniter\Session\Handlers\FileHandler' driver.
